2026-04-23 01:15:34.352  INFO [main] c.b.i.l.LoginApplicationTests - Starting LoginApplicationTests using Java 21.0.10 with PID 7969 (started by thiagocintra in /Users/thiagocintra/Documents/gitdevelopment/itau/LoginService)
2026-04-23 01:15:34.355  INFO [main] c.b.i.l.LoginApplicationTests - No active profile set, falling back to 1 default profile: "default"
2026-04-23 01:15:34.685  INFO [main] o.s.d.r.c.RepositoryConfigurationDelegate - Multiple Spring Data modules found, entering strict repository configuration mode
2026-04-23 01:15:34.686  INFO [main] o.s.d.r.c.RepositoryConfigurationDelegate - Bootstrapping Spring Data JPA repositories in DEFAULT mode.
2026-04-23 01:15:34.697  INFO [main] o.s.d.r.c.RepositoryConfigurationDelegate - Finished Spring Data repository scanning in 6 ms. Found 0 JPA repository interfaces.
2026-04-23 01:15:34.721  INFO [main] o.s.d.r.c.RepositoryConfigurationDelegate - Multiple Spring Data modules found, entering strict repository configuration mode
2026-04-23 01:15:34.722  INFO [main] o.s.d.r.c.RepositoryConfigurationDelegate - Bootstrapping Spring Data Redis repositories in DEFAULT mode.
2026-04-23 01:15:34.729  INFO [main] o.s.d.r.c.RepositoryConfigurationDelegate - Finished Spring Data repository scanning in 1 ms. Found 0 Redis repository interfaces.
2026-04-23 01:15:34.981  WARN [main] o.s.w.c.s.GenericWebApplicationContext - Exception encountered during context initialization - cancelling refresh attempt: org.springframework.beans.factory.BeanCreationException: Error creating bean with name 'entityManagerFactory' defined in class path resource [org/springframework/boot/hibernate/autoconfigure/HibernateJpaConfiguration.class]: Failed to initialize dependency 'dataSourceScriptDatabaseInitializer' of LoadTimeWeaverAware bean 'entityManagerFactory': Error creating bean with name 'dataSourceScriptDatabaseInitializer' defined in class path resource [org/springframework/boot/jdbc/autoconfigure/DataSourceInitializationAutoConfiguration.class]: Unsatisfied dependency expressed through method 'dataSourceScriptDatabaseInitializer' parameter 0: Error creating bean with name 'dataSource' defined in class path resource [org/springframework/boot/jdbc/autoconfigure/DataSourceConfiguration$Hikari.class]: Failed to instantiate [com.zaxxer.hikari.HikariDataSource]: Factory method 'dataSource' threw exception with message: Cannot load driver class: org.h2.Driver
2026-04-23 01:15:34.990  INFO [main] o.s.b.a.l.ConditionEvaluationReportLogger - 

Error starting ApplicationContext. To display the condition evaluation report re-run your application with 'debug' enabled.
2026-04-23 01:15:34.996 ERROR [main] o.s.b.SpringApplication - Application run failed
org.springframework.beans.factory.BeanCreationException: Error creating bean with name 'entityManagerFactory' defined in class path resource [org/springframework/boot/hibernate/autoconfigure/HibernateJpaConfiguration.class]: Failed to initialize dependency 'dataSourceScriptDatabaseInitializer' of LoadTimeWeaverAware bean 'entityManagerFactory': Error creating bean with name 'dataSourceScriptDatabaseInitializer' defined in class path resource [org/springframework/boot/jdbc/autoconfigure/DataSourceInitializationAutoConfiguration.class]: Unsatisfied dependency expressed through method 'dataSourceScriptDatabaseInitializer' parameter 0: Error creating bean with name 'dataSource' defined in class path resource [org/springframework/boot/jdbc/autoconfigure/DataSourceConfiguration$Hikari.class]: Failed to instantiate [com.zaxxer.hikari.HikariDataSource]: Factory method 'dataSource' threw exception with message: Cannot load driver class: org.h2.Driver
	at org.springframework.beans.factory.support.AbstractBeanFactory.doGetBean(AbstractBeanFactory.java:322)
	at org.springframework.beans.factory.support.AbstractBeanFactory.getBean(AbstractBeanFactory.java:201)
	at org.springframework.context.support.AbstractApplicationContext.finishBeanFactoryInitialization(AbstractApplicationContext.java:977)
	at org.springframework.context.support.AbstractApplicationContext.refresh(AbstractApplicationContext.java:621)
	at org.springframework.boot.SpringApplication.refresh(SpringApplication.java:756)
	at org.springframework.boot.SpringApplication.refreshContext(SpringApplication.java:445)
	at org.springframework.boot.SpringApplication.run(SpringApplication.java:321)
	at org.springframework.boot.test.context.SpringBootContextLoader.lambda$loadContext$2(SpringBootContextLoader.java:155)
	at org.springframework.util.function.ThrowingSupplier.get(ThrowingSupplier.java:58)
	at org.springframework.util.function.ThrowingSupplier.get(ThrowingSupplier.java:46)
	at org.springframework.boot.SpringApplication.withHook(SpringApplication.java:1465)
	at org.springframework.boot.test.context.SpringBootContextLoader$ContextLoaderHook.run(SpringBootContextLoader.java:600)
	at org.springframework.boot.test.context.SpringBootContextLoader.loadContext(SpringBootContextLoader.java:155)
	at org.springframework.boot.test.context.SpringBootContextLoader.loadContext(SpringBootContextLoader.java:114)
	at org.springframework.test.context.cache.DefaultCacheAwareContextLoaderDelegate.loadContextInternal(DefaultCacheAwareContextLoaderDelegate.java:247)
	at org.springframework.test.context.cache.DefaultCacheAwareContextLoaderDelegate.lambda$loadContext$0(DefaultCacheAwareContextLoaderDelegate.java:167)
	at org.springframework.test.context.cache.DefaultContextCache.put(DefaultContextCache.java:214)
	at org.springframework.test.context.cache.DefaultCacheAwareContextLoaderDelegate.loadContext(DefaultCacheAwareContextLoaderDelegate.java:160)
	at org.springframework.test.context.support.DefaultTestContext.getApplicationContext(DefaultTestContext.java:128)
	at org.springframework.test.context.web.ServletTestExecutionListener.setUpRequestContextIfNecessary(ServletTestExecutionListener.java:200)
	at org.springframework.test.context.web.ServletTestExecutionListener.prepareTestInstance(ServletTestExecutionListener.java:139)
	at org.springframework.test.context.TestContextManager.prepareTestInstance(TestContextManager.java:260)
	at org.springframework.test.context.junit.jupiter.SpringExtension.postProcessTestInstance(SpringExtension.java:210)
	at org.junit.jupiter.engine.descriptor.ClassBasedTestDescriptor.lambda$invokeTestInstancePostProcessors$1(ClassBasedTestDescriptor.java:423)
	at org.junit.jupiter.engine.descriptor.ClassBasedTestDescriptor.executeAndMaskThrowable(ClassBasedTestDescriptor.java:428)
	at org.junit.jupiter.engine.descriptor.ClassBasedTestDescriptor.lambda$invokeTestInstancePostProcessors$0(ClassBasedTestDescriptor.java:422)
	at java.base/java.util.stream.ForEachOps$ForEachOp$OfRef.accept(ForEachOps.java:184)
	at java.base/java.util.stream.ReferencePipeline$3$1.accept(ReferencePipeline.java:197)
	at java.base/java.util.stream.ReferencePipeline$2$1.accept(ReferencePipeline.java:179)
	at java.base/java.util.stream.ReferencePipeline$3$1.accept(ReferencePipeline.java:197)
	at java.base/java.util.ArrayList$ArrayListSpliterator.forEachRemaining(ArrayList.java:1708)
	at java.base/java.util.stream.AbstractPipeline.copyInto(AbstractPipeline.java:509)
	at java.base/java.util.stream.AbstractPipeline.wrapAndCopyInto(AbstractPipeline.java:499)
	at java.base/java.util.stream.ForEachOps$ForEachOp.evaluateSequential(ForEachOps.java:151)
	at java.base/java.util.stream.ForEachOps$ForEachOp$OfRef.evaluateSequential(ForEachOps.java:174)
	at java.base/java.util.stream.AbstractPipeline.evaluate(AbstractPipeline.java:234)
	at java.base/java.util.stream.ReferencePipeline.forEach(ReferencePipeline.java:596)
	at org.junit.jupiter.engine.descriptor.ClassBasedTestDescriptor.invokeTestInstancePostProcessors(ClassBasedTestDescriptor.java:422)
	at org.junit.jupiter.engine.descriptor.ClassBasedTestDescriptor.lambda$instantiateAndPostProcessTestInstance$0(ClassBasedTestDescriptor.java:334)
	at org.junit.platform.engine.support.hierarchical.ThrowableCollector.execute(ThrowableCollector.java:74)
	at org.junit.jupiter.engine.descriptor.ClassBasedTestDescriptor.instantiateAndPostProcessTestInstance(ClassBasedTestDescriptor.java:333)
	at org.junit.jupiter.engine.descriptor.ClassBasedTestDescriptor.lambda$testInstancesProvider$1(ClassBasedTestDescriptor.java:322)
	at java.base/java.util.Optional.orElseGet(Optional.java:364)
	at org.junit.jupiter.engine.descriptor.ClassBasedTestDescriptor.lambda$testInstancesProvider$0(ClassBasedTestDescriptor.java:321)
	at org.junit.jupiter.engine.execution.TestInstancesProvider.getTestInstances(TestInstancesProvider.java:27)
	at org.junit.jupiter.engine.descriptor.TestMethodTestDescriptor.lambda$prepare$0(TestMethodTestDescriptor.java:127)
	at org.junit.platform.engine.support.hierarchical.ThrowableCollector.execute(ThrowableCollector.java:74)
	at org.junit.jupiter.engine.descriptor.TestMethodTestDescriptor.prepare(TestMethodTestDescriptor.java:126)
	at org.junit.jupiter.engine.descriptor.TestMethodTestDescriptor.prepare(TestMethodTestDescriptor.java:70)
	at org.junit.platform.engine.support.hierarchical.NodeTestTask.lambda$prepare$0(NodeTestTask.java:144)
	at org.junit.platform.engine.support.hierarchical.ThrowableCollector.execute(ThrowableCollector.java:74)
	at org.junit.platform.engine.support.hierarchical.NodeTestTask.prepare(NodeTestTask.java:144)
	at org.junit.platform.engine.support.hierarchical.NodeTestTask.execute(NodeTestTask.java:110)
	at java.base/java.util.ArrayList.forEach(ArrayList.java:1596)
	at org.junit.platform.engine.support.hierarchical.SameThreadHierarchicalTestExecutorService.invokeAll(SameThreadHierarchicalTestExecutorService.java:42)
	at org.junit.platform.engine.support.hierarchical.NodeTestTask.lambda$executeRecursively$2(NodeTestTask.java:180)
	at org.junit.platform.engine.support.hierarchical.ThrowableCollector.execute(ThrowableCollector.java:74)
	at org.junit.platform.engine.support.hierarchical.NodeTestTask.lambda$executeRecursively$1(NodeTestTask.java:166)
	at org.junit.platform.engine.support.hierarchical.Node.around(Node.java:138)
	at org.junit.platform.engine.support.hierarchical.NodeTestTask.lambda$executeRecursively$0(NodeTestTask.java:164)
	at org.junit.platform.engine.support.hierarchical.ThrowableCollector.execute(ThrowableCollector.java:74)
	at org.junit.platform.engine.support.hierarchical.NodeTestTask.executeRecursively(NodeTestTask.java:163)
	at org.junit.platform.engine.support.hierarchical.NodeTestTask.execute(NodeTestTask.java:116)
	at java.base/java.util.ArrayList.forEach(ArrayList.java:1596)
	at org.junit.platform.engine.support.hierarchical.SameThreadHierarchicalTestExecutorService.invokeAll(SameThreadHierarchicalTestExecutorService.java:42)
	at org.junit.platform.engine.support.hierarchical.NodeTestTask.lambda$executeRecursively$2(NodeTestTask.java:180)
	at org.junit.platform.engine.support.hierarchical.ThrowableCollector.execute(ThrowableCollector.java:74)
	at org.junit.platform.engine.support.hierarchical.NodeTestTask.lambda$executeRecursively$1(NodeTestTask.java:166)
	at org.junit.platform.engine.support.hierarchical.Node.around(Node.java:138)
	at org.junit.platform.engine.support.hierarchical.NodeTestTask.lambda$executeRecursively$0(NodeTestTask.java:164)
	at org.junit.platform.engine.support.hierarchical.ThrowableCollector.execute(ThrowableCollector.java:74)
	at org.junit.platform.engine.support.hierarchical.NodeTestTask.executeRecursively(NodeTestTask.java:163)
	at org.junit.platform.engine.support.hierarchical.NodeTestTask.execute(NodeTestTask.java:116)
	at org.junit.platform.engine.support.hierarchical.SameThreadHierarchicalTestExecutorService.submit(SameThreadHierarchicalTestExecutorService.java:36)
	at org.junit.platform.engine.support.hierarchical.HierarchicalTestExecutor.execute(HierarchicalTestExecutor.java:52)
	at org.junit.platform.engine.support.hierarchical.HierarchicalTestEngine.execute(HierarchicalTestEngine.java:58)
	at org.junit.platform.launcher.core.EngineExecutionOrchestrator.executeEngine(EngineExecutionOrchestrator.java:246)
	at org.junit.platform.launcher.core.EngineExecutionOrchestrator.failOrExecuteEngine(EngineExecutionOrchestrator.java:218)
	at org.junit.platform.launcher.core.EngineExecutionOrchestrator.execute(EngineExecutionOrchestrator.java:179)
	at org.junit.platform.launcher.core.EngineExecutionOrchestrator.execute(EngineExecutionOrchestrator.java:108)
	at org.junit.platform.launcher.core.EngineExecutionOrchestrator.lambda$execute$0(EngineExecutionOrchestrator.java:66)
	at org.junit.platform.launcher.core.EngineExecutionOrchestrator.withInterceptedStreams(EngineExecutionOrchestrator.java:157)
	at org.junit.platform.launcher.core.EngineExecutionOrchestrator.execute(EngineExecutionOrchestrator.java:65)
	at org.junit.platform.launcher.core.DefaultLauncher.execute(DefaultLauncher.java:125)
	at org.junit.platform.launcher.core.DefaultLauncher.execute(DefaultLauncher.java:114)
	at org.junit.platform.launcher.core.DelegatingLauncher.execute(DelegatingLauncher.java:58)
	at org.junit.platform.launcher.core.InterceptingLauncher.lambda$execute$2(InterceptingLauncher.java:57)
	at org.junit.platform.launcher.core.ClasspathAlignmentCheckingLauncherInterceptor.intercept(ClasspathAlignmentCheckingLauncherInterceptor.java:25)
	at org.junit.platform.launcher.core.InterceptingLauncher.execute(InterceptingLauncher.java:56)
	at org.junit.platform.launcher.core.DelegatingLauncher.execute(DelegatingLauncher.java:58)
	at java.base/jdk.internal.reflect.DirectMethodHandleAccessor.invoke(DirectMethodHandleAccessor.java:103)
	at java.base/java.lang.reflect.Method.invoke(Method.java:580)
	at org.apache.maven.surefire.api.util.ReflectionUtils.invokeMethodWithArray(ReflectionUtils.java:125)
	at org.apache.maven.surefire.junitplatform.LauncherAdapter.executeWithCancellationToken(LauncherAdapter.java:68)
	at org.apache.maven.surefire.junitplatform.LauncherAdapter.execute(LauncherAdapter.java:54)
	at org.apache.maven.surefire.junitplatform.JUnitPlatformProvider.execute(JUnitPlatformProvider.java:203)
	at org.apache.maven.surefire.junitplatform.JUnitPlatformProvider.invokeAllTests(JUnitPlatformProvider.java:168)
	at org.apache.maven.surefire.junitplatform.JUnitPlatformProvider.invoke(JUnitPlatformProvider.java:136)
	at org.apache.maven.surefire.booter.ForkedBooter.runSuitesInProcess(ForkedBooter.java:385)
	at org.apache.maven.surefire.booter.ForkedBooter.execute(ForkedBooter.java:162)
	at org.apache.maven.surefire.booter.ForkedBooter.run(ForkedBooter.java:507)
	at org.apache.maven.surefire.booter.ForkedBooter.main(ForkedBooter.java:495)
Caused by: org.springframework.beans.factory.UnsatisfiedDependencyException: Error creating bean with name 'dataSourceScriptDatabaseInitializer' defined in class path resource [org/springframework/boot/jdbc/autoconfigure/DataSourceInitializationAutoConfiguration.class]: Unsatisfied dependency expressed through method 'dataSourceScriptDatabaseInitializer' parameter 0: Error creating bean with name 'dataSource' defined in class path resource [org/springframework/boot/jdbc/autoconfigure/DataSourceConfiguration$Hikari.class]: Failed to instantiate [com.zaxxer.hikari.HikariDataSource]: Factory method 'dataSource' threw exception with message: Cannot load driver class: org.h2.Driver
	at org.springframework.beans.factory.support.ConstructorResolver.createArgumentArray(ConstructorResolver.java:804)
	at org.springframework.beans.factory.support.ConstructorResolver.instantiateUsingFactoryMethod(ConstructorResolver.java:546)
	at org.springframework.beans.factory.support.AbstractAutowireCapableBeanFactory.instantiateUsingFactoryMethod(AbstractAutowireCapableBeanFactory.java:1362)
	at org.springframework.beans.factory.support.AbstractAutowireCapableBeanFactory.createBeanInstance(AbstractAutowireCapableBeanFactory.java:1194)
	at org.springframework.beans.factory.support.AbstractAutowireCapableBeanFactory.doCreateBean(AbstractAutowireCapableBeanFactory.java:565)
	at org.springframework.beans.factory.support.AbstractAutowireCapableBeanFactory.createBean(AbstractAutowireCapableBeanFactory.java:525)
	at org.springframework.beans.factory.support.AbstractBeanFactory.lambda$doGetBean$0(AbstractBeanFactory.java:333)
	at org.springframework.beans.factory.support.DefaultSingletonBeanRegistry.getSingleton(DefaultSingletonBeanRegistry.java:371)
	at org.springframework.beans.factory.support.AbstractBeanFactory.doGetBean(AbstractBeanFactory.java:331)
	at org.springframework.beans.factory.support.AbstractBeanFactory.getBean(AbstractBeanFactory.java:196)
	at org.springframework.beans.factory.support.AbstractBeanFactory.doGetBean(AbstractBeanFactory.java:309)
	... 101 common frames omitted
Caused by: org.springframework.beans.factory.BeanCreationException: Error creating bean with name 'dataSource' defined in class path resource [org/springframework/boot/jdbc/autoconfigure/DataSourceConfiguration$Hikari.class]: Failed to instantiate [com.zaxxer.hikari.HikariDataSource]: Factory method 'dataSource' threw exception with message: Cannot load driver class: org.h2.Driver
	at org.springframework.beans.factory.support.ConstructorResolver.instantiate(ConstructorResolver.java:657)
	at org.springframework.beans.factory.support.ConstructorResolver.instantiateUsingFactoryMethod(ConstructorResolver.java:645)
	at org.springframework.beans.factory.support.AbstractAutowireCapableBeanFactory.instantiateUsingFactoryMethod(AbstractAutowireCapableBeanFactory.java:1362)
	at org.springframework.beans.factory.support.AbstractAutowireCapableBeanFactory.createBeanInstance(AbstractAutowireCapableBeanFactory.java:1194)
	at org.springframework.beans.factory.support.AbstractAutowireCapableBeanFactory.doCreateBean(AbstractAutowireCapableBeanFactory.java:565)
	at org.springframework.beans.factory.support.AbstractAutowireCapableBeanFactory.createBean(AbstractAutowireCapableBeanFactory.java:525)
	at org.springframework.beans.factory.support.AbstractBeanFactory.lambda$doGetBean$0(AbstractBeanFactory.java:333)
	at org.springframework.beans.factory.support.DefaultSingletonBeanRegistry.getSingleton(DefaultSingletonBeanRegistry.java:371)
	at org.springframework.beans.factory.support.AbstractBeanFactory.doGetBean(AbstractBeanFactory.java:331)
	at org.springframework.beans.factory.support.AbstractBeanFactory.getBean(AbstractBeanFactory.java:201)
	at org.springframework.beans.factory.support.DefaultListableBeanFactory.resolveBean(DefaultListableBeanFactory.java:1225)
	at org.springframework.beans.factory.support.DefaultListableBeanFactory.doResolveDependency(DefaultListableBeanFactory.java:1704)
	at org.springframework.beans.factory.support.DefaultListableBeanFactory.resolveDependency(DefaultListableBeanFactory.java:1651)
	at org.springframework.beans.factory.support.ConstructorResolver.resolveAutowiredArgument(ConstructorResolver.java:912)
	at org.springframework.beans.factory.support.ConstructorResolver.createArgumentArray(ConstructorResolver.java:791)
	... 111 common frames omitted
Caused by: org.springframework.beans.BeanInstantiationException: Failed to instantiate [com.zaxxer.hikari.HikariDataSource]: Factory method 'dataSource' threw exception with message: Cannot load driver class: org.h2.Driver
	at org.springframework.beans.factory.support.SimpleInstantiationStrategy.lambda$instantiate$0(SimpleInstantiationStrategy.java:183)
	at org.springframework.beans.factory.support.SimpleInstantiationStrategy.instantiateWithFactoryMethod(SimpleInstantiationStrategy.java:72)
	at org.springframework.beans.factory.support.SimpleInstantiationStrategy.instantiate(SimpleInstantiationStrategy.java:152)
	at org.springframework.beans.factory.support.ConstructorResolver.instantiate(ConstructorResolver.java:653)
	... 125 common frames omitted
Caused by: java.lang.IllegalStateException: Cannot load driver class: org.h2.Driver
	at org.springframework.util.Assert.state(Assert.java:102)
	at org.springframework.boot.jdbc.autoconfigure.DataSourceProperties.findDriverClassName(DataSourceProperties.java:187)
	at org.springframework.boot.jdbc.autoconfigure.DataSourceProperties.determineDriverClassName(DataSourceProperties.java:177)
	at org.springframework.boot.jdbc.autoconfigure.PropertiesJdbcConnectionDetails.getDriverClassName(PropertiesJdbcConnectionDetails.java:51)
	at org.springframework.boot.jdbc.autoconfigure.DataSourceConfiguration.createDataSource(DataSourceConfiguration.java:63)
	at org.springframework.boot.jdbc.autoconfigure.DataSourceConfiguration$Hikari.dataSource(DataSourceConfiguration.java:128)
	at java.base/jdk.internal.reflect.DirectMethodHandleAccessor.invoke(DirectMethodHandleAccessor.java:103)
	at java.base/java.lang.reflect.Method.invoke(Method.java:580)
	at org.springframework.beans.factory.support.SimpleInstantiationStrategy.lambda$instantiate$0(SimpleInstantiationStrategy.java:155)
	... 128 common frames omitted
2026-04-23 01:15:35.001  WARN [main] o.s.t.c.TestContextManager - Caught exception while allowing TestExecutionListener [org.springframework.test.context.web.ServletTestExecutionListener] to prepare test instance [com.br.itau.login.LoginApplicationTests@2b7774d5]
java.lang.IllegalStateException: Failed to load ApplicationContext for [WebMergedContextConfiguration@2a19a0fe testClass = com.br.itau.login.LoginApplicationTests, locations = [], classes = [com.br.itau.login.LoginApplication], contextInitializerClasses = [], activeProfiles = [], propertySourceDescriptors = [], propertySourceProperties = ["org.springframework.boot.test.context.SpringBootTestContextBootstrapper=true"], contextCustomizers = [org.springframework.boot.web.server.context.SpringBootTestRandomPortContextCustomizer@34a97744, org.springframework.boot.test.context.PropertyMappingContextCustomizer@0, org.springframework.boot.test.context.filter.ExcludeFilterContextCustomizer@f6c03cb, org.springframework.boot.test.json.DuplicateJsonObjectContextCustomizerFactory$DuplicateJsonObjectContextCustomizer@5be067de, org.springframework.boot.test.autoconfigure.OnFailureConditionReportContextCustomizerFactory$OnFailureConditionReportContextCustomizer@7c7d3c46, org.springframework.test.context.support.DynamicPropertiesContextCustomizer@0, org.springframework.boot.test.context.SpringBootTestAnnotation@5b7aa5ea], resourceBasePath = "src/main/webapp", contextLoader = org.springframework.boot.test.context.SpringBootContextLoader, parent = null]
	at org.springframework.test.context.cache.DefaultCacheAwareContextLoaderDelegate.lambda$loadContext$0(DefaultCacheAwareContextLoaderDelegate.java:195)
	at org.springframework.test.context.cache.DefaultContextCache.put(DefaultContextCache.java:214)
	at org.springframework.test.context.cache.DefaultCacheAwareContextLoaderDelegate.loadContext(DefaultCacheAwareContextLoaderDelegate.java:160)
	at org.springframework.test.context.support.DefaultTestContext.getApplicationContext(DefaultTestContext.java:128)
	at org.springframework.test.context.web.ServletTestExecutionListener.setUpRequestContextIfNecessary(ServletTestExecutionListener.java:200)
	at org.springframework.test.context.web.ServletTestExecutionListener.prepareTestInstance(ServletTestExecutionListener.java:139)
	at org.springframework.test.context.TestContextManager.prepareTestInstance(TestContextManager.java:260)
	at org.springframework.test.context.junit.jupiter.SpringExtension.postProcessTestInstance(SpringExtension.java:210)
	at org.junit.jupiter.engine.descriptor.ClassBasedTestDescriptor.lambda$invokeTestInstancePostProcessors$1(ClassBasedTestDescriptor.java:423)
	at org.junit.jupiter.engine.descriptor.ClassBasedTestDescriptor.executeAndMaskThrowable(ClassBasedTestDescriptor.java:428)
	at org.junit.jupiter.engine.descriptor.ClassBasedTestDescriptor.lambda$invokeTestInstancePostProcessors$0(ClassBasedTestDescriptor.java:422)
	at java.base/java.util.stream.ForEachOps$ForEachOp$OfRef.accept(ForEachOps.java:184)
	at java.base/java.util.stream.ReferencePipeline$3$1.accept(ReferencePipeline.java:197)
	at java.base/java.util.stream.ReferencePipeline$2$1.accept(ReferencePipeline.java:179)
	at java.base/java.util.stream.ReferencePipeline$3$1.accept(ReferencePipeline.java:197)
	at java.base/java.util.ArrayList$ArrayListSpliterator.forEachRemaining(ArrayList.java:1708)
	at java.base/java.util.stream.AbstractPipeline.copyInto(AbstractPipeline.java:509)
	at java.base/java.util.stream.AbstractPipeline.wrapAndCopyInto(AbstractPipeline.java:499)
	at java.base/java.util.stream.ForEachOps$ForEachOp.evaluateSequential(ForEachOps.java:151)
	at java.base/java.util.stream.ForEachOps$ForEachOp$OfRef.evaluateSequential(ForEachOps.java:174)
	at java.base/java.util.stream.AbstractPipeline.evaluate(AbstractPipeline.java:234)
	at java.base/java.util.stream.ReferencePipeline.forEach(ReferencePipeline.java:596)
	at org.junit.jupiter.engine.descriptor.ClassBasedTestDescriptor.invokeTestInstancePostProcessors(ClassBasedTestDescriptor.java:422)
	at org.junit.jupiter.engine.descriptor.ClassBasedTestDescriptor.lambda$instantiateAndPostProcessTestInstance$0(ClassBasedTestDescriptor.java:334)
	at org.junit.platform.engine.support.hierarchical.ThrowableCollector.execute(ThrowableCollector.java:74)
	at org.junit.jupiter.engine.descriptor.ClassBasedTestDescriptor.instantiateAndPostProcessTestInstance(ClassBasedTestDescriptor.java:333)
	at org.junit.jupiter.engine.descriptor.ClassBasedTestDescriptor.lambda$testInstancesProvider$1(ClassBasedTestDescriptor.java:322)
	at java.base/java.util.Optional.orElseGet(Optional.java:364)
	at org.junit.jupiter.engine.descriptor.ClassBasedTestDescriptor.lambda$testInstancesProvider$0(ClassBasedTestDescriptor.java:321)
	at org.junit.jupiter.engine.execution.TestInstancesProvider.getTestInstances(TestInstancesProvider.java:27)
	at org.junit.jupiter.engine.descriptor.TestMethodTestDescriptor.lambda$prepare$0(TestMethodTestDescriptor.java:127)
	at org.junit.platform.engine.support.hierarchical.ThrowableCollector.execute(ThrowableCollector.java:74)
	at org.junit.jupiter.engine.descriptor.TestMethodTestDescriptor.prepare(TestMethodTestDescriptor.java:126)
	at org.junit.jupiter.engine.descriptor.TestMethodTestDescriptor.prepare(TestMethodTestDescriptor.java:70)
	at org.junit.platform.engine.support.hierarchical.NodeTestTask.lambda$prepare$0(NodeTestTask.java:144)
	at org.junit.platform.engine.support.hierarchical.ThrowableCollector.execute(ThrowableCollector.java:74)
	at org.junit.platform.engine.support.hierarchical.NodeTestTask.prepare(NodeTestTask.java:144)
	at org.junit.platform.engine.support.hierarchical.NodeTestTask.execute(NodeTestTask.java:110)
	at java.base/java.util.ArrayList.forEach(ArrayList.java:1596)
	at org.junit.platform.engine.support.hierarchical.SameThreadHierarchicalTestExecutorService.invokeAll(SameThreadHierarchicalTestExecutorService.java:42)
	at org.junit.platform.engine.support.hierarchical.NodeTestTask.lambda$executeRecursively$2(NodeTestTask.java:180)
	at org.junit.platform.engine.support.hierarchical.ThrowableCollector.execute(ThrowableCollector.java:74)
	at org.junit.platform.engine.support.hierarchical.NodeTestTask.lambda$executeRecursively$1(NodeTestTask.java:166)
	at org.junit.platform.engine.support.hierarchical.Node.around(Node.java:138)
	at org.junit.platform.engine.support.hierarchical.NodeTestTask.lambda$executeRecursively$0(NodeTestTask.java:164)
	at org.junit.platform.engine.support.hierarchical.ThrowableCollector.execute(ThrowableCollector.java:74)
	at org.junit.platform.engine.support.hierarchical.NodeTestTask.executeRecursively(NodeTestTask.java:163)
	at org.junit.platform.engine.support.hierarchical.NodeTestTask.execute(NodeTestTask.java:116)
	at java.base/java.util.ArrayList.forEach(ArrayList.java:1596)
	at org.junit.platform.engine.support.hierarchical.SameThreadHierarchicalTestExecutorService.invokeAll(SameThreadHierarchicalTestExecutorService.java:42)
	at org.junit.platform.engine.support.hierarchical.NodeTestTask.lambda$executeRecursively$2(NodeTestTask.java:180)
	at org.junit.platform.engine.support.hierarchical.ThrowableCollector.execute(ThrowableCollector.java:74)
	at org.junit.platform.engine.support.hierarchical.NodeTestTask.lambda$executeRecursively$1(NodeTestTask.java:166)
	at org.junit.platform.engine.support.hierarchical.Node.around(Node.java:138)
	at org.junit.platform.engine.support.hierarchical.NodeTestTask.lambda$executeRecursively$0(NodeTestTask.java:164)
	at org.junit.platform.engine.support.hierarchical.ThrowableCollector.execute(ThrowableCollector.java:74)
	at org.junit.platform.engine.support.hierarchical.NodeTestTask.executeRecursively(NodeTestTask.java:163)
	at org.junit.platform.engine.support.hierarchical.NodeTestTask.execute(NodeTestTask.java:116)
	at org.junit.platform.engine.support.hierarchical.SameThreadHierarchicalTestExecutorService.submit(SameThreadHierarchicalTestExecutorService.java:36)
	at org.junit.platform.engine.support.hierarchical.HierarchicalTestExecutor.execute(HierarchicalTestExecutor.java:52)
	at org.junit.platform.engine.support.hierarchical.HierarchicalTestEngine.execute(HierarchicalTestEngine.java:58)
	at org.junit.platform.launcher.core.EngineExecutionOrchestrator.executeEngine(EngineExecutionOrchestrator.java:246)
	at org.junit.platform.launcher.core.EngineExecutionOrchestrator.failOrExecuteEngine(EngineExecutionOrchestrator.java:218)
	at org.junit.platform.launcher.core.EngineExecutionOrchestrator.execute(EngineExecutionOrchestrator.java:179)
	at org.junit.platform.launcher.core.EngineExecutionOrchestrator.execute(EngineExecutionOrchestrator.java:108)
	at org.junit.platform.launcher.core.EngineExecutionOrchestrator.lambda$execute$0(EngineExecutionOrchestrator.java:66)
	at org.junit.platform.launcher.core.EngineExecutionOrchestrator.withInterceptedStreams(EngineExecutionOrchestrator.java:157)
	at org.junit.platform.launcher.core.EngineExecutionOrchestrator.execute(EngineExecutionOrchestrator.java:65)
	at org.junit.platform.launcher.core.DefaultLauncher.execute(DefaultLauncher.java:125)
	at org.junit.platform.launcher.core.DefaultLauncher.execute(DefaultLauncher.java:114)
	at org.junit.platform.launcher.core.DelegatingLauncher.execute(DelegatingLauncher.java:58)
	at org.junit.platform.launcher.core.InterceptingLauncher.lambda$execute$2(InterceptingLauncher.java:57)
	at org.junit.platform.launcher.core.ClasspathAlignmentCheckingLauncherInterceptor.intercept(ClasspathAlignmentCheckingLauncherInterceptor.java:25)
	at org.junit.platform.launcher.core.InterceptingLauncher.execute(InterceptingLauncher.java:56)
	at org.junit.platform.launcher.core.DelegatingLauncher.execute(DelegatingLauncher.java:58)
	at java.base/jdk.internal.reflect.DirectMethodHandleAccessor.invoke(DirectMethodHandleAccessor.java:103)
	at java.base/java.lang.reflect.Method.invoke(Method.java:580)
	at org.apache.maven.surefire.api.util.ReflectionUtils.invokeMethodWithArray(ReflectionUtils.java:125)
	at org.apache.maven.surefire.junitplatform.LauncherAdapter.executeWithCancellationToken(LauncherAdapter.java:68)
	at org.apache.maven.surefire.junitplatform.LauncherAdapter.execute(LauncherAdapter.java:54)
	at org.apache.maven.surefire.junitplatform.JUnitPlatformProvider.execute(JUnitPlatformProvider.java:203)
	at org.apache.maven.surefire.junitplatform.JUnitPlatformProvider.invokeAllTests(JUnitPlatformProvider.java:168)
	at org.apache.maven.surefire.junitplatform.JUnitPlatformProvider.invoke(JUnitPlatformProvider.java:136)
	at org.apache.maven.surefire.booter.ForkedBooter.runSuitesInProcess(ForkedBooter.java:385)
	at org.apache.maven.surefire.booter.ForkedBooter.execute(ForkedBooter.java:162)
	at org.apache.maven.surefire.booter.ForkedBooter.run(ForkedBooter.java:507)
	at org.apache.maven.surefire.booter.ForkedBooter.main(ForkedBooter.java:495)
Caused by: org.springframework.beans.factory.BeanCreationException: Error creating bean with name 'entityManagerFactory' defined in class path resource [org/springframework/boot/hibernate/autoconfigure/HibernateJpaConfiguration.class]: Failed to initialize dependency 'dataSourceScriptDatabaseInitializer' of LoadTimeWeaverAware bean 'entityManagerFactory': Error creating bean with name 'dataSourceScriptDatabaseInitializer' defined in class path resource [org/springframework/boot/jdbc/autoconfigure/DataSourceInitializationAutoConfiguration.class]: Unsatisfied dependency expressed through method 'dataSourceScriptDatabaseInitializer' parameter 0: Error creating bean with name 'dataSource' defined in class path resource [org/springframework/boot/jdbc/autoconfigure/DataSourceConfiguration$Hikari.class]: Failed to instantiate [com.zaxxer.hikari.HikariDataSource]: Factory method 'dataSource' threw exception with message: Cannot load driver class: org.h2.Driver
	at org.springframework.beans.factory.support.AbstractBeanFactory.doGetBean(AbstractBeanFactory.java:322)
	at org.springframework.beans.factory.support.AbstractBeanFactory.getBean(AbstractBeanFactory.java:201)
	at org.springframework.context.support.AbstractApplicationContext.finishBeanFactoryInitialization(AbstractApplicationContext.java:977)
	at org.springframework.context.support.AbstractApplicationContext.refresh(AbstractApplicationContext.java:621)
	at org.springframework.boot.SpringApplication.refresh(SpringApplication.java:756)
	at org.springframework.boot.SpringApplication.refreshContext(SpringApplication.java:445)
	at org.springframework.boot.SpringApplication.run(SpringApplication.java:321)
	at org.springframework.boot.test.context.SpringBootContextLoader.lambda$loadContext$2(SpringBootContextLoader.java:155)
	at org.springframework.util.function.ThrowingSupplier.get(ThrowingSupplier.java:58)
	at org.springframework.util.function.ThrowingSupplier.get(ThrowingSupplier.java:46)
	at org.springframework.boot.SpringApplication.withHook(SpringApplication.java:1465)
	at org.springframework.boot.test.context.SpringBootContextLoader$ContextLoaderHook.run(SpringBootContextLoader.java:600)
	at org.springframework.boot.test.context.SpringBootContextLoader.loadContext(SpringBootContextLoader.java:155)
	at org.springframework.boot.test.context.SpringBootContextLoader.loadContext(SpringBootContextLoader.java:114)
	at org.springframework.test.context.cache.DefaultCacheAwareContextLoaderDelegate.loadContextInternal(DefaultCacheAwareContextLoaderDelegate.java:247)
	at org.springframework.test.context.cache.DefaultCacheAwareContextLoaderDelegate.lambda$loadContext$0(DefaultCacheAwareContextLoaderDelegate.java:167)
	... 86 common frames omitted
Caused by: org.springframework.beans.factory.UnsatisfiedDependencyException: Error creating bean with name 'dataSourceScriptDatabaseInitializer' defined in class path resource [org/springframework/boot/jdbc/autoconfigure/DataSourceInitializationAutoConfiguration.class]: Unsatisfied dependency expressed through method 'dataSourceScriptDatabaseInitializer' parameter 0: Error creating bean with name 'dataSource' defined in class path resource [org/springframework/boot/jdbc/autoconfigure/DataSourceConfiguration$Hikari.class]: Failed to instantiate [com.zaxxer.hikari.HikariDataSource]: Factory method 'dataSource' threw exception with message: Cannot load driver class: org.h2.Driver
	at org.springframework.beans.factory.support.ConstructorResolver.createArgumentArray(ConstructorResolver.java:804)
	at org.springframework.beans.factory.support.ConstructorResolver.instantiateUsingFactoryMethod(ConstructorResolver.java:546)
	at org.springframework.beans.factory.support.AbstractAutowireCapableBeanFactory.instantiateUsingFactoryMethod(AbstractAutowireCapableBeanFactory.java:1362)
	at org.springframework.beans.factory.support.AbstractAutowireCapableBeanFactory.createBeanInstance(AbstractAutowireCapableBeanFactory.java:1194)
	at org.springframework.beans.factory.support.AbstractAutowireCapableBeanFactory.doCreateBean(AbstractAutowireCapableBeanFactory.java:565)
	at org.springframework.beans.factory.support.AbstractAutowireCapableBeanFactory.createBean(AbstractAutowireCapableBeanFactory.java:525)
	at org.springframework.beans.factory.support.AbstractBeanFactory.lambda$doGetBean$0(AbstractBeanFactory.java:333)
	at org.springframework.beans.factory.support.DefaultSingletonBeanRegistry.getSingleton(DefaultSingletonBeanRegistry.java:371)
	at org.springframework.beans.factory.support.AbstractBeanFactory.doGetBean(AbstractBeanFactory.java:331)
	at org.springframework.beans.factory.support.AbstractBeanFactory.getBean(AbstractBeanFactory.java:196)
	at org.springframework.beans.factory.support.AbstractBeanFactory.doGetBean(AbstractBeanFactory.java:309)
	... 101 common frames omitted
Caused by: org.springframework.beans.factory.BeanCreationException: Error creating bean with name 'dataSource' defined in class path resource [org/springframework/boot/jdbc/autoconfigure/DataSourceConfiguration$Hikari.class]: Failed to instantiate [com.zaxxer.hikari.HikariDataSource]: Factory method 'dataSource' threw exception with message: Cannot load driver class: org.h2.Driver
	at org.springframework.beans.factory.support.ConstructorResolver.instantiate(ConstructorResolver.java:657)
	at org.springframework.beans.factory.support.ConstructorResolver.instantiateUsingFactoryMethod(ConstructorResolver.java:645)
	at org.springframework.beans.factory.support.AbstractAutowireCapableBeanFactory.instantiateUsingFactoryMethod(AbstractAutowireCapableBeanFactory.java:1362)
	at org.springframework.beans.factory.support.AbstractAutowireCapableBeanFactory.createBeanInstance(AbstractAutowireCapableBeanFactory.java:1194)
	at org.springframework.beans.factory.support.AbstractAutowireCapableBeanFactory.doCreateBean(AbstractAutowireCapableBeanFactory.java:565)
	at org.springframework.beans.factory.support.AbstractAutowireCapableBeanFactory.createBean(AbstractAutowireCapableBeanFactory.java:525)
	at org.springframework.beans.factory.support.AbstractBeanFactory.lambda$doGetBean$0(AbstractBeanFactory.java:333)
	at org.springframework.beans.factory.support.DefaultSingletonBeanRegistry.getSingleton(DefaultSingletonBeanRegistry.java:371)
	at org.springframework.beans.factory.support.AbstractBeanFactory.doGetBean(AbstractBeanFactory.java:331)
	at org.springframework.beans.factory.support.AbstractBeanFactory.getBean(AbstractBeanFactory.java:201)
	at org.springframework.beans.factory.support.DefaultListableBeanFactory.resolveBean(DefaultListableBeanFactory.java:1225)
	at org.springframework.beans.factory.support.DefaultListableBeanFactory.doResolveDependency(DefaultListableBeanFactory.java:1704)
	at org.springframework.beans.factory.support.DefaultListableBeanFactory.resolveDependency(DefaultListableBeanFactory.java:1651)
	at org.springframework.beans.factory.support.ConstructorResolver.resolveAutowiredArgument(ConstructorResolver.java:912)
	at org.springframework.beans.factory.support.ConstructorResolver.createArgumentArray(ConstructorResolver.java:791)
	... 111 common frames omitted
Caused by: org.springframework.beans.BeanInstantiationException: Failed to instantiate [com.zaxxer.hikari.HikariDataSource]: Factory method 'dataSource' threw exception with message: Cannot load driver class: org.h2.Driver
	at org.springframework.beans.factory.support.SimpleInstantiationStrategy.lambda$instantiate$0(SimpleInstantiationStrategy.java:183)
	at org.springframework.beans.factory.support.SimpleInstantiationStrategy.instantiateWithFactoryMethod(SimpleInstantiationStrategy.java:72)
	at org.springframework.beans.factory.support.SimpleInstantiationStrategy.instantiate(SimpleInstantiationStrategy.java:152)
	at org.springframework.beans.factory.support.ConstructorResolver.instantiate(ConstructorResolver.java:653)
	... 125 common frames omitted
Caused by: java.lang.IllegalStateException: Cannot load driver class: org.h2.Driver
	at org.springframework.util.Assert.state(Assert.java:102)
	at org.springframework.boot.jdbc.autoconfigure.DataSourceProperties.findDriverClassName(DataSourceProperties.java:187)
	at org.springframework.boot.jdbc.autoconfigure.DataSourceProperties.determineDriverClassName(DataSourceProperties.java:177)
	at org.springframework.boot.jdbc.autoconfigure.PropertiesJdbcConnectionDetails.getDriverClassName(PropertiesJdbcConnectionDetails.java:51)
	at org.springframework.boot.jdbc.autoconfigure.DataSourceConfiguration.createDataSource(DataSourceConfiguration.java:63)
	at org.springframework.boot.jdbc.autoconfigure.DataSourceConfiguration$Hikari.dataSource(DataSourceConfiguration.java:128)
	at java.base/jdk.internal.reflect.DirectMethodHandleAccessor.invoke(DirectMethodHandleAccessor.java:103)
	at java.base/java.lang.reflect.Method.invoke(Method.java:580)
	at org.springframework.beans.factory.support.SimpleInstantiationStrategy.lambda$instantiate$0(SimpleInstantiationStrategy.java:155)
	... 128 common frames omitted
2026-04-23 01:18:32.474  INFO [main] c.b.i.l.LoginApplicationTests - Starting LoginApplicationTests using Java 21.0.10 with PID 8005 (started by thiagocintra in /Users/thiagocintra/Documents/gitdevelopment/itau/LoginService)
2026-04-23 01:18:32.475  INFO [main] c.b.i.l.LoginApplicationTests - No active profile set, falling back to 1 default profile: "default"
2026-04-23 01:18:32.801  INFO [main] o.s.d.r.c.RepositoryConfigurationDelegate - Multiple Spring Data modules found, entering strict repository configuration mode
2026-04-23 01:18:32.801  INFO [main] o.s.d.r.c.RepositoryConfigurationDelegate - Bootstrapping Spring Data JPA repositories in DEFAULT mode.
2026-04-23 01:18:32.875  INFO [main] o.s.d.r.c.RepositoryConfigurationDelegate - Finished Spring Data repository scanning in 70 ms. Found 1 JPA repository interface.
2026-04-23 01:18:32.903  INFO [main] o.s.d.r.c.RepositoryConfigurationDelegate - Multiple Spring Data modules found, entering strict repository configuration mode
2026-04-23 01:18:32.903  INFO [main] o.s.d.r.c.RepositoryConfigurationDelegate - Bootstrapping Spring Data Redis repositories in DEFAULT mode.
2026-04-23 01:18:32.913  INFO [main] o.s.d.r.c.RepositoryConfigurationExtensionSupport - Spring Data Redis - Could not safely identify store assignment for repository candidate interface com.br.itau.login.repository.UserAccountRepository; If you want this repository to be a Redis repository, consider annotating your entities with one of these annotations: org.springframework.data.redis.core.RedisHash (preferred), or consider extending one of the following types with your repository: org.springframework.data.keyvalue.repository.KeyValueRepository
2026-04-23 01:18:32.913  INFO [main] o.s.d.r.c.RepositoryConfigurationDelegate - Finished Spring Data repository scanning in 3 ms. Found 0 Redis repository interfaces.
2026-04-23 01:18:33.112  WARN [main] o.s.w.c.s.GenericWebApplicationContext - Exception encountered during context initialization - cancelling refresh attempt: org.springframework.beans.factory.BeanCreationException: Error creating bean with name 'entityManagerFactory' defined in class path resource [org/springframework/boot/hibernate/autoconfigure/HibernateJpaConfiguration.class]: Failed to initialize dependency 'dataSourceScriptDatabaseInitializer' of LoadTimeWeaverAware bean 'entityManagerFactory': Error creating bean with name 'dataSourceScriptDatabaseInitializer' defined in class path resource [org/springframework/boot/jdbc/autoconfigure/DataSourceInitializationAutoConfiguration.class]: Unsatisfied dependency expressed through method 'dataSourceScriptDatabaseInitializer' parameter 0: Error creating bean with name 'dataSource' defined in class path resource [org/springframework/boot/jdbc/autoconfigure/DataSourceConfiguration$Hikari.class]: Failed to instantiate [com.zaxxer.hikari.HikariDataSource]: Factory method 'dataSource' threw exception with message: Cannot load driver class: org.h2.Driver
2026-04-23 01:18:33.122  INFO [main] o.s.b.a.l.ConditionEvaluationReportLogger - 

Error starting ApplicationContext. To display the condition evaluation report re-run your application with 'debug' enabled.
2026-04-23 01:18:33.128 ERROR [main] o.s.b.SpringApplication - Application run failed
org.springframework.beans.factory.BeanCreationException: Error creating bean with name 'entityManagerFactory' defined in class path resource [org/springframework/boot/hibernate/autoconfigure/HibernateJpaConfiguration.class]: Failed to initialize dependency 'dataSourceScriptDatabaseInitializer' of LoadTimeWeaverAware bean 'entityManagerFactory': Error creating bean with name 'dataSourceScriptDatabaseInitializer' defined in class path resource [org/springframework/boot/jdbc/autoconfigure/DataSourceInitializationAutoConfiguration.class]: Unsatisfied dependency expressed through method 'dataSourceScriptDatabaseInitializer' parameter 0: Error creating bean with name 'dataSource' defined in class path resource [org/springframework/boot/jdbc/autoconfigure/DataSourceConfiguration$Hikari.class]: Failed to instantiate [com.zaxxer.hikari.HikariDataSource]: Factory method 'dataSource' threw exception with message: Cannot load driver class: org.h2.Driver
	at org.springframework.beans.factory.support.AbstractBeanFactory.doGetBean(AbstractBeanFactory.java:322)
	at org.springframework.beans.factory.support.AbstractBeanFactory.getBean(AbstractBeanFactory.java:201)
	at org.springframework.context.support.AbstractApplicationContext.finishBeanFactoryInitialization(AbstractApplicationContext.java:977)
	at org.springframework.context.support.AbstractApplicationContext.refresh(AbstractApplicationContext.java:621)
	at org.springframework.boot.SpringApplication.refresh(SpringApplication.java:756)
	at org.springframework.boot.SpringApplication.refreshContext(SpringApplication.java:445)
	at org.springframework.boot.SpringApplication.run(SpringApplication.java:321)
	at org.springframework.boot.test.context.SpringBootContextLoader.lambda$loadContext$2(SpringBootContextLoader.java:155)
	at org.springframework.util.function.ThrowingSupplier.get(ThrowingSupplier.java:58)
	at org.springframework.util.function.ThrowingSupplier.get(ThrowingSupplier.java:46)
	at org.springframework.boot.SpringApplication.withHook(SpringApplication.java:1465)
	at org.springframework.boot.test.context.SpringBootContextLoader$ContextLoaderHook.run(SpringBootContextLoader.java:600)
	at org.springframework.boot.test.context.SpringBootContextLoader.loadContext(SpringBootContextLoader.java:155)
	at org.springframework.boot.test.context.SpringBootContextLoader.loadContext(SpringBootContextLoader.java:114)
	at org.springframework.test.context.cache.DefaultCacheAwareContextLoaderDelegate.loadContextInternal(DefaultCacheAwareContextLoaderDelegate.java:247)
	at org.springframework.test.context.cache.DefaultCacheAwareContextLoaderDelegate.lambda$loadContext$0(DefaultCacheAwareContextLoaderDelegate.java:167)
	at org.springframework.test.context.cache.DefaultContextCache.put(DefaultContextCache.java:214)
	at org.springframework.test.context.cache.DefaultCacheAwareContextLoaderDelegate.loadContext(DefaultCacheAwareContextLoaderDelegate.java:160)
	at org.springframework.test.context.support.DefaultTestContext.getApplicationContext(DefaultTestContext.java:128)
	at org.springframework.test.context.web.ServletTestExecutionListener.setUpRequestContextIfNecessary(ServletTestExecutionListener.java:200)
	at org.springframework.test.context.web.ServletTestExecutionListener.prepareTestInstance(ServletTestExecutionListener.java:139)
	at org.springframework.test.context.TestContextManager.prepareTestInstance(TestContextManager.java:260)
	at org.springframework.test.context.junit.jupiter.SpringExtension.postProcessTestInstance(SpringExtension.java:210)
	at org.junit.jupiter.engine.descriptor.ClassBasedTestDescriptor.lambda$invokeTestInstancePostProcessors$1(ClassBasedTestDescriptor.java:423)
	at org.junit.jupiter.engine.descriptor.ClassBasedTestDescriptor.executeAndMaskThrowable(ClassBasedTestDescriptor.java:428)
	at org.junit.jupiter.engine.descriptor.ClassBasedTestDescriptor.lambda$invokeTestInstancePostProcessors$0(ClassBasedTestDescriptor.java:422)
	at java.base/java.util.stream.ForEachOps$ForEachOp$OfRef.accept(ForEachOps.java:184)
	at java.base/java.util.stream.ReferencePipeline$3$1.accept(ReferencePipeline.java:197)
	at java.base/java.util.stream.ReferencePipeline$2$1.accept(ReferencePipeline.java:179)
	at java.base/java.util.stream.ReferencePipeline$3$1.accept(ReferencePipeline.java:197)
	at java.base/java.util.ArrayList$ArrayListSpliterator.forEachRemaining(ArrayList.java:1708)
	at java.base/java.util.stream.AbstractPipeline.copyInto(AbstractPipeline.java:509)
	at java.base/java.util.stream.AbstractPipeline.wrapAndCopyInto(AbstractPipeline.java:499)
	at java.base/java.util.stream.ForEachOps$ForEachOp.evaluateSequential(ForEachOps.java:151)
	at java.base/java.util.stream.ForEachOps$ForEachOp$OfRef.evaluateSequential(ForEachOps.java:174)
	at java.base/java.util.stream.AbstractPipeline.evaluate(AbstractPipeline.java:234)
	at java.base/java.util.stream.ReferencePipeline.forEach(ReferencePipeline.java:596)
	at org.junit.jupiter.engine.descriptor.ClassBasedTestDescriptor.invokeTestInstancePostProcessors(ClassBasedTestDescriptor.java:422)
	at org.junit.jupiter.engine.descriptor.ClassBasedTestDescriptor.lambda$instantiateAndPostProcessTestInstance$0(ClassBasedTestDescriptor.java:334)
	at org.junit.platform.engine.support.hierarchical.ThrowableCollector.execute(ThrowableCollector.java:74)
	at org.junit.jupiter.engine.descriptor.ClassBasedTestDescriptor.instantiateAndPostProcessTestInstance(ClassBasedTestDescriptor.java:333)
	at org.junit.jupiter.engine.descriptor.ClassBasedTestDescriptor.lambda$testInstancesProvider$1(ClassBasedTestDescriptor.java:322)
	at java.base/java.util.Optional.orElseGet(Optional.java:364)
	at org.junit.jupiter.engine.descriptor.ClassBasedTestDescriptor.lambda$testInstancesProvider$0(ClassBasedTestDescriptor.java:321)
	at org.junit.jupiter.engine.execution.TestInstancesProvider.getTestInstances(TestInstancesProvider.java:27)
	at org.junit.jupiter.engine.descriptor.TestMethodTestDescriptor.lambda$prepare$0(TestMethodTestDescriptor.java:127)
	at org.junit.platform.engine.support.hierarchical.ThrowableCollector.execute(ThrowableCollector.java:74)
	at org.junit.jupiter.engine.descriptor.TestMethodTestDescriptor.prepare(TestMethodTestDescriptor.java:126)
	at org.junit.jupiter.engine.descriptor.TestMethodTestDescriptor.prepare(TestMethodTestDescriptor.java:70)
	at org.junit.platform.engine.support.hierarchical.NodeTestTask.lambda$prepare$0(NodeTestTask.java:144)
	at org.junit.platform.engine.support.hierarchical.ThrowableCollector.execute(ThrowableCollector.java:74)
	at org.junit.platform.engine.support.hierarchical.NodeTestTask.prepare(NodeTestTask.java:144)
	at org.junit.platform.engine.support.hierarchical.NodeTestTask.execute(NodeTestTask.java:110)
	at java.base/java.util.ArrayList.forEach(ArrayList.java:1596)
	at org.junit.platform.engine.support.hierarchical.SameThreadHierarchicalTestExecutorService.invokeAll(SameThreadHierarchicalTestExecutorService.java:42)
	at org.junit.platform.engine.support.hierarchical.NodeTestTask.lambda$executeRecursively$2(NodeTestTask.java:180)
	at org.junit.platform.engine.support.hierarchical.ThrowableCollector.execute(ThrowableCollector.java:74)
	at org.junit.platform.engine.support.hierarchical.NodeTestTask.lambda$executeRecursively$1(NodeTestTask.java:166)
	at org.junit.platform.engine.support.hierarchical.Node.around(Node.java:138)
	at org.junit.platform.engine.support.hierarchical.NodeTestTask.lambda$executeRecursively$0(NodeTestTask.java:164)
	at org.junit.platform.engine.support.hierarchical.ThrowableCollector.execute(ThrowableCollector.java:74)
	at org.junit.platform.engine.support.hierarchical.NodeTestTask.executeRecursively(NodeTestTask.java:163)
	at org.junit.platform.engine.support.hierarchical.NodeTestTask.execute(NodeTestTask.java:116)
	at java.base/java.util.ArrayList.forEach(ArrayList.java:1596)
	at org.junit.platform.engine.support.hierarchical.SameThreadHierarchicalTestExecutorService.invokeAll(SameThreadHierarchicalTestExecutorService.java:42)
	at org.junit.platform.engine.support.hierarchical.NodeTestTask.lambda$executeRecursively$2(NodeTestTask.java:180)
	at org.junit.platform.engine.support.hierarchical.ThrowableCollector.execute(ThrowableCollector.java:74)
	at org.junit.platform.engine.support.hierarchical.NodeTestTask.lambda$executeRecursively$1(NodeTestTask.java:166)
	at org.junit.platform.engine.support.hierarchical.Node.around(Node.java:138)
	at org.junit.platform.engine.support.hierarchical.NodeTestTask.lambda$executeRecursively$0(NodeTestTask.java:164)
	at org.junit.platform.engine.support.hierarchical.ThrowableCollector.execute(ThrowableCollector.java:74)
	at org.junit.platform.engine.support.hierarchical.NodeTestTask.executeRecursively(NodeTestTask.java:163)
	at org.junit.platform.engine.support.hierarchical.NodeTestTask.execute(NodeTestTask.java:116)
	at org.junit.platform.engine.support.hierarchical.SameThreadHierarchicalTestExecutorService.submit(SameThreadHierarchicalTestExecutorService.java:36)
	at org.junit.platform.engine.support.hierarchical.HierarchicalTestExecutor.execute(HierarchicalTestExecutor.java:52)
	at org.junit.platform.engine.support.hierarchical.HierarchicalTestEngine.execute(HierarchicalTestEngine.java:58)
	at org.junit.platform.launcher.core.EngineExecutionOrchestrator.executeEngine(EngineExecutionOrchestrator.java:246)
	at org.junit.platform.launcher.core.EngineExecutionOrchestrator.failOrExecuteEngine(EngineExecutionOrchestrator.java:218)
	at org.junit.platform.launcher.core.EngineExecutionOrchestrator.execute(EngineExecutionOrchestrator.java:179)
	at org.junit.platform.launcher.core.EngineExecutionOrchestrator.execute(EngineExecutionOrchestrator.java:108)
	at org.junit.platform.launcher.core.EngineExecutionOrchestrator.lambda$execute$0(EngineExecutionOrchestrator.java:66)
	at org.junit.platform.launcher.core.EngineExecutionOrchestrator.withInterceptedStreams(EngineExecutionOrchestrator.java:157)
	at org.junit.platform.launcher.core.EngineExecutionOrchestrator.execute(EngineExecutionOrchestrator.java:65)
	at org.junit.platform.launcher.core.DefaultLauncher.execute(DefaultLauncher.java:125)
	at org.junit.platform.launcher.core.DefaultLauncher.execute(DefaultLauncher.java:114)
	at org.junit.platform.launcher.core.DelegatingLauncher.execute(DelegatingLauncher.java:58)
	at org.junit.platform.launcher.core.InterceptingLauncher.lambda$execute$2(InterceptingLauncher.java:57)
	at org.junit.platform.launcher.core.ClasspathAlignmentCheckingLauncherInterceptor.intercept(ClasspathAlignmentCheckingLauncherInterceptor.java:25)
	at org.junit.platform.launcher.core.InterceptingLauncher.execute(InterceptingLauncher.java:56)
	at org.junit.platform.launcher.core.DelegatingLauncher.execute(DelegatingLauncher.java:58)
	at java.base/jdk.internal.reflect.DirectMethodHandleAccessor.invoke(DirectMethodHandleAccessor.java:103)
	at java.base/java.lang.reflect.Method.invoke(Method.java:580)
	at org.apache.maven.surefire.api.util.ReflectionUtils.invokeMethodWithArray(ReflectionUtils.java:125)
	at org.apache.maven.surefire.junitplatform.LauncherAdapter.executeWithCancellationToken(LauncherAdapter.java:68)
	at org.apache.maven.surefire.junitplatform.LauncherAdapter.execute(LauncherAdapter.java:54)
	at org.apache.maven.surefire.junitplatform.JUnitPlatformProvider.execute(JUnitPlatformProvider.java:203)
	at org.apache.maven.surefire.junitplatform.JUnitPlatformProvider.invokeAllTests(JUnitPlatformProvider.java:168)
	at org.apache.maven.surefire.junitplatform.JUnitPlatformProvider.invoke(JUnitPlatformProvider.java:136)
	at org.apache.maven.surefire.booter.ForkedBooter.runSuitesInProcess(ForkedBooter.java:385)
	at org.apache.maven.surefire.booter.ForkedBooter.execute(ForkedBooter.java:162)
	at org.apache.maven.surefire.booter.ForkedBooter.run(ForkedBooter.java:507)
	at org.apache.maven.surefire.booter.ForkedBooter.main(ForkedBooter.java:495)
Caused by: org.springframework.beans.factory.UnsatisfiedDependencyException: Error creating bean with name 'dataSourceScriptDatabaseInitializer' defined in class path resource [org/springframework/boot/jdbc/autoconfigure/DataSourceInitializationAutoConfiguration.class]: Unsatisfied dependency expressed through method 'dataSourceScriptDatabaseInitializer' parameter 0: Error creating bean with name 'dataSource' defined in class path resource [org/springframework/boot/jdbc/autoconfigure/DataSourceConfiguration$Hikari.class]: Failed to instantiate [com.zaxxer.hikari.HikariDataSource]: Factory method 'dataSource' threw exception with message: Cannot load driver class: org.h2.Driver
	at org.springframework.beans.factory.support.ConstructorResolver.createArgumentArray(ConstructorResolver.java:804)
	at org.springframework.beans.factory.support.ConstructorResolver.instantiateUsingFactoryMethod(ConstructorResolver.java:546)
	at org.springframework.beans.factory.support.AbstractAutowireCapableBeanFactory.instantiateUsingFactoryMethod(AbstractAutowireCapableBeanFactory.java:1362)
	at org.springframework.beans.factory.support.AbstractAutowireCapableBeanFactory.createBeanInstance(AbstractAutowireCapableBeanFactory.java:1194)
	at org.springframework.beans.factory.support.AbstractAutowireCapableBeanFactory.doCreateBean(AbstractAutowireCapableBeanFactory.java:565)
	at org.springframework.beans.factory.support.AbstractAutowireCapableBeanFactory.createBean(AbstractAutowireCapableBeanFactory.java:525)
	at org.springframework.beans.factory.support.AbstractBeanFactory.lambda$doGetBean$0(AbstractBeanFactory.java:333)
	at org.springframework.beans.factory.support.DefaultSingletonBeanRegistry.getSingleton(DefaultSingletonBeanRegistry.java:371)
	at org.springframework.beans.factory.support.AbstractBeanFactory.doGetBean(AbstractBeanFactory.java:331)
	at org.springframework.beans.factory.support.AbstractBeanFactory.getBean(AbstractBeanFactory.java:196)
	at org.springframework.beans.factory.support.AbstractBeanFactory.doGetBean(AbstractBeanFactory.java:309)
	... 101 common frames omitted
Caused by: org.springframework.beans.factory.BeanCreationException: Error creating bean with name 'dataSource' defined in class path resource [org/springframework/boot/jdbc/autoconfigure/DataSourceConfiguration$Hikari.class]: Failed to instantiate [com.zaxxer.hikari.HikariDataSource]: Factory method 'dataSource' threw exception with message: Cannot load driver class: org.h2.Driver
	at org.springframework.beans.factory.support.ConstructorResolver.instantiate(ConstructorResolver.java:657)
	at org.springframework.beans.factory.support.ConstructorResolver.instantiateUsingFactoryMethod(ConstructorResolver.java:645)
	at org.springframework.beans.factory.support.AbstractAutowireCapableBeanFactory.instantiateUsingFactoryMethod(AbstractAutowireCapableBeanFactory.java:1362)
	at org.springframework.beans.factory.support.AbstractAutowireCapableBeanFactory.createBeanInstance(AbstractAutowireCapableBeanFactory.java:1194)
	at org.springframework.beans.factory.support.AbstractAutowireCapableBeanFactory.doCreateBean(AbstractAutowireCapableBeanFactory.java:565)
	at org.springframework.beans.factory.support.AbstractAutowireCapableBeanFactory.createBean(AbstractAutowireCapableBeanFactory.java:525)
	at org.springframework.beans.factory.support.AbstractBeanFactory.lambda$doGetBean$0(AbstractBeanFactory.java:333)
	at org.springframework.beans.factory.support.DefaultSingletonBeanRegistry.getSingleton(DefaultSingletonBeanRegistry.java:371)
	at org.springframework.beans.factory.support.AbstractBeanFactory.doGetBean(AbstractBeanFactory.java:331)
	at org.springframework.beans.factory.support.AbstractBeanFactory.getBean(AbstractBeanFactory.java:201)
	at org.springframework.beans.factory.support.DefaultListableBeanFactory.resolveBean(DefaultListableBeanFactory.java:1225)
	at org.springframework.beans.factory.support.DefaultListableBeanFactory.doResolveDependency(DefaultListableBeanFactory.java:1704)
	at org.springframework.beans.factory.support.DefaultListableBeanFactory.resolveDependency(DefaultListableBeanFactory.java:1651)
	at org.springframework.beans.factory.support.ConstructorResolver.resolveAutowiredArgument(ConstructorResolver.java:912)
	at org.springframework.beans.factory.support.ConstructorResolver.createArgumentArray(ConstructorResolver.java:791)
	... 111 common frames omitted
Caused by: org.springframework.beans.BeanInstantiationException: Failed to instantiate [com.zaxxer.hikari.HikariDataSource]: Factory method 'dataSource' threw exception with message: Cannot load driver class: org.h2.Driver
	at org.springframework.beans.factory.support.SimpleInstantiationStrategy.lambda$instantiate$0(SimpleInstantiationStrategy.java:183)
	at org.springframework.beans.factory.support.SimpleInstantiationStrategy.instantiateWithFactoryMethod(SimpleInstantiationStrategy.java:72)
	at org.springframework.beans.factory.support.SimpleInstantiationStrategy.instantiate(SimpleInstantiationStrategy.java:152)
	at org.springframework.beans.factory.support.ConstructorResolver.instantiate(ConstructorResolver.java:653)
	... 125 common frames omitted
Caused by: java.lang.IllegalStateException: Cannot load driver class: org.h2.Driver
	at org.springframework.util.Assert.state(Assert.java:102)
	at org.springframework.boot.jdbc.autoconfigure.DataSourceProperties.findDriverClassName(DataSourceProperties.java:187)
	at org.springframework.boot.jdbc.autoconfigure.DataSourceProperties.determineDriverClassName(DataSourceProperties.java:177)
	at org.springframework.boot.jdbc.autoconfigure.PropertiesJdbcConnectionDetails.getDriverClassName(PropertiesJdbcConnectionDetails.java:51)
	at org.springframework.boot.jdbc.autoconfigure.DataSourceConfiguration.createDataSource(DataSourceConfiguration.java:63)
	at org.springframework.boot.jdbc.autoconfigure.DataSourceConfiguration$Hikari.dataSource(DataSourceConfiguration.java:128)
	at java.base/jdk.internal.reflect.DirectMethodHandleAccessor.invoke(DirectMethodHandleAccessor.java:103)
	at java.base/java.lang.reflect.Method.invoke(Method.java:580)
	at org.springframework.beans.factory.support.SimpleInstantiationStrategy.lambda$instantiate$0(SimpleInstantiationStrategy.java:155)
	... 128 common frames omitted
2026-04-23 01:18:33.132  WARN [main] o.s.t.c.TestContextManager - Caught exception while allowing TestExecutionListener [org.springframework.test.context.web.ServletTestExecutionListener] to prepare test instance [com.br.itau.login.LoginApplicationTests@5a39e554]
java.lang.IllegalStateException: Failed to load ApplicationContext for [WebMergedContextConfiguration@6d8b7ea9 testClass = com.br.itau.login.LoginApplicationTests, locations = [], classes = [com.br.itau.login.LoginApplication], contextInitializerClasses = [], activeProfiles = [], propertySourceDescriptors = [], propertySourceProperties = ["org.springframework.boot.test.context.SpringBootTestContextBootstrapper=true"], contextCustomizers = [org.springframework.boot.web.server.context.SpringBootTestRandomPortContextCustomizer@34a97744, org.springframework.boot.test.context.PropertyMappingContextCustomizer@0, org.springframework.boot.test.context.filter.ExcludeFilterContextCustomizer@f6c03cb, org.springframework.boot.test.json.DuplicateJsonObjectContextCustomizerFactory$DuplicateJsonObjectContextCustomizer@5be067de, org.springframework.boot.test.autoconfigure.OnFailureConditionReportContextCustomizerFactory$OnFailureConditionReportContextCustomizer@7c7d3c46, org.springframework.test.context.support.DynamicPropertiesContextCustomizer@0, org.springframework.boot.test.context.SpringBootTestAnnotation@5b7aa5ea], resourceBasePath = "src/main/webapp", contextLoader = org.springframework.boot.test.context.SpringBootContextLoader, parent = null]
	at org.springframework.test.context.cache.DefaultCacheAwareContextLoaderDelegate.lambda$loadContext$0(DefaultCacheAwareContextLoaderDelegate.java:195)
	at org.springframework.test.context.cache.DefaultContextCache.put(DefaultContextCache.java:214)
	at org.springframework.test.context.cache.DefaultCacheAwareContextLoaderDelegate.loadContext(DefaultCacheAwareContextLoaderDelegate.java:160)
	at org.springframework.test.context.support.DefaultTestContext.getApplicationContext(DefaultTestContext.java:128)
	at org.springframework.test.context.web.ServletTestExecutionListener.setUpRequestContextIfNecessary(ServletTestExecutionListener.java:200)
	at org.springframework.test.context.web.ServletTestExecutionListener.prepareTestInstance(ServletTestExecutionListener.java:139)
	at org.springframework.test.context.TestContextManager.prepareTestInstance(TestContextManager.java:260)
	at org.springframework.test.context.junit.jupiter.SpringExtension.postProcessTestInstance(SpringExtension.java:210)
	at org.junit.jupiter.engine.descriptor.ClassBasedTestDescriptor.lambda$invokeTestInstancePostProcessors$1(ClassBasedTestDescriptor.java:423)
	at org.junit.jupiter.engine.descriptor.ClassBasedTestDescriptor.executeAndMaskThrowable(ClassBasedTestDescriptor.java:428)
	at org.junit.jupiter.engine.descriptor.ClassBasedTestDescriptor.lambda$invokeTestInstancePostProcessors$0(ClassBasedTestDescriptor.java:422)
	at java.base/java.util.stream.ForEachOps$ForEachOp$OfRef.accept(ForEachOps.java:184)
	at java.base/java.util.stream.ReferencePipeline$3$1.accept(ReferencePipeline.java:197)
	at java.base/java.util.stream.ReferencePipeline$2$1.accept(ReferencePipeline.java:179)
	at java.base/java.util.stream.ReferencePipeline$3$1.accept(ReferencePipeline.java:197)
	at java.base/java.util.ArrayList$ArrayListSpliterator.forEachRemaining(ArrayList.java:1708)
	at java.base/java.util.stream.AbstractPipeline.copyInto(AbstractPipeline.java:509)
	at java.base/java.util.stream.AbstractPipeline.wrapAndCopyInto(AbstractPipeline.java:499)
	at java.base/java.util.stream.ForEachOps$ForEachOp.evaluateSequential(ForEachOps.java:151)
	at java.base/java.util.stream.ForEachOps$ForEachOp$OfRef.evaluateSequential(ForEachOps.java:174)
	at java.base/java.util.stream.AbstractPipeline.evaluate(AbstractPipeline.java:234)
	at java.base/java.util.stream.ReferencePipeline.forEach(ReferencePipeline.java:596)
	at org.junit.jupiter.engine.descriptor.ClassBasedTestDescriptor.invokeTestInstancePostProcessors(ClassBasedTestDescriptor.java:422)
	at org.junit.jupiter.engine.descriptor.ClassBasedTestDescriptor.lambda$instantiateAndPostProcessTestInstance$0(ClassBasedTestDescriptor.java:334)
	at org.junit.platform.engine.support.hierarchical.ThrowableCollector.execute(ThrowableCollector.java:74)
	at org.junit.jupiter.engine.descriptor.ClassBasedTestDescriptor.instantiateAndPostProcessTestInstance(ClassBasedTestDescriptor.java:333)
	at org.junit.jupiter.engine.descriptor.ClassBasedTestDescriptor.lambda$testInstancesProvider$1(ClassBasedTestDescriptor.java:322)
	at java.base/java.util.Optional.orElseGet(Optional.java:364)
	at org.junit.jupiter.engine.descriptor.ClassBasedTestDescriptor.lambda$testInstancesProvider$0(ClassBasedTestDescriptor.java:321)
	at org.junit.jupiter.engine.execution.TestInstancesProvider.getTestInstances(TestInstancesProvider.java:27)
	at org.junit.jupiter.engine.descriptor.TestMethodTestDescriptor.lambda$prepare$0(TestMethodTestDescriptor.java:127)
	at org.junit.platform.engine.support.hierarchical.ThrowableCollector.execute(ThrowableCollector.java:74)
	at org.junit.jupiter.engine.descriptor.TestMethodTestDescriptor.prepare(TestMethodTestDescriptor.java:126)
	at org.junit.jupiter.engine.descriptor.TestMethodTestDescriptor.prepare(TestMethodTestDescriptor.java:70)
	at org.junit.platform.engine.support.hierarchical.NodeTestTask.lambda$prepare$0(NodeTestTask.java:144)
	at org.junit.platform.engine.support.hierarchical.ThrowableCollector.execute(ThrowableCollector.java:74)
	at org.junit.platform.engine.support.hierarchical.NodeTestTask.prepare(NodeTestTask.java:144)
	at org.junit.platform.engine.support.hierarchical.NodeTestTask.execute(NodeTestTask.java:110)
	at java.base/java.util.ArrayList.forEach(ArrayList.java:1596)
	at org.junit.platform.engine.support.hierarchical.SameThreadHierarchicalTestExecutorService.invokeAll(SameThreadHierarchicalTestExecutorService.java:42)
	at org.junit.platform.engine.support.hierarchical.NodeTestTask.lambda$executeRecursively$2(NodeTestTask.java:180)
	at org.junit.platform.engine.support.hierarchical.ThrowableCollector.execute(ThrowableCollector.java:74)
	at org.junit.platform.engine.support.hierarchical.NodeTestTask.lambda$executeRecursively$1(NodeTestTask.java:166)
	at org.junit.platform.engine.support.hierarchical.Node.around(Node.java:138)
	at org.junit.platform.engine.support.hierarchical.NodeTestTask.lambda$executeRecursively$0(NodeTestTask.java:164)
	at org.junit.platform.engine.support.hierarchical.ThrowableCollector.execute(ThrowableCollector.java:74)
	at org.junit.platform.engine.support.hierarchical.NodeTestTask.executeRecursively(NodeTestTask.java:163)
	at org.junit.platform.engine.support.hierarchical.NodeTestTask.execute(NodeTestTask.java:116)
	at java.base/java.util.ArrayList.forEach(ArrayList.java:1596)
	at org.junit.platform.engine.support.hierarchical.SameThreadHierarchicalTestExecutorService.invokeAll(SameThreadHierarchicalTestExecutorService.java:42)
	at org.junit.platform.engine.support.hierarchical.NodeTestTask.lambda$executeRecursively$2(NodeTestTask.java:180)
	at org.junit.platform.engine.support.hierarchical.ThrowableCollector.execute(ThrowableCollector.java:74)
	at org.junit.platform.engine.support.hierarchical.NodeTestTask.lambda$executeRecursively$1(NodeTestTask.java:166)
	at org.junit.platform.engine.support.hierarchical.Node.around(Node.java:138)
	at org.junit.platform.engine.support.hierarchical.NodeTestTask.lambda$executeRecursively$0(NodeTestTask.java:164)
	at org.junit.platform.engine.support.hierarchical.ThrowableCollector.execute(ThrowableCollector.java:74)
	at org.junit.platform.engine.support.hierarchical.NodeTestTask.executeRecursively(NodeTestTask.java:163)
	at org.junit.platform.engine.support.hierarchical.NodeTestTask.execute(NodeTestTask.java:116)
	at org.junit.platform.engine.support.hierarchical.SameThreadHierarchicalTestExecutorService.submit(SameThreadHierarchicalTestExecutorService.java:36)
	at org.junit.platform.engine.support.hierarchical.HierarchicalTestExecutor.execute(HierarchicalTestExecutor.java:52)
	at org.junit.platform.engine.support.hierarchical.HierarchicalTestEngine.execute(HierarchicalTestEngine.java:58)
	at org.junit.platform.launcher.core.EngineExecutionOrchestrator.executeEngine(EngineExecutionOrchestrator.java:246)
	at org.junit.platform.launcher.core.EngineExecutionOrchestrator.failOrExecuteEngine(EngineExecutionOrchestrator.java:218)
	at org.junit.platform.launcher.core.EngineExecutionOrchestrator.execute(EngineExecutionOrchestrator.java:179)
	at org.junit.platform.launcher.core.EngineExecutionOrchestrator.execute(EngineExecutionOrchestrator.java:108)
	at org.junit.platform.launcher.core.EngineExecutionOrchestrator.lambda$execute$0(EngineExecutionOrchestrator.java:66)
	at org.junit.platform.launcher.core.EngineExecutionOrchestrator.withInterceptedStreams(EngineExecutionOrchestrator.java:157)
	at org.junit.platform.launcher.core.EngineExecutionOrchestrator.execute(EngineExecutionOrchestrator.java:65)
	at org.junit.platform.launcher.core.DefaultLauncher.execute(DefaultLauncher.java:125)
	at org.junit.platform.launcher.core.DefaultLauncher.execute(DefaultLauncher.java:114)
	at org.junit.platform.launcher.core.DelegatingLauncher.execute(DelegatingLauncher.java:58)
	at org.junit.platform.launcher.core.InterceptingLauncher.lambda$execute$2(InterceptingLauncher.java:57)
	at org.junit.platform.launcher.core.ClasspathAlignmentCheckingLauncherInterceptor.intercept(ClasspathAlignmentCheckingLauncherInterceptor.java:25)
	at org.junit.platform.launcher.core.InterceptingLauncher.execute(InterceptingLauncher.java:56)
	at org.junit.platform.launcher.core.DelegatingLauncher.execute(DelegatingLauncher.java:58)
	at java.base/jdk.internal.reflect.DirectMethodHandleAccessor.invoke(DirectMethodHandleAccessor.java:103)
	at java.base/java.lang.reflect.Method.invoke(Method.java:580)
	at org.apache.maven.surefire.api.util.ReflectionUtils.invokeMethodWithArray(ReflectionUtils.java:125)
	at org.apache.maven.surefire.junitplatform.LauncherAdapter.executeWithCancellationToken(LauncherAdapter.java:68)
	at org.apache.maven.surefire.junitplatform.LauncherAdapter.execute(LauncherAdapter.java:54)
	at org.apache.maven.surefire.junitplatform.JUnitPlatformProvider.execute(JUnitPlatformProvider.java:203)
	at org.apache.maven.surefire.junitplatform.JUnitPlatformProvider.invokeAllTests(JUnitPlatformProvider.java:168)
	at org.apache.maven.surefire.junitplatform.JUnitPlatformProvider.invoke(JUnitPlatformProvider.java:136)
	at org.apache.maven.surefire.booter.ForkedBooter.runSuitesInProcess(ForkedBooter.java:385)
	at org.apache.maven.surefire.booter.ForkedBooter.execute(ForkedBooter.java:162)
	at org.apache.maven.surefire.booter.ForkedBooter.run(ForkedBooter.java:507)
	at org.apache.maven.surefire.booter.ForkedBooter.main(ForkedBooter.java:495)
Caused by: org.springframework.beans.factory.BeanCreationException: Error creating bean with name 'entityManagerFactory' defined in class path resource [org/springframework/boot/hibernate/autoconfigure/HibernateJpaConfiguration.class]: Failed to initialize dependency 'dataSourceScriptDatabaseInitializer' of LoadTimeWeaverAware bean 'entityManagerFactory': Error creating bean with name 'dataSourceScriptDatabaseInitializer' defined in class path resource [org/springframework/boot/jdbc/autoconfigure/DataSourceInitializationAutoConfiguration.class]: Unsatisfied dependency expressed through method 'dataSourceScriptDatabaseInitializer' parameter 0: Error creating bean with name 'dataSource' defined in class path resource [org/springframework/boot/jdbc/autoconfigure/DataSourceConfiguration$Hikari.class]: Failed to instantiate [com.zaxxer.hikari.HikariDataSource]: Factory method 'dataSource' threw exception with message: Cannot load driver class: org.h2.Driver
	at org.springframework.beans.factory.support.AbstractBeanFactory.doGetBean(AbstractBeanFactory.java:322)
	at org.springframework.beans.factory.support.AbstractBeanFactory.getBean(AbstractBeanFactory.java:201)
	at org.springframework.context.support.AbstractApplicationContext.finishBeanFactoryInitialization(AbstractApplicationContext.java:977)
	at org.springframework.context.support.AbstractApplicationContext.refresh(AbstractApplicationContext.java:621)
	at org.springframework.boot.SpringApplication.refresh(SpringApplication.java:756)
	at org.springframework.boot.SpringApplication.refreshContext(SpringApplication.java:445)
	at org.springframework.boot.SpringApplication.run(SpringApplication.java:321)
	at org.springframework.boot.test.context.SpringBootContextLoader.lambda$loadContext$2(SpringBootContextLoader.java:155)
	at org.springframework.util.function.ThrowingSupplier.get(ThrowingSupplier.java:58)
	at org.springframework.util.function.ThrowingSupplier.get(ThrowingSupplier.java:46)
	at org.springframework.boot.SpringApplication.withHook(SpringApplication.java:1465)
	at org.springframework.boot.test.context.SpringBootContextLoader$ContextLoaderHook.run(SpringBootContextLoader.java:600)
	at org.springframework.boot.test.context.SpringBootContextLoader.loadContext(SpringBootContextLoader.java:155)
	at org.springframework.boot.test.context.SpringBootContextLoader.loadContext(SpringBootContextLoader.java:114)
	at org.springframework.test.context.cache.DefaultCacheAwareContextLoaderDelegate.loadContextInternal(DefaultCacheAwareContextLoaderDelegate.java:247)
	at org.springframework.test.context.cache.DefaultCacheAwareContextLoaderDelegate.lambda$loadContext$0(DefaultCacheAwareContextLoaderDelegate.java:167)
	... 86 common frames omitted
Caused by: org.springframework.beans.factory.UnsatisfiedDependencyException: Error creating bean with name 'dataSourceScriptDatabaseInitializer' defined in class path resource [org/springframework/boot/jdbc/autoconfigure/DataSourceInitializationAutoConfiguration.class]: Unsatisfied dependency expressed through method 'dataSourceScriptDatabaseInitializer' parameter 0: Error creating bean with name 'dataSource' defined in class path resource [org/springframework/boot/jdbc/autoconfigure/DataSourceConfiguration$Hikari.class]: Failed to instantiate [com.zaxxer.hikari.HikariDataSource]: Factory method 'dataSource' threw exception with message: Cannot load driver class: org.h2.Driver
	at org.springframework.beans.factory.support.ConstructorResolver.createArgumentArray(ConstructorResolver.java:804)
	at org.springframework.beans.factory.support.ConstructorResolver.instantiateUsingFactoryMethod(ConstructorResolver.java:546)
	at org.springframework.beans.factory.support.AbstractAutowireCapableBeanFactory.instantiateUsingFactoryMethod(AbstractAutowireCapableBeanFactory.java:1362)
	at org.springframework.beans.factory.support.AbstractAutowireCapableBeanFactory.createBeanInstance(AbstractAutowireCapableBeanFactory.java:1194)
	at org.springframework.beans.factory.support.AbstractAutowireCapableBeanFactory.doCreateBean(AbstractAutowireCapableBeanFactory.java:565)
	at org.springframework.beans.factory.support.AbstractAutowireCapableBeanFactory.createBean(AbstractAutowireCapableBeanFactory.java:525)
	at org.springframework.beans.factory.support.AbstractBeanFactory.lambda$doGetBean$0(AbstractBeanFactory.java:333)
	at org.springframework.beans.factory.support.DefaultSingletonBeanRegistry.getSingleton(DefaultSingletonBeanRegistry.java:371)
	at org.springframework.beans.factory.support.AbstractBeanFactory.doGetBean(AbstractBeanFactory.java:331)
	at org.springframework.beans.factory.support.AbstractBeanFactory.getBean(AbstractBeanFactory.java:196)
	at org.springframework.beans.factory.support.AbstractBeanFactory.doGetBean(AbstractBeanFactory.java:309)
	... 101 common frames omitted
Caused by: org.springframework.beans.factory.BeanCreationException: Error creating bean with name 'dataSource' defined in class path resource [org/springframework/boot/jdbc/autoconfigure/DataSourceConfiguration$Hikari.class]: Failed to instantiate [com.zaxxer.hikari.HikariDataSource]: Factory method 'dataSource' threw exception with message: Cannot load driver class: org.h2.Driver
	at org.springframework.beans.factory.support.ConstructorResolver.instantiate(ConstructorResolver.java:657)
	at org.springframework.beans.factory.support.ConstructorResolver.instantiateUsingFactoryMethod(ConstructorResolver.java:645)
	at org.springframework.beans.factory.support.AbstractAutowireCapableBeanFactory.instantiateUsingFactoryMethod(AbstractAutowireCapableBeanFactory.java:1362)
	at org.springframework.beans.factory.support.AbstractAutowireCapableBeanFactory.createBeanInstance(AbstractAutowireCapableBeanFactory.java:1194)
	at org.springframework.beans.factory.support.AbstractAutowireCapableBeanFactory.doCreateBean(AbstractAutowireCapableBeanFactory.java:565)
	at org.springframework.beans.factory.support.AbstractAutowireCapableBeanFactory.createBean(AbstractAutowireCapableBeanFactory.java:525)
	at org.springframework.beans.factory.support.AbstractBeanFactory.lambda$doGetBean$0(AbstractBeanFactory.java:333)
	at org.springframework.beans.factory.support.DefaultSingletonBeanRegistry.getSingleton(DefaultSingletonBeanRegistry.java:371)
	at org.springframework.beans.factory.support.AbstractBeanFactory.doGetBean(AbstractBeanFactory.java:331)
	at org.springframework.beans.factory.support.AbstractBeanFactory.getBean(AbstractBeanFactory.java:201)
	at org.springframework.beans.factory.support.DefaultListableBeanFactory.resolveBean(DefaultListableBeanFactory.java:1225)
	at org.springframework.beans.factory.support.DefaultListableBeanFactory.doResolveDependency(DefaultListableBeanFactory.java:1704)
	at org.springframework.beans.factory.support.DefaultListableBeanFactory.resolveDependency(DefaultListableBeanFactory.java:1651)
	at org.springframework.beans.factory.support.ConstructorResolver.resolveAutowiredArgument(ConstructorResolver.java:912)
	at org.springframework.beans.factory.support.ConstructorResolver.createArgumentArray(ConstructorResolver.java:791)
	... 111 common frames omitted
Caused by: org.springframework.beans.BeanInstantiationException: Failed to instantiate [com.zaxxer.hikari.HikariDataSource]: Factory method 'dataSource' threw exception with message: Cannot load driver class: org.h2.Driver
	at org.springframework.beans.factory.support.SimpleInstantiationStrategy.lambda$instantiate$0(SimpleInstantiationStrategy.java:183)
	at org.springframework.beans.factory.support.SimpleInstantiationStrategy.instantiateWithFactoryMethod(SimpleInstantiationStrategy.java:72)
	at org.springframework.beans.factory.support.SimpleInstantiationStrategy.instantiate(SimpleInstantiationStrategy.java:152)
	at org.springframework.beans.factory.support.ConstructorResolver.instantiate(ConstructorResolver.java:653)
	... 125 common frames omitted
Caused by: java.lang.IllegalStateException: Cannot load driver class: org.h2.Driver
	at org.springframework.util.Assert.state(Assert.java:102)
	at org.springframework.boot.jdbc.autoconfigure.DataSourceProperties.findDriverClassName(DataSourceProperties.java:187)
	at org.springframework.boot.jdbc.autoconfigure.DataSourceProperties.determineDriverClassName(DataSourceProperties.java:177)
	at org.springframework.boot.jdbc.autoconfigure.PropertiesJdbcConnectionDetails.getDriverClassName(PropertiesJdbcConnectionDetails.java:51)
	at org.springframework.boot.jdbc.autoconfigure.DataSourceConfiguration.createDataSource(DataSourceConfiguration.java:63)
	at org.springframework.boot.jdbc.autoconfigure.DataSourceConfiguration$Hikari.dataSource(DataSourceConfiguration.java:128)
	at java.base/jdk.internal.reflect.DirectMethodHandleAccessor.invoke(DirectMethodHandleAccessor.java:103)
	at java.base/java.lang.reflect.Method.invoke(Method.java:580)
	at org.springframework.beans.factory.support.SimpleInstantiationStrategy.lambda$instantiate$0(SimpleInstantiationStrategy.java:155)
	... 128 common frames omitted
2026-04-23 15:02:20.887  INFO [main] c.b.i.l.LoginApplicationTests - Starting LoginApplicationTests using Java 21.0.10 with PID 8839 (started by thiagocintra in /Users/thiagocintra/Documents/gitdevelopment/itau/LoginService)
2026-04-23 15:02:20.889  INFO [main] c.b.i.l.LoginApplicationTests - No active profile set, falling back to 1 default profile: "default"
2026-04-23 15:02:21.261  INFO [main] o.s.d.r.c.RepositoryConfigurationDelegate - Multiple Spring Data modules found, entering strict repository configuration mode
2026-04-23 15:02:21.262  INFO [main] o.s.d.r.c.RepositoryConfigurationDelegate - Bootstrapping Spring Data JPA repositories in DEFAULT mode.
2026-04-23 15:02:21.343  INFO [main] o.s.d.r.c.RepositoryConfigurationDelegate - Finished Spring Data repository scanning in 76 ms. Found 1 JPA repository interface.
2026-04-23 15:02:21.371  INFO [main] o.s.d.r.c.RepositoryConfigurationDelegate - Multiple Spring Data modules found, entering strict repository configuration mode
2026-04-23 15:02:21.371  INFO [main] o.s.d.r.c.RepositoryConfigurationDelegate - Bootstrapping Spring Data Redis repositories in DEFAULT mode.
2026-04-23 15:02:21.381  INFO [main] o.s.d.r.c.RepositoryConfigurationExtensionSupport - Spring Data Redis - Could not safely identify store assignment for repository candidate interface com.br.itau.login.repository.UserAccountRepository; If you want this repository to be a Redis repository, consider annotating your entities with one of these annotations: org.springframework.data.redis.core.RedisHash (preferred), or consider extending one of the following types with your repository: org.springframework.data.keyvalue.repository.KeyValueRepository
2026-04-23 15:02:21.382  INFO [main] o.s.d.r.c.RepositoryConfigurationDelegate - Finished Spring Data repository scanning in 3 ms. Found 0 Redis repository interfaces.
2026-04-23 15:02:21.666  INFO [main] o.h.o.jpa - HHH008540: Processing PersistenceUnitInfo [name: default]
2026-04-23 15:02:21.701  INFO [main] o.h.o.core - HHH000001: Hibernate ORM core version 7.2.7.Final
2026-04-23 15:02:21.925  INFO [main] o.s.o.j.p.SpringPersistenceUnitInfo - No LoadTimeWeaver setup: ignoring JPA class transformer
2026-04-23 15:02:21.942  INFO [main] c.z.h.HikariDataSource - HikariPool-1 - Starting...
2026-04-23 15:02:22.044  INFO [main] c.z.h.p.HikariPool - HikariPool-1 - Added connection conn0: url=jdbc:h2:mem:alunos_db user=SA
2026-04-23 15:02:22.045  INFO [main] c.z.h.HikariDataSource - HikariPool-1 - Start completed.
2026-04-23 15:02:22.078  INFO [main] o.h.o.c.pooling - HHH10001005: Database info:
	Database JDBC URL [jdbc:h2:mem:alunos_db]
	Database driver: H2 JDBC Driver
	Database dialect: H2Dialect
	Database version: 2.4.240
	Default catalog/schema: ALUNOS_DB/PUBLIC
	Autocommit mode: undefined/unknown
	Isolation level: READ_COMMITTED [default READ_COMMITTED]
	JDBC fetch size: 100
	Pool: DataSourceConnectionProvider
	Minimum pool size: undefined/unknown
	Maximum pool size: undefined/unknown
2026-04-23 15:02:22.563  INFO [main] o.h.o.core - HHH000489: No JTA platform available (set 'hibernate.transaction.jta.platform' to enable JTA platform integration)
2026-04-23 15:02:22.565  INFO [main] o.h.o.j.batch - HHH100501: Automatic JDBC statement batching enabled (maximum batch size 100)
2026-04-23 15:02:22.595  INFO [main] o.s.o.j.LocalContainerEntityManagerFactoryBean - Initialized JPA EntityManagerFactory for persistence unit 'default'
2026-04-23 15:02:22.612  WARN [main] o.s.w.c.s.GenericWebApplicationContext - Exception encountered during context initialization - cancelling refresh attempt: org.springframework.beans.factory.UnsatisfiedDependencyException: Error creating bean with name 'securityConfig' defined in file [/Users/thiagocintra/Documents/gitdevelopment/itau/LoginService/target/classes/com/br/itau/login/config/SecurityConfig.class]: Unsatisfied dependency expressed through constructor parameter 0: Error creating bean with name 'jwtAuthenticationFilter' defined in file [/Users/thiagocintra/Documents/gitdevelopment/itau/LoginService/target/classes/com/br/itau/login/security/JwtAuthenticationFilter.class]: Unsatisfied dependency expressed through constructor parameter 0: No qualifying bean of type 'com.br.itau.login.service.JwtService' available: expected at least 1 bean which qualifies as autowire candidate. Dependency annotations: {}
2026-04-23 15:02:22.612  INFO [main] o.s.o.j.LocalContainerEntityManagerFactoryBean - Closing JPA EntityManagerFactory for persistence unit 'default'
2026-04-23 15:02:22.614  INFO [main] c.z.h.HikariDataSource - HikariPool-1 - Shutdown initiated...
2026-04-23 15:02:22.615  INFO [main] c.z.h.HikariDataSource - HikariPool-1 - Shutdown completed.
2026-04-23 15:02:22.624  INFO [main] o.s.b.a.l.ConditionEvaluationReportLogger - 

Error starting ApplicationContext. To display the condition evaluation report re-run your application with 'debug' enabled.
2026-04-23 15:02:22.634 ERROR [main] o.s.b.d.LoggingFailureAnalysisReporter - 

***************************
APPLICATION FAILED TO START
***************************

Description:

Parameter 0 of constructor in com.br.itau.login.security.JwtAuthenticationFilter required a bean of type 'com.br.itau.login.service.JwtService' that could not be found.


Action:

Consider defining a bean of type 'com.br.itau.login.service.JwtService' in your configuration.

2026-04-23 15:02:22.636  WARN [main] o.s.t.c.TestContextManager - Caught exception while allowing TestExecutionListener [org.springframework.test.context.web.ServletTestExecutionListener] to prepare test instance [com.br.itau.login.LoginApplicationTests@11ce61d1]
java.lang.IllegalStateException: Failed to load ApplicationContext for [WebMergedContextConfiguration@14f11a56 testClass = com.br.itau.login.LoginApplicationTests, locations = [], classes = [com.br.itau.login.LoginApplication], contextInitializerClasses = [], activeProfiles = [], propertySourceDescriptors = [], propertySourceProperties = ["org.springframework.boot.test.context.SpringBootTestContextBootstrapper=true"], contextCustomizers = [org.springframework.boot.web.server.context.SpringBootTestRandomPortContextCustomizer@34a97744, org.springframework.boot.test.context.PropertyMappingContextCustomizer@0, org.springframework.boot.test.context.filter.ExcludeFilterContextCustomizer@f6c03cb, org.springframework.boot.test.json.DuplicateJsonObjectContextCustomizerFactory$DuplicateJsonObjectContextCustomizer@5be067de, org.springframework.boot.test.autoconfigure.OnFailureConditionReportContextCustomizerFactory$OnFailureConditionReportContextCustomizer@7c7d3c46, org.springframework.test.context.support.DynamicPropertiesContextCustomizer@0, org.springframework.boot.test.context.SpringBootTestAnnotation@fefab912], resourceBasePath = "src/main/webapp", contextLoader = org.springframework.boot.test.context.SpringBootContextLoader, parent = null]
	at org.springframework.test.context.cache.DefaultCacheAwareContextLoaderDelegate.lambda$loadContext$0(DefaultCacheAwareContextLoaderDelegate.java:195)
	at org.springframework.test.context.cache.DefaultContextCache.put(DefaultContextCache.java:214)
	at org.springframework.test.context.cache.DefaultCacheAwareContextLoaderDelegate.loadContext(DefaultCacheAwareContextLoaderDelegate.java:160)
	at org.springframework.test.context.support.DefaultTestContext.getApplicationContext(DefaultTestContext.java:128)
	at org.springframework.test.context.web.ServletTestExecutionListener.setUpRequestContextIfNecessary(ServletTestExecutionListener.java:200)
	at org.springframework.test.context.web.ServletTestExecutionListener.prepareTestInstance(ServletTestExecutionListener.java:139)
	at org.springframework.test.context.TestContextManager.prepareTestInstance(TestContextManager.java:260)
	at org.springframework.test.context.junit.jupiter.SpringExtension.postProcessTestInstance(SpringExtension.java:210)
	at org.junit.jupiter.engine.descriptor.ClassBasedTestDescriptor.lambda$invokeTestInstancePostProcessors$1(ClassBasedTestDescriptor.java:423)
	at org.junit.jupiter.engine.descriptor.ClassBasedTestDescriptor.executeAndMaskThrowable(ClassBasedTestDescriptor.java:428)
	at org.junit.jupiter.engine.descriptor.ClassBasedTestDescriptor.lambda$invokeTestInstancePostProcessors$0(ClassBasedTestDescriptor.java:422)
	at java.base/java.util.stream.ForEachOps$ForEachOp$OfRef.accept(ForEachOps.java:184)
	at java.base/java.util.stream.ReferencePipeline$3$1.accept(ReferencePipeline.java:197)
	at java.base/java.util.stream.ReferencePipeline$2$1.accept(ReferencePipeline.java:179)
	at java.base/java.util.stream.ReferencePipeline$3$1.accept(ReferencePipeline.java:197)
	at java.base/java.util.ArrayList$ArrayListSpliterator.forEachRemaining(ArrayList.java:1708)
	at java.base/java.util.stream.AbstractPipeline.copyInto(AbstractPipeline.java:509)
	at java.base/java.util.stream.AbstractPipeline.wrapAndCopyInto(AbstractPipeline.java:499)
	at java.base/java.util.stream.ForEachOps$ForEachOp.evaluateSequential(ForEachOps.java:151)
	at java.base/java.util.stream.ForEachOps$ForEachOp$OfRef.evaluateSequential(ForEachOps.java:174)
	at java.base/java.util.stream.AbstractPipeline.evaluate(AbstractPipeline.java:234)
	at java.base/java.util.stream.ReferencePipeline.forEach(ReferencePipeline.java:596)
	at org.junit.jupiter.engine.descriptor.ClassBasedTestDescriptor.invokeTestInstancePostProcessors(ClassBasedTestDescriptor.java:422)
	at org.junit.jupiter.engine.descriptor.ClassBasedTestDescriptor.lambda$instantiateAndPostProcessTestInstance$0(ClassBasedTestDescriptor.java:334)
	at org.junit.platform.engine.support.hierarchical.ThrowableCollector.execute(ThrowableCollector.java:74)
	at org.junit.jupiter.engine.descriptor.ClassBasedTestDescriptor.instantiateAndPostProcessTestInstance(ClassBasedTestDescriptor.java:333)
	at org.junit.jupiter.engine.descriptor.ClassBasedTestDescriptor.lambda$testInstancesProvider$1(ClassBasedTestDescriptor.java:322)
	at java.base/java.util.Optional.orElseGet(Optional.java:364)
	at org.junit.jupiter.engine.descriptor.ClassBasedTestDescriptor.lambda$testInstancesProvider$0(ClassBasedTestDescriptor.java:321)
	at org.junit.jupiter.engine.execution.TestInstancesProvider.getTestInstances(TestInstancesProvider.java:27)
	at org.junit.jupiter.engine.descriptor.TestMethodTestDescriptor.lambda$prepare$0(TestMethodTestDescriptor.java:127)
	at org.junit.platform.engine.support.hierarchical.ThrowableCollector.execute(ThrowableCollector.java:74)
	at org.junit.jupiter.engine.descriptor.TestMethodTestDescriptor.prepare(TestMethodTestDescriptor.java:126)
	at org.junit.jupiter.engine.descriptor.TestMethodTestDescriptor.prepare(TestMethodTestDescriptor.java:70)
	at org.junit.platform.engine.support.hierarchical.NodeTestTask.lambda$prepare$0(NodeTestTask.java:144)
	at org.junit.platform.engine.support.hierarchical.ThrowableCollector.execute(ThrowableCollector.java:74)
	at org.junit.platform.engine.support.hierarchical.NodeTestTask.prepare(NodeTestTask.java:144)
	at org.junit.platform.engine.support.hierarchical.NodeTestTask.execute(NodeTestTask.java:110)
	at java.base/java.util.ArrayList.forEach(ArrayList.java:1596)
	at org.junit.platform.engine.support.hierarchical.SameThreadHierarchicalTestExecutorService.invokeAll(SameThreadHierarchicalTestExecutorService.java:42)
	at org.junit.platform.engine.support.hierarchical.NodeTestTask.lambda$executeRecursively$2(NodeTestTask.java:180)
	at org.junit.platform.engine.support.hierarchical.ThrowableCollector.execute(ThrowableCollector.java:74)
	at org.junit.platform.engine.support.hierarchical.NodeTestTask.lambda$executeRecursively$1(NodeTestTask.java:166)
	at org.junit.platform.engine.support.hierarchical.Node.around(Node.java:138)
	at org.junit.platform.engine.support.hierarchical.NodeTestTask.lambda$executeRecursively$0(NodeTestTask.java:164)
	at org.junit.platform.engine.support.hierarchical.ThrowableCollector.execute(ThrowableCollector.java:74)
	at org.junit.platform.engine.support.hierarchical.NodeTestTask.executeRecursively(NodeTestTask.java:163)
	at org.junit.platform.engine.support.hierarchical.NodeTestTask.execute(NodeTestTask.java:116)
	at java.base/java.util.ArrayList.forEach(ArrayList.java:1596)
	at org.junit.platform.engine.support.hierarchical.SameThreadHierarchicalTestExecutorService.invokeAll(SameThreadHierarchicalTestExecutorService.java:42)
	at org.junit.platform.engine.support.hierarchical.NodeTestTask.lambda$executeRecursively$2(NodeTestTask.java:180)
	at org.junit.platform.engine.support.hierarchical.ThrowableCollector.execute(ThrowableCollector.java:74)
	at org.junit.platform.engine.support.hierarchical.NodeTestTask.lambda$executeRecursively$1(NodeTestTask.java:166)
	at org.junit.platform.engine.support.hierarchical.Node.around(Node.java:138)
	at org.junit.platform.engine.support.hierarchical.NodeTestTask.lambda$executeRecursively$0(NodeTestTask.java:164)
	at org.junit.platform.engine.support.hierarchical.ThrowableCollector.execute(ThrowableCollector.java:74)
	at org.junit.platform.engine.support.hierarchical.NodeTestTask.executeRecursively(NodeTestTask.java:163)
	at org.junit.platform.engine.support.hierarchical.NodeTestTask.execute(NodeTestTask.java:116)
	at org.junit.platform.engine.support.hierarchical.SameThreadHierarchicalTestExecutorService.submit(SameThreadHierarchicalTestExecutorService.java:36)
	at org.junit.platform.engine.support.hierarchical.HierarchicalTestExecutor.execute(HierarchicalTestExecutor.java:52)
	at org.junit.platform.engine.support.hierarchical.HierarchicalTestEngine.execute(HierarchicalTestEngine.java:58)
	at org.junit.platform.launcher.core.EngineExecutionOrchestrator.executeEngine(EngineExecutionOrchestrator.java:246)
	at org.junit.platform.launcher.core.EngineExecutionOrchestrator.failOrExecuteEngine(EngineExecutionOrchestrator.java:218)
	at org.junit.platform.launcher.core.EngineExecutionOrchestrator.execute(EngineExecutionOrchestrator.java:179)
	at org.junit.platform.launcher.core.EngineExecutionOrchestrator.execute(EngineExecutionOrchestrator.java:108)
	at org.junit.platform.launcher.core.EngineExecutionOrchestrator.lambda$execute$0(EngineExecutionOrchestrator.java:66)
	at org.junit.platform.launcher.core.EngineExecutionOrchestrator.withInterceptedStreams(EngineExecutionOrchestrator.java:157)
	at org.junit.platform.launcher.core.EngineExecutionOrchestrator.execute(EngineExecutionOrchestrator.java:65)
	at org.junit.platform.launcher.core.DefaultLauncher.execute(DefaultLauncher.java:125)
	at org.junit.platform.launcher.core.DefaultLauncher.execute(DefaultLauncher.java:114)
	at org.junit.platform.launcher.core.DelegatingLauncher.execute(DelegatingLauncher.java:58)
	at org.junit.platform.launcher.core.InterceptingLauncher.lambda$execute$2(InterceptingLauncher.java:57)
	at org.junit.platform.launcher.core.ClasspathAlignmentCheckingLauncherInterceptor.intercept(ClasspathAlignmentCheckingLauncherInterceptor.java:25)
	at org.junit.platform.launcher.core.InterceptingLauncher.execute(InterceptingLauncher.java:56)
	at org.junit.platform.launcher.core.DelegatingLauncher.execute(DelegatingLauncher.java:58)
	at java.base/jdk.internal.reflect.DirectMethodHandleAccessor.invoke(DirectMethodHandleAccessor.java:103)
	at java.base/java.lang.reflect.Method.invoke(Method.java:580)
	at org.apache.maven.surefire.api.util.ReflectionUtils.invokeMethodWithArray(ReflectionUtils.java:125)
	at org.apache.maven.surefire.junitplatform.LauncherAdapter.executeWithCancellationToken(LauncherAdapter.java:68)
	at org.apache.maven.surefire.junitplatform.LauncherAdapter.execute(LauncherAdapter.java:54)
	at org.apache.maven.surefire.junitplatform.JUnitPlatformProvider.execute(JUnitPlatformProvider.java:203)
	at org.apache.maven.surefire.junitplatform.JUnitPlatformProvider.invokeAllTests(JUnitPlatformProvider.java:168)
	at org.apache.maven.surefire.junitplatform.JUnitPlatformProvider.invoke(JUnitPlatformProvider.java:136)
	at org.apache.maven.surefire.booter.ForkedBooter.runSuitesInProcess(ForkedBooter.java:385)
	at org.apache.maven.surefire.booter.ForkedBooter.execute(ForkedBooter.java:162)
	at org.apache.maven.surefire.booter.ForkedBooter.run(ForkedBooter.java:507)
	at org.apache.maven.surefire.booter.ForkedBooter.main(ForkedBooter.java:495)
Caused by: org.springframework.beans.factory.UnsatisfiedDependencyException: Error creating bean with name 'securityConfig' defined in file [/Users/thiagocintra/Documents/gitdevelopment/itau/LoginService/target/classes/com/br/itau/login/config/SecurityConfig.class]: Unsatisfied dependency expressed through constructor parameter 0: Error creating bean with name 'jwtAuthenticationFilter' defined in file [/Users/thiagocintra/Documents/gitdevelopment/itau/LoginService/target/classes/com/br/itau/login/security/JwtAuthenticationFilter.class]: Unsatisfied dependency expressed through constructor parameter 0: No qualifying bean of type 'com.br.itau.login.service.JwtService' available: expected at least 1 bean which qualifies as autowire candidate. Dependency annotations: {}
	at org.springframework.beans.factory.support.ConstructorResolver.createArgumentArray(ConstructorResolver.java:804)
	at org.springframework.beans.factory.support.ConstructorResolver.autowireConstructor(ConstructorResolver.java:240)
	at org.springframework.beans.factory.support.AbstractAutowireCapableBeanFactory.autowireConstructor(AbstractAutowireCapableBeanFactory.java:1382)
	at org.springframework.beans.factory.support.AbstractAutowireCapableBeanFactory.createBeanInstance(AbstractAutowireCapableBeanFactory.java:1221)
	at org.springframework.beans.factory.support.AbstractAutowireCapableBeanFactory.doCreateBean(AbstractAutowireCapableBeanFactory.java:565)
	at org.springframework.beans.factory.support.AbstractAutowireCapableBeanFactory.createBean(AbstractAutowireCapableBeanFactory.java:525)
	at org.springframework.beans.factory.support.AbstractBeanFactory.lambda$doGetBean$0(AbstractBeanFactory.java:333)
	at org.springframework.beans.factory.support.DefaultSingletonBeanRegistry.getSingleton(DefaultSingletonBeanRegistry.java:371)
	at org.springframework.beans.factory.support.AbstractBeanFactory.doGetBean(AbstractBeanFactory.java:331)
	at org.springframework.beans.factory.support.AbstractBeanFactory.getBean(AbstractBeanFactory.java:196)
	at org.springframework.beans.factory.support.DefaultListableBeanFactory.instantiateSingleton(DefaultListableBeanFactory.java:1218)
	at org.springframework.beans.factory.support.DefaultListableBeanFactory.preInstantiateSingleton(DefaultListableBeanFactory.java:1184)
	at org.springframework.beans.factory.support.DefaultListableBeanFactory.preInstantiateSingletons(DefaultListableBeanFactory.java:1121)
	at org.springframework.context.support.AbstractApplicationContext.finishBeanFactoryInitialization(AbstractApplicationContext.java:994)
	at org.springframework.context.support.AbstractApplicationContext.refresh(AbstractApplicationContext.java:621)
	at org.springframework.boot.SpringApplication.refresh(SpringApplication.java:756)
	at org.springframework.boot.SpringApplication.refreshContext(SpringApplication.java:445)
	at org.springframework.boot.SpringApplication.run(SpringApplication.java:321)
	at org.springframework.boot.test.context.SpringBootContextLoader.lambda$loadContext$2(SpringBootContextLoader.java:155)
	at org.springframework.util.function.ThrowingSupplier.get(ThrowingSupplier.java:58)
	at org.springframework.util.function.ThrowingSupplier.get(ThrowingSupplier.java:46)
	at org.springframework.boot.SpringApplication.withHook(SpringApplication.java:1465)
	at org.springframework.boot.test.context.SpringBootContextLoader$ContextLoaderHook.run(SpringBootContextLoader.java:600)
	at org.springframework.boot.test.context.SpringBootContextLoader.loadContext(SpringBootContextLoader.java:155)
	at org.springframework.boot.test.context.SpringBootContextLoader.loadContext(SpringBootContextLoader.java:114)
	at org.springframework.test.context.cache.DefaultCacheAwareContextLoaderDelegate.loadContextInternal(DefaultCacheAwareContextLoaderDelegate.java:247)
	at org.springframework.test.context.cache.DefaultCacheAwareContextLoaderDelegate.lambda$loadContext$0(DefaultCacheAwareContextLoaderDelegate.java:167)
	... 86 common frames omitted
Caused by: org.springframework.beans.factory.UnsatisfiedDependencyException: Error creating bean with name 'jwtAuthenticationFilter' defined in file [/Users/thiagocintra/Documents/gitdevelopment/itau/LoginService/target/classes/com/br/itau/login/security/JwtAuthenticationFilter.class]: Unsatisfied dependency expressed through constructor parameter 0: No qualifying bean of type 'com.br.itau.login.service.JwtService' available: expected at least 1 bean which qualifies as autowire candidate. Dependency annotations: {}
	at org.springframework.beans.factory.support.ConstructorResolver.createArgumentArray(ConstructorResolver.java:804)
	at org.springframework.beans.factory.support.ConstructorResolver.autowireConstructor(ConstructorResolver.java:240)
	at org.springframework.beans.factory.support.AbstractAutowireCapableBeanFactory.autowireConstructor(AbstractAutowireCapableBeanFactory.java:1382)
	at org.springframework.beans.factory.support.AbstractAutowireCapableBeanFactory.createBeanInstance(AbstractAutowireCapableBeanFactory.java:1221)
	at org.springframework.beans.factory.support.AbstractAutowireCapableBeanFactory.doCreateBean(AbstractAutowireCapableBeanFactory.java:565)
	at org.springframework.beans.factory.support.AbstractAutowireCapableBeanFactory.createBean(AbstractAutowireCapableBeanFactory.java:525)
	at org.springframework.beans.factory.support.AbstractBeanFactory.lambda$doGetBean$0(AbstractBeanFactory.java:333)
	at org.springframework.beans.factory.support.DefaultSingletonBeanRegistry.getSingleton(DefaultSingletonBeanRegistry.java:371)
	at org.springframework.beans.factory.support.AbstractBeanFactory.doGetBean(AbstractBeanFactory.java:331)
	at org.springframework.beans.factory.support.AbstractBeanFactory.getBean(AbstractBeanFactory.java:201)
	at org.springframework.beans.factory.support.DefaultListableBeanFactory.resolveBean(DefaultListableBeanFactory.java:1225)
	at org.springframework.beans.factory.support.DefaultListableBeanFactory.doResolveDependency(DefaultListableBeanFactory.java:1704)
	at org.springframework.beans.factory.support.DefaultListableBeanFactory.resolveDependency(DefaultListableBeanFactory.java:1651)
	at org.springframework.beans.factory.support.ConstructorResolver.resolveAutowiredArgument(ConstructorResolver.java:912)
	at org.springframework.beans.factory.support.ConstructorResolver.createArgumentArray(ConstructorResolver.java:791)
	... 112 common frames omitted
Caused by: org.springframework.beans.factory.NoSuchBeanDefinitionException: No qualifying bean of type 'com.br.itau.login.service.JwtService' available: expected at least 1 bean which qualifies as autowire candidate. Dependency annotations: {}
	at org.springframework.beans.factory.support.DefaultListableBeanFactory.raiseNoMatchingBeanFound(DefaultListableBeanFactory.java:2297)
	at org.springframework.beans.factory.support.DefaultListableBeanFactory.doResolveDependency(DefaultListableBeanFactory.java:1725)
	at org.springframework.beans.factory.support.DefaultListableBeanFactory.resolveDependency(DefaultListableBeanFactory.java:1651)
	at org.springframework.beans.factory.support.ConstructorResolver.resolveAutowiredArgument(ConstructorResolver.java:912)
	at org.springframework.beans.factory.support.ConstructorResolver.createArgumentArray(ConstructorResolver.java:791)
	... 126 common frames omitted
2026-04-23 15:09:51.699  INFO [main] c.b.i.l.LoginApplicationTests - Starting LoginApplicationTests using Java 21.0.10 with PID 8948 (started by thiagocintra in /Users/thiagocintra/Documents/gitdevelopment/itau/LoginService)
2026-04-23 15:09:51.701  INFO [main] c.b.i.l.LoginApplicationTests - No active profile set, falling back to 1 default profile: "default"
2026-04-23 15:09:52.064  INFO [main] o.s.d.r.c.RepositoryConfigurationDelegate - Multiple Spring Data modules found, entering strict repository configuration mode
2026-04-23 15:09:52.065  INFO [main] o.s.d.r.c.RepositoryConfigurationDelegate - Bootstrapping Spring Data JPA repositories in DEFAULT mode.
2026-04-23 15:09:52.138  INFO [main] o.s.d.r.c.RepositoryConfigurationDelegate - Finished Spring Data repository scanning in 68 ms. Found 1 JPA repository interface.
2026-04-23 15:09:52.170  INFO [main] o.s.d.r.c.RepositoryConfigurationDelegate - Multiple Spring Data modules found, entering strict repository configuration mode
2026-04-23 15:09:52.171  INFO [main] o.s.d.r.c.RepositoryConfigurationDelegate - Bootstrapping Spring Data Redis repositories in DEFAULT mode.
2026-04-23 15:09:52.180  INFO [main] o.s.d.r.c.RepositoryConfigurationExtensionSupport - Spring Data Redis - Could not safely identify store assignment for repository candidate interface com.br.itau.login.repository.UserAccountRepository; If you want this repository to be a Redis repository, consider annotating your entities with one of these annotations: org.springframework.data.redis.core.RedisHash (preferred), or consider extending one of the following types with your repository: org.springframework.data.keyvalue.repository.KeyValueRepository
2026-04-23 15:09:52.180  INFO [main] o.s.d.r.c.RepositoryConfigurationDelegate - Finished Spring Data repository scanning in 3 ms. Found 0 Redis repository interfaces.
2026-04-23 15:09:52.458  INFO [main] o.h.o.jpa - HHH008540: Processing PersistenceUnitInfo [name: default]
2026-04-23 15:09:52.494  INFO [main] o.h.o.core - HHH000001: Hibernate ORM core version 7.2.7.Final
2026-04-23 15:09:52.706  INFO [main] o.s.o.j.p.SpringPersistenceUnitInfo - No LoadTimeWeaver setup: ignoring JPA class transformer
2026-04-23 15:09:52.723  INFO [main] c.z.h.HikariDataSource - HikariPool-1 - Starting...
2026-04-23 15:09:52.818  INFO [main] c.z.h.p.HikariPool - HikariPool-1 - Added connection conn0: url=jdbc:h2:mem:alunos_db user=SA
2026-04-23 15:09:52.819  INFO [main] c.z.h.HikariDataSource - HikariPool-1 - Start completed.
2026-04-23 15:09:52.855  INFO [main] o.h.o.c.pooling - HHH10001005: Database info:
	Database JDBC URL [jdbc:h2:mem:alunos_db]
	Database driver: H2 JDBC Driver
	Database dialect: H2Dialect
	Database version: 2.4.240
	Default catalog/schema: ALUNOS_DB/PUBLIC
	Autocommit mode: undefined/unknown
	Isolation level: READ_COMMITTED [default READ_COMMITTED]
	JDBC fetch size: 100
	Pool: DataSourceConnectionProvider
	Minimum pool size: undefined/unknown
	Maximum pool size: undefined/unknown
2026-04-23 15:09:53.349  INFO [main] o.h.o.core - HHH000489: No JTA platform available (set 'hibernate.transaction.jta.platform' to enable JTA platform integration)
2026-04-23 15:09:53.351  INFO [main] o.h.o.j.batch - HHH100501: Automatic JDBC statement batching enabled (maximum batch size 100)
2026-04-23 15:09:53.380  INFO [main] o.s.o.j.LocalContainerEntityManagerFactoryBean - Initialized JPA EntityManagerFactory for persistence unit 'default'
2026-04-23 15:09:53.403  WARN [main] o.s.w.c.s.GenericWebApplicationContext - Exception encountered during context initialization - cancelling refresh attempt: org.springframework.beans.factory.UnsatisfiedDependencyException: Error creating bean with name 'securityConfig' defined in file [/Users/thiagocintra/Documents/gitdevelopment/itau/LoginService/target/classes/com/br/itau/login/config/SecurityConfig.class]: Unsatisfied dependency expressed through constructor parameter 0: Error creating bean with name 'jwtAuthenticationFilter' defined in file [/Users/thiagocintra/Documents/gitdevelopment/itau/LoginService/target/classes/com/br/itau/login/security/JwtAuthenticationFilter.class]: Unsatisfied dependency expressed through constructor parameter 1: No qualifying bean of type 'com.br.itau.login.service.SessionService' available: expected at least 1 bean which qualifies as autowire candidate. Dependency annotations: {}
2026-04-23 15:09:53.404  INFO [main] o.s.o.j.LocalContainerEntityManagerFactoryBean - Closing JPA EntityManagerFactory for persistence unit 'default'
2026-04-23 15:09:53.405  INFO [main] c.z.h.HikariDataSource - HikariPool-1 - Shutdown initiated...
2026-04-23 15:09:53.406  INFO [main] c.z.h.HikariDataSource - HikariPool-1 - Shutdown completed.
2026-04-23 15:09:53.415  INFO [main] o.s.b.a.l.ConditionEvaluationReportLogger - 

Error starting ApplicationContext. To display the condition evaluation report re-run your application with 'debug' enabled.
2026-04-23 15:09:53.426 ERROR [main] o.s.b.d.LoggingFailureAnalysisReporter - 

***************************
APPLICATION FAILED TO START
***************************

Description:

Parameter 1 of constructor in com.br.itau.login.security.JwtAuthenticationFilter required a bean of type 'com.br.itau.login.service.SessionService' that could not be found.


Action:

Consider defining a bean of type 'com.br.itau.login.service.SessionService' in your configuration.

2026-04-23 15:09:53.427  WARN [main] o.s.t.c.TestContextManager - Caught exception while allowing TestExecutionListener [org.springframework.test.context.web.ServletTestExecutionListener] to prepare test instance [com.br.itau.login.LoginApplicationTests@4f8488ef]
java.lang.IllegalStateException: Failed to load ApplicationContext for [WebMergedContextConfiguration@29f72685 testClass = com.br.itau.login.LoginApplicationTests, locations = [], classes = [com.br.itau.login.LoginApplication], contextInitializerClasses = [], activeProfiles = [], propertySourceDescriptors = [], propertySourceProperties = ["org.springframework.boot.test.context.SpringBootTestContextBootstrapper=true"], contextCustomizers = [org.springframework.boot.web.server.context.SpringBootTestRandomPortContextCustomizer@34a97744, org.springframework.boot.test.context.PropertyMappingContextCustomizer@0, org.springframework.boot.test.context.filter.ExcludeFilterContextCustomizer@f6c03cb, org.springframework.boot.test.json.DuplicateJsonObjectContextCustomizerFactory$DuplicateJsonObjectContextCustomizer@5be067de, org.springframework.boot.test.autoconfigure.OnFailureConditionReportContextCustomizerFactory$OnFailureConditionReportContextCustomizer@7c7d3c46, org.springframework.test.context.support.DynamicPropertiesContextCustomizer@0, org.springframework.boot.test.context.SpringBootTestAnnotation@fefab912], resourceBasePath = "src/main/webapp", contextLoader = org.springframework.boot.test.context.SpringBootContextLoader, parent = null]
	at org.springframework.test.context.cache.DefaultCacheAwareContextLoaderDelegate.lambda$loadContext$0(DefaultCacheAwareContextLoaderDelegate.java:195)
	at org.springframework.test.context.cache.DefaultContextCache.put(DefaultContextCache.java:214)
	at org.springframework.test.context.cache.DefaultCacheAwareContextLoaderDelegate.loadContext(DefaultCacheAwareContextLoaderDelegate.java:160)
	at org.springframework.test.context.support.DefaultTestContext.getApplicationContext(DefaultTestContext.java:128)
	at org.springframework.test.context.web.ServletTestExecutionListener.setUpRequestContextIfNecessary(ServletTestExecutionListener.java:200)
	at org.springframework.test.context.web.ServletTestExecutionListener.prepareTestInstance(ServletTestExecutionListener.java:139)
	at org.springframework.test.context.TestContextManager.prepareTestInstance(TestContextManager.java:260)
	at org.springframework.test.context.junit.jupiter.SpringExtension.postProcessTestInstance(SpringExtension.java:210)
	at org.junit.jupiter.engine.descriptor.ClassBasedTestDescriptor.lambda$invokeTestInstancePostProcessors$1(ClassBasedTestDescriptor.java:423)
	at org.junit.jupiter.engine.descriptor.ClassBasedTestDescriptor.executeAndMaskThrowable(ClassBasedTestDescriptor.java:428)
	at org.junit.jupiter.engine.descriptor.ClassBasedTestDescriptor.lambda$invokeTestInstancePostProcessors$0(ClassBasedTestDescriptor.java:422)
	at java.base/java.util.stream.ForEachOps$ForEachOp$OfRef.accept(ForEachOps.java:184)
	at java.base/java.util.stream.ReferencePipeline$3$1.accept(ReferencePipeline.java:197)
	at java.base/java.util.stream.ReferencePipeline$2$1.accept(ReferencePipeline.java:179)
	at java.base/java.util.stream.ReferencePipeline$3$1.accept(ReferencePipeline.java:197)
	at java.base/java.util.ArrayList$ArrayListSpliterator.forEachRemaining(ArrayList.java:1708)
	at java.base/java.util.stream.AbstractPipeline.copyInto(AbstractPipeline.java:509)
	at java.base/java.util.stream.AbstractPipeline.wrapAndCopyInto(AbstractPipeline.java:499)
	at java.base/java.util.stream.ForEachOps$ForEachOp.evaluateSequential(ForEachOps.java:151)
	at java.base/java.util.stream.ForEachOps$ForEachOp$OfRef.evaluateSequential(ForEachOps.java:174)
	at java.base/java.util.stream.AbstractPipeline.evaluate(AbstractPipeline.java:234)
	at java.base/java.util.stream.ReferencePipeline.forEach(ReferencePipeline.java:596)
	at org.junit.jupiter.engine.descriptor.ClassBasedTestDescriptor.invokeTestInstancePostProcessors(ClassBasedTestDescriptor.java:422)
	at org.junit.jupiter.engine.descriptor.ClassBasedTestDescriptor.lambda$instantiateAndPostProcessTestInstance$0(ClassBasedTestDescriptor.java:334)
	at org.junit.platform.engine.support.hierarchical.ThrowableCollector.execute(ThrowableCollector.java:74)
	at org.junit.jupiter.engine.descriptor.ClassBasedTestDescriptor.instantiateAndPostProcessTestInstance(ClassBasedTestDescriptor.java:333)
	at org.junit.jupiter.engine.descriptor.ClassBasedTestDescriptor.lambda$testInstancesProvider$1(ClassBasedTestDescriptor.java:322)
	at java.base/java.util.Optional.orElseGet(Optional.java:364)
	at org.junit.jupiter.engine.descriptor.ClassBasedTestDescriptor.lambda$testInstancesProvider$0(ClassBasedTestDescriptor.java:321)
	at org.junit.jupiter.engine.execution.TestInstancesProvider.getTestInstances(TestInstancesProvider.java:27)
	at org.junit.jupiter.engine.descriptor.TestMethodTestDescriptor.lambda$prepare$0(TestMethodTestDescriptor.java:127)
	at org.junit.platform.engine.support.hierarchical.ThrowableCollector.execute(ThrowableCollector.java:74)
	at org.junit.jupiter.engine.descriptor.TestMethodTestDescriptor.prepare(TestMethodTestDescriptor.java:126)
	at org.junit.jupiter.engine.descriptor.TestMethodTestDescriptor.prepare(TestMethodTestDescriptor.java:70)
	at org.junit.platform.engine.support.hierarchical.NodeTestTask.lambda$prepare$0(NodeTestTask.java:144)
	at org.junit.platform.engine.support.hierarchical.ThrowableCollector.execute(ThrowableCollector.java:74)
	at org.junit.platform.engine.support.hierarchical.NodeTestTask.prepare(NodeTestTask.java:144)
	at org.junit.platform.engine.support.hierarchical.NodeTestTask.execute(NodeTestTask.java:110)
	at java.base/java.util.ArrayList.forEach(ArrayList.java:1596)
	at org.junit.platform.engine.support.hierarchical.SameThreadHierarchicalTestExecutorService.invokeAll(SameThreadHierarchicalTestExecutorService.java:42)
	at org.junit.platform.engine.support.hierarchical.NodeTestTask.lambda$executeRecursively$2(NodeTestTask.java:180)
	at org.junit.platform.engine.support.hierarchical.ThrowableCollector.execute(ThrowableCollector.java:74)
	at org.junit.platform.engine.support.hierarchical.NodeTestTask.lambda$executeRecursively$1(NodeTestTask.java:166)
	at org.junit.platform.engine.support.hierarchical.Node.around(Node.java:138)
	at org.junit.platform.engine.support.hierarchical.NodeTestTask.lambda$executeRecursively$0(NodeTestTask.java:164)
	at org.junit.platform.engine.support.hierarchical.ThrowableCollector.execute(ThrowableCollector.java:74)
	at org.junit.platform.engine.support.hierarchical.NodeTestTask.executeRecursively(NodeTestTask.java:163)
	at org.junit.platform.engine.support.hierarchical.NodeTestTask.execute(NodeTestTask.java:116)
	at java.base/java.util.ArrayList.forEach(ArrayList.java:1596)
	at org.junit.platform.engine.support.hierarchical.SameThreadHierarchicalTestExecutorService.invokeAll(SameThreadHierarchicalTestExecutorService.java:42)
	at org.junit.platform.engine.support.hierarchical.NodeTestTask.lambda$executeRecursively$2(NodeTestTask.java:180)
	at org.junit.platform.engine.support.hierarchical.ThrowableCollector.execute(ThrowableCollector.java:74)
	at org.junit.platform.engine.support.hierarchical.NodeTestTask.lambda$executeRecursively$1(NodeTestTask.java:166)
	at org.junit.platform.engine.support.hierarchical.Node.around(Node.java:138)
	at org.junit.platform.engine.support.hierarchical.NodeTestTask.lambda$executeRecursively$0(NodeTestTask.java:164)
	at org.junit.platform.engine.support.hierarchical.ThrowableCollector.execute(ThrowableCollector.java:74)
	at org.junit.platform.engine.support.hierarchical.NodeTestTask.executeRecursively(NodeTestTask.java:163)
	at org.junit.platform.engine.support.hierarchical.NodeTestTask.execute(NodeTestTask.java:116)
	at org.junit.platform.engine.support.hierarchical.SameThreadHierarchicalTestExecutorService.submit(SameThreadHierarchicalTestExecutorService.java:36)
	at org.junit.platform.engine.support.hierarchical.HierarchicalTestExecutor.execute(HierarchicalTestExecutor.java:52)
	at org.junit.platform.engine.support.hierarchical.HierarchicalTestEngine.execute(HierarchicalTestEngine.java:58)
	at org.junit.platform.launcher.core.EngineExecutionOrchestrator.executeEngine(EngineExecutionOrchestrator.java:246)
	at org.junit.platform.launcher.core.EngineExecutionOrchestrator.failOrExecuteEngine(EngineExecutionOrchestrator.java:218)
	at org.junit.platform.launcher.core.EngineExecutionOrchestrator.execute(EngineExecutionOrchestrator.java:179)
	at org.junit.platform.launcher.core.EngineExecutionOrchestrator.execute(EngineExecutionOrchestrator.java:108)
	at org.junit.platform.launcher.core.EngineExecutionOrchestrator.lambda$execute$0(EngineExecutionOrchestrator.java:66)
	at org.junit.platform.launcher.core.EngineExecutionOrchestrator.withInterceptedStreams(EngineExecutionOrchestrator.java:157)
	at org.junit.platform.launcher.core.EngineExecutionOrchestrator.execute(EngineExecutionOrchestrator.java:65)
	at org.junit.platform.launcher.core.DefaultLauncher.execute(DefaultLauncher.java:125)
	at org.junit.platform.launcher.core.DefaultLauncher.execute(DefaultLauncher.java:114)
	at org.junit.platform.launcher.core.DelegatingLauncher.execute(DelegatingLauncher.java:58)
	at org.junit.platform.launcher.core.InterceptingLauncher.lambda$execute$2(InterceptingLauncher.java:57)
	at org.junit.platform.launcher.core.ClasspathAlignmentCheckingLauncherInterceptor.intercept(ClasspathAlignmentCheckingLauncherInterceptor.java:25)
	at org.junit.platform.launcher.core.InterceptingLauncher.execute(InterceptingLauncher.java:56)
	at org.junit.platform.launcher.core.DelegatingLauncher.execute(DelegatingLauncher.java:58)
	at java.base/jdk.internal.reflect.DirectMethodHandleAccessor.invoke(DirectMethodHandleAccessor.java:103)
	at java.base/java.lang.reflect.Method.invoke(Method.java:580)
	at org.apache.maven.surefire.api.util.ReflectionUtils.invokeMethodWithArray(ReflectionUtils.java:125)
	at org.apache.maven.surefire.junitplatform.LauncherAdapter.executeWithCancellationToken(LauncherAdapter.java:68)
	at org.apache.maven.surefire.junitplatform.LauncherAdapter.execute(LauncherAdapter.java:54)
	at org.apache.maven.surefire.junitplatform.JUnitPlatformProvider.execute(JUnitPlatformProvider.java:203)
	at org.apache.maven.surefire.junitplatform.JUnitPlatformProvider.invokeAllTests(JUnitPlatformProvider.java:168)
	at org.apache.maven.surefire.junitplatform.JUnitPlatformProvider.invoke(JUnitPlatformProvider.java:136)
	at org.apache.maven.surefire.booter.ForkedBooter.runSuitesInProcess(ForkedBooter.java:385)
	at org.apache.maven.surefire.booter.ForkedBooter.execute(ForkedBooter.java:162)
	at org.apache.maven.surefire.booter.ForkedBooter.run(ForkedBooter.java:507)
	at org.apache.maven.surefire.booter.ForkedBooter.main(ForkedBooter.java:495)
Caused by: org.springframework.beans.factory.UnsatisfiedDependencyException: Error creating bean with name 'securityConfig' defined in file [/Users/thiagocintra/Documents/gitdevelopment/itau/LoginService/target/classes/com/br/itau/login/config/SecurityConfig.class]: Unsatisfied dependency expressed through constructor parameter 0: Error creating bean with name 'jwtAuthenticationFilter' defined in file [/Users/thiagocintra/Documents/gitdevelopment/itau/LoginService/target/classes/com/br/itau/login/security/JwtAuthenticationFilter.class]: Unsatisfied dependency expressed through constructor parameter 1: No qualifying bean of type 'com.br.itau.login.service.SessionService' available: expected at least 1 bean which qualifies as autowire candidate. Dependency annotations: {}
	at org.springframework.beans.factory.support.ConstructorResolver.createArgumentArray(ConstructorResolver.java:804)
	at org.springframework.beans.factory.support.ConstructorResolver.autowireConstructor(ConstructorResolver.java:240)
	at org.springframework.beans.factory.support.AbstractAutowireCapableBeanFactory.autowireConstructor(AbstractAutowireCapableBeanFactory.java:1382)
	at org.springframework.beans.factory.support.AbstractAutowireCapableBeanFactory.createBeanInstance(AbstractAutowireCapableBeanFactory.java:1221)
	at org.springframework.beans.factory.support.AbstractAutowireCapableBeanFactory.doCreateBean(AbstractAutowireCapableBeanFactory.java:565)
	at org.springframework.beans.factory.support.AbstractAutowireCapableBeanFactory.createBean(AbstractAutowireCapableBeanFactory.java:525)
	at org.springframework.beans.factory.support.AbstractBeanFactory.lambda$doGetBean$0(AbstractBeanFactory.java:333)
	at org.springframework.beans.factory.support.DefaultSingletonBeanRegistry.getSingleton(DefaultSingletonBeanRegistry.java:371)
	at org.springframework.beans.factory.support.AbstractBeanFactory.doGetBean(AbstractBeanFactory.java:331)
	at org.springframework.beans.factory.support.AbstractBeanFactory.getBean(AbstractBeanFactory.java:196)
	at org.springframework.beans.factory.support.DefaultListableBeanFactory.instantiateSingleton(DefaultListableBeanFactory.java:1218)
	at org.springframework.beans.factory.support.DefaultListableBeanFactory.preInstantiateSingleton(DefaultListableBeanFactory.java:1184)
	at org.springframework.beans.factory.support.DefaultListableBeanFactory.preInstantiateSingletons(DefaultListableBeanFactory.java:1121)
	at org.springframework.context.support.AbstractApplicationContext.finishBeanFactoryInitialization(AbstractApplicationContext.java:994)
	at org.springframework.context.support.AbstractApplicationContext.refresh(AbstractApplicationContext.java:621)
	at org.springframework.boot.SpringApplication.refresh(SpringApplication.java:756)
	at org.springframework.boot.SpringApplication.refreshContext(SpringApplication.java:445)
	at org.springframework.boot.SpringApplication.run(SpringApplication.java:321)
	at org.springframework.boot.test.context.SpringBootContextLoader.lambda$loadContext$2(SpringBootContextLoader.java:155)
	at org.springframework.util.function.ThrowingSupplier.get(ThrowingSupplier.java:58)
	at org.springframework.util.function.ThrowingSupplier.get(ThrowingSupplier.java:46)
	at org.springframework.boot.SpringApplication.withHook(SpringApplication.java:1465)
	at org.springframework.boot.test.context.SpringBootContextLoader$ContextLoaderHook.run(SpringBootContextLoader.java:600)
	at org.springframework.boot.test.context.SpringBootContextLoader.loadContext(SpringBootContextLoader.java:155)
	at org.springframework.boot.test.context.SpringBootContextLoader.loadContext(SpringBootContextLoader.java:114)
	at org.springframework.test.context.cache.DefaultCacheAwareContextLoaderDelegate.loadContextInternal(DefaultCacheAwareContextLoaderDelegate.java:247)
	at org.springframework.test.context.cache.DefaultCacheAwareContextLoaderDelegate.lambda$loadContext$0(DefaultCacheAwareContextLoaderDelegate.java:167)
	... 86 common frames omitted
Caused by: org.springframework.beans.factory.UnsatisfiedDependencyException: Error creating bean with name 'jwtAuthenticationFilter' defined in file [/Users/thiagocintra/Documents/gitdevelopment/itau/LoginService/target/classes/com/br/itau/login/security/JwtAuthenticationFilter.class]: Unsatisfied dependency expressed through constructor parameter 1: No qualifying bean of type 'com.br.itau.login.service.SessionService' available: expected at least 1 bean which qualifies as autowire candidate. Dependency annotations: {}
	at org.springframework.beans.factory.support.ConstructorResolver.createArgumentArray(ConstructorResolver.java:804)
	at org.springframework.beans.factory.support.ConstructorResolver.autowireConstructor(ConstructorResolver.java:240)
	at org.springframework.beans.factory.support.AbstractAutowireCapableBeanFactory.autowireConstructor(AbstractAutowireCapableBeanFactory.java:1382)
	at org.springframework.beans.factory.support.AbstractAutowireCapableBeanFactory.createBeanInstance(AbstractAutowireCapableBeanFactory.java:1221)
	at org.springframework.beans.factory.support.AbstractAutowireCapableBeanFactory.doCreateBean(AbstractAutowireCapableBeanFactory.java:565)
	at org.springframework.beans.factory.support.AbstractAutowireCapableBeanFactory.createBean(AbstractAutowireCapableBeanFactory.java:525)
	at org.springframework.beans.factory.support.AbstractBeanFactory.lambda$doGetBean$0(AbstractBeanFactory.java:333)
	at org.springframework.beans.factory.support.DefaultSingletonBeanRegistry.getSingleton(DefaultSingletonBeanRegistry.java:371)
	at org.springframework.beans.factory.support.AbstractBeanFactory.doGetBean(AbstractBeanFactory.java:331)
	at org.springframework.beans.factory.support.AbstractBeanFactory.getBean(AbstractBeanFactory.java:201)
	at org.springframework.beans.factory.support.DefaultListableBeanFactory.resolveBean(DefaultListableBeanFactory.java:1225)
	at org.springframework.beans.factory.support.DefaultListableBeanFactory.doResolveDependency(DefaultListableBeanFactory.java:1704)
	at org.springframework.beans.factory.support.DefaultListableBeanFactory.resolveDependency(DefaultListableBeanFactory.java:1651)
	at org.springframework.beans.factory.support.ConstructorResolver.resolveAutowiredArgument(ConstructorResolver.java:912)
	at org.springframework.beans.factory.support.ConstructorResolver.createArgumentArray(ConstructorResolver.java:791)
	... 112 common frames omitted
Caused by: org.springframework.beans.factory.NoSuchBeanDefinitionException: No qualifying bean of type 'com.br.itau.login.service.SessionService' available: expected at least 1 bean which qualifies as autowire candidate. Dependency annotations: {}
	at org.springframework.beans.factory.support.DefaultListableBeanFactory.raiseNoMatchingBeanFound(DefaultListableBeanFactory.java:2297)
	at org.springframework.beans.factory.support.DefaultListableBeanFactory.doResolveDependency(DefaultListableBeanFactory.java:1725)
	at org.springframework.beans.factory.support.DefaultListableBeanFactory.resolveDependency(DefaultListableBeanFactory.java:1651)
	at org.springframework.beans.factory.support.ConstructorResolver.resolveAutowiredArgument(ConstructorResolver.java:912)
	at org.springframework.beans.factory.support.ConstructorResolver.createArgumentArray(ConstructorResolver.java:791)
	... 126 common frames omitted
2026-04-23 15:14:06.554  INFO [main] c.b.i.l.LoginApplicationTests - Starting LoginApplicationTests using Java 21.0.10 with PID 9051 (started by thiagocintra in /Users/thiagocintra/Documents/gitdevelopment/itau/LoginService)
2026-04-23 15:14:06.556  INFO [main] c.b.i.l.LoginApplicationTests - No active profile set, falling back to 1 default profile: "default"
2026-04-23 15:14:06.891  INFO [main] o.s.d.r.c.RepositoryConfigurationDelegate - Multiple Spring Data modules found, entering strict repository configuration mode
2026-04-23 15:14:06.892  INFO [main] o.s.d.r.c.RepositoryConfigurationDelegate - Bootstrapping Spring Data JPA repositories in DEFAULT mode.
2026-04-23 15:14:06.964  INFO [main] o.s.d.r.c.RepositoryConfigurationDelegate - Finished Spring Data repository scanning in 68 ms. Found 1 JPA repository interface.
2026-04-23 15:14:06.990  INFO [main] o.s.d.r.c.RepositoryConfigurationDelegate - Multiple Spring Data modules found, entering strict repository configuration mode
2026-04-23 15:14:06.990  INFO [main] o.s.d.r.c.RepositoryConfigurationDelegate - Bootstrapping Spring Data Redis repositories in DEFAULT mode.
2026-04-23 15:14:07.000  INFO [main] o.s.d.r.c.RepositoryConfigurationExtensionSupport - Spring Data Redis - Could not safely identify store assignment for repository candidate interface com.br.itau.login.repository.UserAccountRepository; If you want this repository to be a Redis repository, consider annotating your entities with one of these annotations: org.springframework.data.redis.core.RedisHash (preferred), or consider extending one of the following types with your repository: org.springframework.data.keyvalue.repository.KeyValueRepository
2026-04-23 15:14:07.001  INFO [main] o.s.d.r.c.RepositoryConfigurationDelegate - Finished Spring Data repository scanning in 3 ms. Found 0 Redis repository interfaces.
2026-04-23 15:14:07.206  WARN [main] o.s.w.c.s.GenericWebApplicationContext - Exception encountered during context initialization - cancelling refresh attempt: org.springframework.beans.factory.BeanCreationException: Error creating bean with name 'entityManagerFactory' defined in class path resource [org/springframework/boot/hibernate/autoconfigure/HibernateJpaConfiguration.class]: Failed to initialize dependency 'dataSourceScriptDatabaseInitializer' of LoadTimeWeaverAware bean 'entityManagerFactory': Error creating bean with name 'dataSourceScriptDatabaseInitializer' defined in class path resource [org/springframework/boot/jdbc/autoconfigure/DataSourceInitializationAutoConfiguration.class]: Unsatisfied dependency expressed through method 'dataSourceScriptDatabaseInitializer' parameter 0: Error creating bean with name 'dataSource' defined in class path resource [org/springframework/boot/jdbc/autoconfigure/DataSourceConfiguration$Hikari.class]: Failed to instantiate [com.zaxxer.hikari.HikariDataSource]: Factory method 'dataSource' threw exception with message: Cannot load driver class: org.h2.Driver
2026-04-23 15:14:07.216  INFO [main] o.s.b.a.l.ConditionEvaluationReportLogger - 

Error starting ApplicationContext. To display the condition evaluation report re-run your application with 'debug' enabled.
2026-04-23 15:14:07.224 ERROR [main] o.s.b.SpringApplication - Application run failed
org.springframework.beans.factory.BeanCreationException: Error creating bean with name 'entityManagerFactory' defined in class path resource [org/springframework/boot/hibernate/autoconfigure/HibernateJpaConfiguration.class]: Failed to initialize dependency 'dataSourceScriptDatabaseInitializer' of LoadTimeWeaverAware bean 'entityManagerFactory': Error creating bean with name 'dataSourceScriptDatabaseInitializer' defined in class path resource [org/springframework/boot/jdbc/autoconfigure/DataSourceInitializationAutoConfiguration.class]: Unsatisfied dependency expressed through method 'dataSourceScriptDatabaseInitializer' parameter 0: Error creating bean with name 'dataSource' defined in class path resource [org/springframework/boot/jdbc/autoconfigure/DataSourceConfiguration$Hikari.class]: Failed to instantiate [com.zaxxer.hikari.HikariDataSource]: Factory method 'dataSource' threw exception with message: Cannot load driver class: org.h2.Driver
	at org.springframework.beans.factory.support.AbstractBeanFactory.doGetBean(AbstractBeanFactory.java:322)
	at org.springframework.beans.factory.support.AbstractBeanFactory.getBean(AbstractBeanFactory.java:201)
	at org.springframework.context.support.AbstractApplicationContext.finishBeanFactoryInitialization(AbstractApplicationContext.java:977)
	at org.springframework.context.support.AbstractApplicationContext.refresh(AbstractApplicationContext.java:621)
	at org.springframework.boot.SpringApplication.refresh(SpringApplication.java:756)
	at org.springframework.boot.SpringApplication.refreshContext(SpringApplication.java:445)
	at org.springframework.boot.SpringApplication.run(SpringApplication.java:321)
	at org.springframework.boot.test.context.SpringBootContextLoader.lambda$loadContext$2(SpringBootContextLoader.java:155)
	at org.springframework.util.function.ThrowingSupplier.get(ThrowingSupplier.java:58)
	at org.springframework.util.function.ThrowingSupplier.get(ThrowingSupplier.java:46)
	at org.springframework.boot.SpringApplication.withHook(SpringApplication.java:1465)
	at org.springframework.boot.test.context.SpringBootContextLoader$ContextLoaderHook.run(SpringBootContextLoader.java:600)
	at org.springframework.boot.test.context.SpringBootContextLoader.loadContext(SpringBootContextLoader.java:155)
	at org.springframework.boot.test.context.SpringBootContextLoader.loadContext(SpringBootContextLoader.java:114)
	at org.springframework.test.context.cache.DefaultCacheAwareContextLoaderDelegate.loadContextInternal(DefaultCacheAwareContextLoaderDelegate.java:247)
	at org.springframework.test.context.cache.DefaultCacheAwareContextLoaderDelegate.lambda$loadContext$0(DefaultCacheAwareContextLoaderDelegate.java:167)
	at org.springframework.test.context.cache.DefaultContextCache.put(DefaultContextCache.java:214)
	at org.springframework.test.context.cache.DefaultCacheAwareContextLoaderDelegate.loadContext(DefaultCacheAwareContextLoaderDelegate.java:160)
	at org.springframework.test.context.support.DefaultTestContext.getApplicationContext(DefaultTestContext.java:128)
	at org.springframework.test.context.web.ServletTestExecutionListener.setUpRequestContextIfNecessary(ServletTestExecutionListener.java:200)
	at org.springframework.test.context.web.ServletTestExecutionListener.prepareTestInstance(ServletTestExecutionListener.java:139)
	at org.springframework.test.context.TestContextManager.prepareTestInstance(TestContextManager.java:260)
	at org.springframework.test.context.junit.jupiter.SpringExtension.postProcessTestInstance(SpringExtension.java:210)
	at org.junit.jupiter.engine.descriptor.ClassBasedTestDescriptor.lambda$invokeTestInstancePostProcessors$1(ClassBasedTestDescriptor.java:423)
	at org.junit.jupiter.engine.descriptor.ClassBasedTestDescriptor.executeAndMaskThrowable(ClassBasedTestDescriptor.java:428)
	at org.junit.jupiter.engine.descriptor.ClassBasedTestDescriptor.lambda$invokeTestInstancePostProcessors$0(ClassBasedTestDescriptor.java:422)
	at java.base/java.util.stream.ForEachOps$ForEachOp$OfRef.accept(ForEachOps.java:184)
	at java.base/java.util.stream.ReferencePipeline$3$1.accept(ReferencePipeline.java:197)
	at java.base/java.util.stream.ReferencePipeline$2$1.accept(ReferencePipeline.java:179)
	at java.base/java.util.stream.ReferencePipeline$3$1.accept(ReferencePipeline.java:197)
	at java.base/java.util.ArrayList$ArrayListSpliterator.forEachRemaining(ArrayList.java:1708)
	at java.base/java.util.stream.AbstractPipeline.copyInto(AbstractPipeline.java:509)
	at java.base/java.util.stream.AbstractPipeline.wrapAndCopyInto(AbstractPipeline.java:499)
	at java.base/java.util.stream.ForEachOps$ForEachOp.evaluateSequential(ForEachOps.java:151)
	at java.base/java.util.stream.ForEachOps$ForEachOp$OfRef.evaluateSequential(ForEachOps.java:174)
	at java.base/java.util.stream.AbstractPipeline.evaluate(AbstractPipeline.java:234)
	at java.base/java.util.stream.ReferencePipeline.forEach(ReferencePipeline.java:596)
	at org.junit.jupiter.engine.descriptor.ClassBasedTestDescriptor.invokeTestInstancePostProcessors(ClassBasedTestDescriptor.java:422)
	at org.junit.jupiter.engine.descriptor.ClassBasedTestDescriptor.lambda$instantiateAndPostProcessTestInstance$0(ClassBasedTestDescriptor.java:334)
	at org.junit.platform.engine.support.hierarchical.ThrowableCollector.execute(ThrowableCollector.java:74)
	at org.junit.jupiter.engine.descriptor.ClassBasedTestDescriptor.instantiateAndPostProcessTestInstance(ClassBasedTestDescriptor.java:333)
	at org.junit.jupiter.engine.descriptor.ClassBasedTestDescriptor.lambda$testInstancesProvider$1(ClassBasedTestDescriptor.java:322)
	at java.base/java.util.Optional.orElseGet(Optional.java:364)
	at org.junit.jupiter.engine.descriptor.ClassBasedTestDescriptor.lambda$testInstancesProvider$0(ClassBasedTestDescriptor.java:321)
	at org.junit.jupiter.engine.execution.TestInstancesProvider.getTestInstances(TestInstancesProvider.java:27)
	at org.junit.jupiter.engine.descriptor.TestMethodTestDescriptor.lambda$prepare$0(TestMethodTestDescriptor.java:127)
	at org.junit.platform.engine.support.hierarchical.ThrowableCollector.execute(ThrowableCollector.java:74)
	at org.junit.jupiter.engine.descriptor.TestMethodTestDescriptor.prepare(TestMethodTestDescriptor.java:126)
	at org.junit.jupiter.engine.descriptor.TestMethodTestDescriptor.prepare(TestMethodTestDescriptor.java:70)
	at org.junit.platform.engine.support.hierarchical.NodeTestTask.lambda$prepare$0(NodeTestTask.java:144)
	at org.junit.platform.engine.support.hierarchical.ThrowableCollector.execute(ThrowableCollector.java:74)
	at org.junit.platform.engine.support.hierarchical.NodeTestTask.prepare(NodeTestTask.java:144)
	at org.junit.platform.engine.support.hierarchical.NodeTestTask.execute(NodeTestTask.java:110)
	at java.base/java.util.ArrayList.forEach(ArrayList.java:1596)
	at org.junit.platform.engine.support.hierarchical.SameThreadHierarchicalTestExecutorService.invokeAll(SameThreadHierarchicalTestExecutorService.java:42)
	at org.junit.platform.engine.support.hierarchical.NodeTestTask.lambda$executeRecursively$2(NodeTestTask.java:180)
	at org.junit.platform.engine.support.hierarchical.ThrowableCollector.execute(ThrowableCollector.java:74)
	at org.junit.platform.engine.support.hierarchical.NodeTestTask.lambda$executeRecursively$1(NodeTestTask.java:166)
	at org.junit.platform.engine.support.hierarchical.Node.around(Node.java:138)
	at org.junit.platform.engine.support.hierarchical.NodeTestTask.lambda$executeRecursively$0(NodeTestTask.java:164)
	at org.junit.platform.engine.support.hierarchical.ThrowableCollector.execute(ThrowableCollector.java:74)
	at org.junit.platform.engine.support.hierarchical.NodeTestTask.executeRecursively(NodeTestTask.java:163)
	at org.junit.platform.engine.support.hierarchical.NodeTestTask.execute(NodeTestTask.java:116)
	at java.base/java.util.ArrayList.forEach(ArrayList.java:1596)
	at org.junit.platform.engine.support.hierarchical.SameThreadHierarchicalTestExecutorService.invokeAll(SameThreadHierarchicalTestExecutorService.java:42)
	at org.junit.platform.engine.support.hierarchical.NodeTestTask.lambda$executeRecursively$2(NodeTestTask.java:180)
	at org.junit.platform.engine.support.hierarchical.ThrowableCollector.execute(ThrowableCollector.java:74)
	at org.junit.platform.engine.support.hierarchical.NodeTestTask.lambda$executeRecursively$1(NodeTestTask.java:166)
	at org.junit.platform.engine.support.hierarchical.Node.around(Node.java:138)
	at org.junit.platform.engine.support.hierarchical.NodeTestTask.lambda$executeRecursively$0(NodeTestTask.java:164)
	at org.junit.platform.engine.support.hierarchical.ThrowableCollector.execute(ThrowableCollector.java:74)
	at org.junit.platform.engine.support.hierarchical.NodeTestTask.executeRecursively(NodeTestTask.java:163)
	at org.junit.platform.engine.support.hierarchical.NodeTestTask.execute(NodeTestTask.java:116)
	at org.junit.platform.engine.support.hierarchical.SameThreadHierarchicalTestExecutorService.submit(SameThreadHierarchicalTestExecutorService.java:36)
	at org.junit.platform.engine.support.hierarchical.HierarchicalTestExecutor.execute(HierarchicalTestExecutor.java:52)
	at org.junit.platform.engine.support.hierarchical.HierarchicalTestEngine.execute(HierarchicalTestEngine.java:58)
	at org.junit.platform.launcher.core.EngineExecutionOrchestrator.executeEngine(EngineExecutionOrchestrator.java:246)
	at org.junit.platform.launcher.core.EngineExecutionOrchestrator.failOrExecuteEngine(EngineExecutionOrchestrator.java:218)
	at org.junit.platform.launcher.core.EngineExecutionOrchestrator.execute(EngineExecutionOrchestrator.java:179)
	at org.junit.platform.launcher.core.EngineExecutionOrchestrator.execute(EngineExecutionOrchestrator.java:108)
	at org.junit.platform.launcher.core.EngineExecutionOrchestrator.lambda$execute$0(EngineExecutionOrchestrator.java:66)
	at org.junit.platform.launcher.core.EngineExecutionOrchestrator.withInterceptedStreams(EngineExecutionOrchestrator.java:157)
	at org.junit.platform.launcher.core.EngineExecutionOrchestrator.execute(EngineExecutionOrchestrator.java:65)
	at org.junit.platform.launcher.core.DefaultLauncher.execute(DefaultLauncher.java:125)
	at org.junit.platform.launcher.core.DefaultLauncher.execute(DefaultLauncher.java:114)
	at org.junit.platform.launcher.core.DelegatingLauncher.execute(DelegatingLauncher.java:58)
	at org.junit.platform.launcher.core.InterceptingLauncher.lambda$execute$2(InterceptingLauncher.java:57)
	at org.junit.platform.launcher.core.ClasspathAlignmentCheckingLauncherInterceptor.intercept(ClasspathAlignmentCheckingLauncherInterceptor.java:25)
	at org.junit.platform.launcher.core.InterceptingLauncher.execute(InterceptingLauncher.java:56)
	at org.junit.platform.launcher.core.DelegatingLauncher.execute(DelegatingLauncher.java:58)
	at java.base/jdk.internal.reflect.DirectMethodHandleAccessor.invoke(DirectMethodHandleAccessor.java:103)
	at java.base/java.lang.reflect.Method.invoke(Method.java:580)
	at org.apache.maven.surefire.api.util.ReflectionUtils.invokeMethodWithArray(ReflectionUtils.java:125)
	at org.apache.maven.surefire.junitplatform.LauncherAdapter.executeWithCancellationToken(LauncherAdapter.java:68)
	at org.apache.maven.surefire.junitplatform.LauncherAdapter.execute(LauncherAdapter.java:54)
	at org.apache.maven.surefire.junitplatform.JUnitPlatformProvider.execute(JUnitPlatformProvider.java:203)
	at org.apache.maven.surefire.junitplatform.JUnitPlatformProvider.invokeAllTests(JUnitPlatformProvider.java:168)
	at org.apache.maven.surefire.junitplatform.JUnitPlatformProvider.invoke(JUnitPlatformProvider.java:136)
	at org.apache.maven.surefire.booter.ForkedBooter.runSuitesInProcess(ForkedBooter.java:385)
	at org.apache.maven.surefire.booter.ForkedBooter.execute(ForkedBooter.java:162)
	at org.apache.maven.surefire.booter.ForkedBooter.run(ForkedBooter.java:507)
	at org.apache.maven.surefire.booter.ForkedBooter.main(ForkedBooter.java:495)
Caused by: org.springframework.beans.factory.UnsatisfiedDependencyException: Error creating bean with name 'dataSourceScriptDatabaseInitializer' defined in class path resource [org/springframework/boot/jdbc/autoconfigure/DataSourceInitializationAutoConfiguration.class]: Unsatisfied dependency expressed through method 'dataSourceScriptDatabaseInitializer' parameter 0: Error creating bean with name 'dataSource' defined in class path resource [org/springframework/boot/jdbc/autoconfigure/DataSourceConfiguration$Hikari.class]: Failed to instantiate [com.zaxxer.hikari.HikariDataSource]: Factory method 'dataSource' threw exception with message: Cannot load driver class: org.h2.Driver
	at org.springframework.beans.factory.support.ConstructorResolver.createArgumentArray(ConstructorResolver.java:804)
	at org.springframework.beans.factory.support.ConstructorResolver.instantiateUsingFactoryMethod(ConstructorResolver.java:546)
	at org.springframework.beans.factory.support.AbstractAutowireCapableBeanFactory.instantiateUsingFactoryMethod(AbstractAutowireCapableBeanFactory.java:1362)
	at org.springframework.beans.factory.support.AbstractAutowireCapableBeanFactory.createBeanInstance(AbstractAutowireCapableBeanFactory.java:1194)
	at org.springframework.beans.factory.support.AbstractAutowireCapableBeanFactory.doCreateBean(AbstractAutowireCapableBeanFactory.java:565)
	at org.springframework.beans.factory.support.AbstractAutowireCapableBeanFactory.createBean(AbstractAutowireCapableBeanFactory.java:525)
	at org.springframework.beans.factory.support.AbstractBeanFactory.lambda$doGetBean$0(AbstractBeanFactory.java:333)
	at org.springframework.beans.factory.support.DefaultSingletonBeanRegistry.getSingleton(DefaultSingletonBeanRegistry.java:371)
	at org.springframework.beans.factory.support.AbstractBeanFactory.doGetBean(AbstractBeanFactory.java:331)
	at org.springframework.beans.factory.support.AbstractBeanFactory.getBean(AbstractBeanFactory.java:196)
	at org.springframework.beans.factory.support.AbstractBeanFactory.doGetBean(AbstractBeanFactory.java:309)
	... 101 common frames omitted
Caused by: org.springframework.beans.factory.BeanCreationException: Error creating bean with name 'dataSource' defined in class path resource [org/springframework/boot/jdbc/autoconfigure/DataSourceConfiguration$Hikari.class]: Failed to instantiate [com.zaxxer.hikari.HikariDataSource]: Factory method 'dataSource' threw exception with message: Cannot load driver class: org.h2.Driver
	at org.springframework.beans.factory.support.ConstructorResolver.instantiate(ConstructorResolver.java:657)
	at org.springframework.beans.factory.support.ConstructorResolver.instantiateUsingFactoryMethod(ConstructorResolver.java:645)
	at org.springframework.beans.factory.support.AbstractAutowireCapableBeanFactory.instantiateUsingFactoryMethod(AbstractAutowireCapableBeanFactory.java:1362)
	at org.springframework.beans.factory.support.AbstractAutowireCapableBeanFactory.createBeanInstance(AbstractAutowireCapableBeanFactory.java:1194)
	at org.springframework.beans.factory.support.AbstractAutowireCapableBeanFactory.doCreateBean(AbstractAutowireCapableBeanFactory.java:565)
	at org.springframework.beans.factory.support.AbstractAutowireCapableBeanFactory.createBean(AbstractAutowireCapableBeanFactory.java:525)
	at org.springframework.beans.factory.support.AbstractBeanFactory.lambda$doGetBean$0(AbstractBeanFactory.java:333)
	at org.springframework.beans.factory.support.DefaultSingletonBeanRegistry.getSingleton(DefaultSingletonBeanRegistry.java:371)
	at org.springframework.beans.factory.support.AbstractBeanFactory.doGetBean(AbstractBeanFactory.java:331)
	at org.springframework.beans.factory.support.AbstractBeanFactory.getBean(AbstractBeanFactory.java:201)
	at org.springframework.beans.factory.support.DefaultListableBeanFactory.resolveBean(DefaultListableBeanFactory.java:1225)
	at org.springframework.beans.factory.support.DefaultListableBeanFactory.doResolveDependency(DefaultListableBeanFactory.java:1704)
	at org.springframework.beans.factory.support.DefaultListableBeanFactory.resolveDependency(DefaultListableBeanFactory.java:1651)
	at org.springframework.beans.factory.support.ConstructorResolver.resolveAutowiredArgument(ConstructorResolver.java:912)
	at org.springframework.beans.factory.support.ConstructorResolver.createArgumentArray(ConstructorResolver.java:791)
	... 111 common frames omitted
Caused by: org.springframework.beans.BeanInstantiationException: Failed to instantiate [com.zaxxer.hikari.HikariDataSource]: Factory method 'dataSource' threw exception with message: Cannot load driver class: org.h2.Driver
	at org.springframework.beans.factory.support.SimpleInstantiationStrategy.lambda$instantiate$0(SimpleInstantiationStrategy.java:183)
	at org.springframework.beans.factory.support.SimpleInstantiationStrategy.instantiateWithFactoryMethod(SimpleInstantiationStrategy.java:72)
	at org.springframework.beans.factory.support.SimpleInstantiationStrategy.instantiate(SimpleInstantiationStrategy.java:152)
	at org.springframework.beans.factory.support.ConstructorResolver.instantiate(ConstructorResolver.java:653)
	... 125 common frames omitted
Caused by: java.lang.IllegalStateException: Cannot load driver class: org.h2.Driver
	at org.springframework.util.Assert.state(Assert.java:102)
	at org.springframework.boot.jdbc.autoconfigure.DataSourceProperties.findDriverClassName(DataSourceProperties.java:187)
	at org.springframework.boot.jdbc.autoconfigure.DataSourceProperties.determineDriverClassName(DataSourceProperties.java:177)
	at org.springframework.boot.jdbc.autoconfigure.PropertiesJdbcConnectionDetails.getDriverClassName(PropertiesJdbcConnectionDetails.java:51)
	at org.springframework.boot.jdbc.autoconfigure.DataSourceConfiguration.createDataSource(DataSourceConfiguration.java:63)
	at org.springframework.boot.jdbc.autoconfigure.DataSourceConfiguration$Hikari.dataSource(DataSourceConfiguration.java:128)
	at java.base/jdk.internal.reflect.DirectMethodHandleAccessor.invoke(DirectMethodHandleAccessor.java:103)
	at java.base/java.lang.reflect.Method.invoke(Method.java:580)
	at org.springframework.beans.factory.support.SimpleInstantiationStrategy.lambda$instantiate$0(SimpleInstantiationStrategy.java:155)
	... 128 common frames omitted
2026-04-23 15:14:07.229  WARN [main] o.s.t.c.TestContextManager - Caught exception while allowing TestExecutionListener [org.springframework.test.context.web.ServletTestExecutionListener] to prepare test instance [com.br.itau.login.LoginApplicationTests@5a39e554]
java.lang.IllegalStateException: Failed to load ApplicationContext for [WebMergedContextConfiguration@6d8b7ea9 testClass = com.br.itau.login.LoginApplicationTests, locations = [], classes = [com.br.itau.login.LoginApplication], contextInitializerClasses = [], activeProfiles = [], propertySourceDescriptors = [], propertySourceProperties = ["org.springframework.boot.test.context.SpringBootTestContextBootstrapper=true"], contextCustomizers = [org.springframework.boot.web.server.context.SpringBootTestRandomPortContextCustomizer@34a97744, org.springframework.boot.test.context.PropertyMappingContextCustomizer@0, org.springframework.boot.test.context.filter.ExcludeFilterContextCustomizer@f6c03cb, org.springframework.boot.test.json.DuplicateJsonObjectContextCustomizerFactory$DuplicateJsonObjectContextCustomizer@5be067de, org.springframework.boot.test.autoconfigure.OnFailureConditionReportContextCustomizerFactory$OnFailureConditionReportContextCustomizer@7c7d3c46, org.springframework.test.context.support.DynamicPropertiesContextCustomizer@0, org.springframework.boot.test.context.SpringBootTestAnnotation@5b7aa5ea], resourceBasePath = "src/main/webapp", contextLoader = org.springframework.boot.test.context.SpringBootContextLoader, parent = null]
	at org.springframework.test.context.cache.DefaultCacheAwareContextLoaderDelegate.lambda$loadContext$0(DefaultCacheAwareContextLoaderDelegate.java:195)
	at org.springframework.test.context.cache.DefaultContextCache.put(DefaultContextCache.java:214)
	at org.springframework.test.context.cache.DefaultCacheAwareContextLoaderDelegate.loadContext(DefaultCacheAwareContextLoaderDelegate.java:160)
	at org.springframework.test.context.support.DefaultTestContext.getApplicationContext(DefaultTestContext.java:128)
	at org.springframework.test.context.web.ServletTestExecutionListener.setUpRequestContextIfNecessary(ServletTestExecutionListener.java:200)
	at org.springframework.test.context.web.ServletTestExecutionListener.prepareTestInstance(ServletTestExecutionListener.java:139)
	at org.springframework.test.context.TestContextManager.prepareTestInstance(TestContextManager.java:260)
	at org.springframework.test.context.junit.jupiter.SpringExtension.postProcessTestInstance(SpringExtension.java:210)
	at org.junit.jupiter.engine.descriptor.ClassBasedTestDescriptor.lambda$invokeTestInstancePostProcessors$1(ClassBasedTestDescriptor.java:423)
	at org.junit.jupiter.engine.descriptor.ClassBasedTestDescriptor.executeAndMaskThrowable(ClassBasedTestDescriptor.java:428)
	at org.junit.jupiter.engine.descriptor.ClassBasedTestDescriptor.lambda$invokeTestInstancePostProcessors$0(ClassBasedTestDescriptor.java:422)
	at java.base/java.util.stream.ForEachOps$ForEachOp$OfRef.accept(ForEachOps.java:184)
	at java.base/java.util.stream.ReferencePipeline$3$1.accept(ReferencePipeline.java:197)
	at java.base/java.util.stream.ReferencePipeline$2$1.accept(ReferencePipeline.java:179)
	at java.base/java.util.stream.ReferencePipeline$3$1.accept(ReferencePipeline.java:197)
	at java.base/java.util.ArrayList$ArrayListSpliterator.forEachRemaining(ArrayList.java:1708)
	at java.base/java.util.stream.AbstractPipeline.copyInto(AbstractPipeline.java:509)
	at java.base/java.util.stream.AbstractPipeline.wrapAndCopyInto(AbstractPipeline.java:499)
	at java.base/java.util.stream.ForEachOps$ForEachOp.evaluateSequential(ForEachOps.java:151)
	at java.base/java.util.stream.ForEachOps$ForEachOp$OfRef.evaluateSequential(ForEachOps.java:174)
	at java.base/java.util.stream.AbstractPipeline.evaluate(AbstractPipeline.java:234)
	at java.base/java.util.stream.ReferencePipeline.forEach(ReferencePipeline.java:596)
	at org.junit.jupiter.engine.descriptor.ClassBasedTestDescriptor.invokeTestInstancePostProcessors(ClassBasedTestDescriptor.java:422)
	at org.junit.jupiter.engine.descriptor.ClassBasedTestDescriptor.lambda$instantiateAndPostProcessTestInstance$0(ClassBasedTestDescriptor.java:334)
	at org.junit.platform.engine.support.hierarchical.ThrowableCollector.execute(ThrowableCollector.java:74)
	at org.junit.jupiter.engine.descriptor.ClassBasedTestDescriptor.instantiateAndPostProcessTestInstance(ClassBasedTestDescriptor.java:333)
	at org.junit.jupiter.engine.descriptor.ClassBasedTestDescriptor.lambda$testInstancesProvider$1(ClassBasedTestDescriptor.java:322)
	at java.base/java.util.Optional.orElseGet(Optional.java:364)
	at org.junit.jupiter.engine.descriptor.ClassBasedTestDescriptor.lambda$testInstancesProvider$0(ClassBasedTestDescriptor.java:321)
	at org.junit.jupiter.engine.execution.TestInstancesProvider.getTestInstances(TestInstancesProvider.java:27)
	at org.junit.jupiter.engine.descriptor.TestMethodTestDescriptor.lambda$prepare$0(TestMethodTestDescriptor.java:127)
	at org.junit.platform.engine.support.hierarchical.ThrowableCollector.execute(ThrowableCollector.java:74)
	at org.junit.jupiter.engine.descriptor.TestMethodTestDescriptor.prepare(TestMethodTestDescriptor.java:126)
	at org.junit.jupiter.engine.descriptor.TestMethodTestDescriptor.prepare(TestMethodTestDescriptor.java:70)
	at org.junit.platform.engine.support.hierarchical.NodeTestTask.lambda$prepare$0(NodeTestTask.java:144)
	at org.junit.platform.engine.support.hierarchical.ThrowableCollector.execute(ThrowableCollector.java:74)
	at org.junit.platform.engine.support.hierarchical.NodeTestTask.prepare(NodeTestTask.java:144)
	at org.junit.platform.engine.support.hierarchical.NodeTestTask.execute(NodeTestTask.java:110)
	at java.base/java.util.ArrayList.forEach(ArrayList.java:1596)
	at org.junit.platform.engine.support.hierarchical.SameThreadHierarchicalTestExecutorService.invokeAll(SameThreadHierarchicalTestExecutorService.java:42)
	at org.junit.platform.engine.support.hierarchical.NodeTestTask.lambda$executeRecursively$2(NodeTestTask.java:180)
	at org.junit.platform.engine.support.hierarchical.ThrowableCollector.execute(ThrowableCollector.java:74)
	at org.junit.platform.engine.support.hierarchical.NodeTestTask.lambda$executeRecursively$1(NodeTestTask.java:166)
	at org.junit.platform.engine.support.hierarchical.Node.around(Node.java:138)
	at org.junit.platform.engine.support.hierarchical.NodeTestTask.lambda$executeRecursively$0(NodeTestTask.java:164)
	at org.junit.platform.engine.support.hierarchical.ThrowableCollector.execute(ThrowableCollector.java:74)
	at org.junit.platform.engine.support.hierarchical.NodeTestTask.executeRecursively(NodeTestTask.java:163)
	at org.junit.platform.engine.support.hierarchical.NodeTestTask.execute(NodeTestTask.java:116)
	at java.base/java.util.ArrayList.forEach(ArrayList.java:1596)
	at org.junit.platform.engine.support.hierarchical.SameThreadHierarchicalTestExecutorService.invokeAll(SameThreadHierarchicalTestExecutorService.java:42)
	at org.junit.platform.engine.support.hierarchical.NodeTestTask.lambda$executeRecursively$2(NodeTestTask.java:180)
	at org.junit.platform.engine.support.hierarchical.ThrowableCollector.execute(ThrowableCollector.java:74)
	at org.junit.platform.engine.support.hierarchical.NodeTestTask.lambda$executeRecursively$1(NodeTestTask.java:166)
	at org.junit.platform.engine.support.hierarchical.Node.around(Node.java:138)
	at org.junit.platform.engine.support.hierarchical.NodeTestTask.lambda$executeRecursively$0(NodeTestTask.java:164)
	at org.junit.platform.engine.support.hierarchical.ThrowableCollector.execute(ThrowableCollector.java:74)
	at org.junit.platform.engine.support.hierarchical.NodeTestTask.executeRecursively(NodeTestTask.java:163)
	at org.junit.platform.engine.support.hierarchical.NodeTestTask.execute(NodeTestTask.java:116)
	at org.junit.platform.engine.support.hierarchical.SameThreadHierarchicalTestExecutorService.submit(SameThreadHierarchicalTestExecutorService.java:36)
	at org.junit.platform.engine.support.hierarchical.HierarchicalTestExecutor.execute(HierarchicalTestExecutor.java:52)
	at org.junit.platform.engine.support.hierarchical.HierarchicalTestEngine.execute(HierarchicalTestEngine.java:58)
	at org.junit.platform.launcher.core.EngineExecutionOrchestrator.executeEngine(EngineExecutionOrchestrator.java:246)
	at org.junit.platform.launcher.core.EngineExecutionOrchestrator.failOrExecuteEngine(EngineExecutionOrchestrator.java:218)
	at org.junit.platform.launcher.core.EngineExecutionOrchestrator.execute(EngineExecutionOrchestrator.java:179)
	at org.junit.platform.launcher.core.EngineExecutionOrchestrator.execute(EngineExecutionOrchestrator.java:108)
	at org.junit.platform.launcher.core.EngineExecutionOrchestrator.lambda$execute$0(EngineExecutionOrchestrator.java:66)
	at org.junit.platform.launcher.core.EngineExecutionOrchestrator.withInterceptedStreams(EngineExecutionOrchestrator.java:157)
	at org.junit.platform.launcher.core.EngineExecutionOrchestrator.execute(EngineExecutionOrchestrator.java:65)
	at org.junit.platform.launcher.core.DefaultLauncher.execute(DefaultLauncher.java:125)
	at org.junit.platform.launcher.core.DefaultLauncher.execute(DefaultLauncher.java:114)
	at org.junit.platform.launcher.core.DelegatingLauncher.execute(DelegatingLauncher.java:58)
	at org.junit.platform.launcher.core.InterceptingLauncher.lambda$execute$2(InterceptingLauncher.java:57)
	at org.junit.platform.launcher.core.ClasspathAlignmentCheckingLauncherInterceptor.intercept(ClasspathAlignmentCheckingLauncherInterceptor.java:25)
	at org.junit.platform.launcher.core.InterceptingLauncher.execute(InterceptingLauncher.java:56)
	at org.junit.platform.launcher.core.DelegatingLauncher.execute(DelegatingLauncher.java:58)
	at java.base/jdk.internal.reflect.DirectMethodHandleAccessor.invoke(DirectMethodHandleAccessor.java:103)
	at java.base/java.lang.reflect.Method.invoke(Method.java:580)
	at org.apache.maven.surefire.api.util.ReflectionUtils.invokeMethodWithArray(ReflectionUtils.java:125)
	at org.apache.maven.surefire.junitplatform.LauncherAdapter.executeWithCancellationToken(LauncherAdapter.java:68)
	at org.apache.maven.surefire.junitplatform.LauncherAdapter.execute(LauncherAdapter.java:54)
	at org.apache.maven.surefire.junitplatform.JUnitPlatformProvider.execute(JUnitPlatformProvider.java:203)
	at org.apache.maven.surefire.junitplatform.JUnitPlatformProvider.invokeAllTests(JUnitPlatformProvider.java:168)
	at org.apache.maven.surefire.junitplatform.JUnitPlatformProvider.invoke(JUnitPlatformProvider.java:136)
	at org.apache.maven.surefire.booter.ForkedBooter.runSuitesInProcess(ForkedBooter.java:385)
	at org.apache.maven.surefire.booter.ForkedBooter.execute(ForkedBooter.java:162)
	at org.apache.maven.surefire.booter.ForkedBooter.run(ForkedBooter.java:507)
	at org.apache.maven.surefire.booter.ForkedBooter.main(ForkedBooter.java:495)
Caused by: org.springframework.beans.factory.BeanCreationException: Error creating bean with name 'entityManagerFactory' defined in class path resource [org/springframework/boot/hibernate/autoconfigure/HibernateJpaConfiguration.class]: Failed to initialize dependency 'dataSourceScriptDatabaseInitializer' of LoadTimeWeaverAware bean 'entityManagerFactory': Error creating bean with name 'dataSourceScriptDatabaseInitializer' defined in class path resource [org/springframework/boot/jdbc/autoconfigure/DataSourceInitializationAutoConfiguration.class]: Unsatisfied dependency expressed through method 'dataSourceScriptDatabaseInitializer' parameter 0: Error creating bean with name 'dataSource' defined in class path resource [org/springframework/boot/jdbc/autoconfigure/DataSourceConfiguration$Hikari.class]: Failed to instantiate [com.zaxxer.hikari.HikariDataSource]: Factory method 'dataSource' threw exception with message: Cannot load driver class: org.h2.Driver
	at org.springframework.beans.factory.support.AbstractBeanFactory.doGetBean(AbstractBeanFactory.java:322)
	at org.springframework.beans.factory.support.AbstractBeanFactory.getBean(AbstractBeanFactory.java:201)
	at org.springframework.context.support.AbstractApplicationContext.finishBeanFactoryInitialization(AbstractApplicationContext.java:977)
	at org.springframework.context.support.AbstractApplicationContext.refresh(AbstractApplicationContext.java:621)
	at org.springframework.boot.SpringApplication.refresh(SpringApplication.java:756)
	at org.springframework.boot.SpringApplication.refreshContext(SpringApplication.java:445)
	at org.springframework.boot.SpringApplication.run(SpringApplication.java:321)
	at org.springframework.boot.test.context.SpringBootContextLoader.lambda$loadContext$2(SpringBootContextLoader.java:155)
	at org.springframework.util.function.ThrowingSupplier.get(ThrowingSupplier.java:58)
	at org.springframework.util.function.ThrowingSupplier.get(ThrowingSupplier.java:46)
	at org.springframework.boot.SpringApplication.withHook(SpringApplication.java:1465)
	at org.springframework.boot.test.context.SpringBootContextLoader$ContextLoaderHook.run(SpringBootContextLoader.java:600)
	at org.springframework.boot.test.context.SpringBootContextLoader.loadContext(SpringBootContextLoader.java:155)
	at org.springframework.boot.test.context.SpringBootContextLoader.loadContext(SpringBootContextLoader.java:114)
	at org.springframework.test.context.cache.DefaultCacheAwareContextLoaderDelegate.loadContextInternal(DefaultCacheAwareContextLoaderDelegate.java:247)
	at org.springframework.test.context.cache.DefaultCacheAwareContextLoaderDelegate.lambda$loadContext$0(DefaultCacheAwareContextLoaderDelegate.java:167)
	... 86 common frames omitted
Caused by: org.springframework.beans.factory.UnsatisfiedDependencyException: Error creating bean with name 'dataSourceScriptDatabaseInitializer' defined in class path resource [org/springframework/boot/jdbc/autoconfigure/DataSourceInitializationAutoConfiguration.class]: Unsatisfied dependency expressed through method 'dataSourceScriptDatabaseInitializer' parameter 0: Error creating bean with name 'dataSource' defined in class path resource [org/springframework/boot/jdbc/autoconfigure/DataSourceConfiguration$Hikari.class]: Failed to instantiate [com.zaxxer.hikari.HikariDataSource]: Factory method 'dataSource' threw exception with message: Cannot load driver class: org.h2.Driver
	at org.springframework.beans.factory.support.ConstructorResolver.createArgumentArray(ConstructorResolver.java:804)
	at org.springframework.beans.factory.support.ConstructorResolver.instantiateUsingFactoryMethod(ConstructorResolver.java:546)
	at org.springframework.beans.factory.support.AbstractAutowireCapableBeanFactory.instantiateUsingFactoryMethod(AbstractAutowireCapableBeanFactory.java:1362)
	at org.springframework.beans.factory.support.AbstractAutowireCapableBeanFactory.createBeanInstance(AbstractAutowireCapableBeanFactory.java:1194)
	at org.springframework.beans.factory.support.AbstractAutowireCapableBeanFactory.doCreateBean(AbstractAutowireCapableBeanFactory.java:565)
	at org.springframework.beans.factory.support.AbstractAutowireCapableBeanFactory.createBean(AbstractAutowireCapableBeanFactory.java:525)
	at org.springframework.beans.factory.support.AbstractBeanFactory.lambda$doGetBean$0(AbstractBeanFactory.java:333)
	at org.springframework.beans.factory.support.DefaultSingletonBeanRegistry.getSingleton(DefaultSingletonBeanRegistry.java:371)
	at org.springframework.beans.factory.support.AbstractBeanFactory.doGetBean(AbstractBeanFactory.java:331)
	at org.springframework.beans.factory.support.AbstractBeanFactory.getBean(AbstractBeanFactory.java:196)
	at org.springframework.beans.factory.support.AbstractBeanFactory.doGetBean(AbstractBeanFactory.java:309)
	... 101 common frames omitted
Caused by: org.springframework.beans.factory.BeanCreationException: Error creating bean with name 'dataSource' defined in class path resource [org/springframework/boot/jdbc/autoconfigure/DataSourceConfiguration$Hikari.class]: Failed to instantiate [com.zaxxer.hikari.HikariDataSource]: Factory method 'dataSource' threw exception with message: Cannot load driver class: org.h2.Driver
	at org.springframework.beans.factory.support.ConstructorResolver.instantiate(ConstructorResolver.java:657)
	at org.springframework.beans.factory.support.ConstructorResolver.instantiateUsingFactoryMethod(ConstructorResolver.java:645)
	at org.springframework.beans.factory.support.AbstractAutowireCapableBeanFactory.instantiateUsingFactoryMethod(AbstractAutowireCapableBeanFactory.java:1362)
	at org.springframework.beans.factory.support.AbstractAutowireCapableBeanFactory.createBeanInstance(AbstractAutowireCapableBeanFactory.java:1194)
	at org.springframework.beans.factory.support.AbstractAutowireCapableBeanFactory.doCreateBean(AbstractAutowireCapableBeanFactory.java:565)
	at org.springframework.beans.factory.support.AbstractAutowireCapableBeanFactory.createBean(AbstractAutowireCapableBeanFactory.java:525)
	at org.springframework.beans.factory.support.AbstractBeanFactory.lambda$doGetBean$0(AbstractBeanFactory.java:333)
	at org.springframework.beans.factory.support.DefaultSingletonBeanRegistry.getSingleton(DefaultSingletonBeanRegistry.java:371)
	at org.springframework.beans.factory.support.AbstractBeanFactory.doGetBean(AbstractBeanFactory.java:331)
	at org.springframework.beans.factory.support.AbstractBeanFactory.getBean(AbstractBeanFactory.java:201)
	at org.springframework.beans.factory.support.DefaultListableBeanFactory.resolveBean(DefaultListableBeanFactory.java:1225)
	at org.springframework.beans.factory.support.DefaultListableBeanFactory.doResolveDependency(DefaultListableBeanFactory.java:1704)
	at org.springframework.beans.factory.support.DefaultListableBeanFactory.resolveDependency(DefaultListableBeanFactory.java:1651)
	at org.springframework.beans.factory.support.ConstructorResolver.resolveAutowiredArgument(ConstructorResolver.java:912)
	at org.springframework.beans.factory.support.ConstructorResolver.createArgumentArray(ConstructorResolver.java:791)
	... 111 common frames omitted
Caused by: org.springframework.beans.BeanInstantiationException: Failed to instantiate [com.zaxxer.hikari.HikariDataSource]: Factory method 'dataSource' threw exception with message: Cannot load driver class: org.h2.Driver
	at org.springframework.beans.factory.support.SimpleInstantiationStrategy.lambda$instantiate$0(SimpleInstantiationStrategy.java:183)
	at org.springframework.beans.factory.support.SimpleInstantiationStrategy.instantiateWithFactoryMethod(SimpleInstantiationStrategy.java:72)
	at org.springframework.beans.factory.support.SimpleInstantiationStrategy.instantiate(SimpleInstantiationStrategy.java:152)
	at org.springframework.beans.factory.support.ConstructorResolver.instantiate(ConstructorResolver.java:653)
	... 125 common frames omitted
Caused by: java.lang.IllegalStateException: Cannot load driver class: org.h2.Driver
	at org.springframework.util.Assert.state(Assert.java:102)
	at org.springframework.boot.jdbc.autoconfigure.DataSourceProperties.findDriverClassName(DataSourceProperties.java:187)
	at org.springframework.boot.jdbc.autoconfigure.DataSourceProperties.determineDriverClassName(DataSourceProperties.java:177)
	at org.springframework.boot.jdbc.autoconfigure.PropertiesJdbcConnectionDetails.getDriverClassName(PropertiesJdbcConnectionDetails.java:51)
	at org.springframework.boot.jdbc.autoconfigure.DataSourceConfiguration.createDataSource(DataSourceConfiguration.java:63)
	at org.springframework.boot.jdbc.autoconfigure.DataSourceConfiguration$Hikari.dataSource(DataSourceConfiguration.java:128)
	at java.base/jdk.internal.reflect.DirectMethodHandleAccessor.invoke(DirectMethodHandleAccessor.java:103)
	at java.base/java.lang.reflect.Method.invoke(Method.java:580)
	at org.springframework.beans.factory.support.SimpleInstantiationStrategy.lambda$instantiate$0(SimpleInstantiationStrategy.java:155)
	... 128 common frames omitted
2026-04-23 15:14:52.059  INFO [main] c.b.i.l.LoginApplicationTests - Starting LoginApplicationTests using Java 21.0.10 with PID 9097 (started by thiagocintra in /Users/thiagocintra/Documents/gitdevelopment/itau/LoginService)
2026-04-23 15:14:52.062  INFO [main] c.b.i.l.LoginApplicationTests - No active profile set, falling back to 1 default profile: "default"
2026-04-23 15:14:52.493  INFO [main] o.s.d.r.c.RepositoryConfigurationDelegate - Multiple Spring Data modules found, entering strict repository configuration mode
2026-04-23 15:14:52.494  INFO [main] o.s.d.r.c.RepositoryConfigurationDelegate - Bootstrapping Spring Data JPA repositories in DEFAULT mode.
2026-04-23 15:14:52.570  INFO [main] o.s.d.r.c.RepositoryConfigurationDelegate - Finished Spring Data repository scanning in 71 ms. Found 1 JPA repository interface.
2026-04-23 15:14:52.596  INFO [main] o.s.d.r.c.RepositoryConfigurationDelegate - Multiple Spring Data modules found, entering strict repository configuration mode
2026-04-23 15:14:52.597  INFO [main] o.s.d.r.c.RepositoryConfigurationDelegate - Bootstrapping Spring Data Redis repositories in DEFAULT mode.
2026-04-23 15:14:52.607  INFO [main] o.s.d.r.c.RepositoryConfigurationExtensionSupport - Spring Data Redis - Could not safely identify store assignment for repository candidate interface com.br.itau.login.repository.UserAccountRepository; If you want this repository to be a Redis repository, consider annotating your entities with one of these annotations: org.springframework.data.redis.core.RedisHash (preferred), or consider extending one of the following types with your repository: org.springframework.data.keyvalue.repository.KeyValueRepository
2026-04-23 15:14:52.607  INFO [main] o.s.d.r.c.RepositoryConfigurationDelegate - Finished Spring Data repository scanning in 3 ms. Found 0 Redis repository interfaces.
2026-04-23 15:14:52.899  INFO [main] o.h.o.jpa - HHH008540: Processing PersistenceUnitInfo [name: default]
2026-04-23 15:14:52.933  INFO [main] o.h.o.core - HHH000001: Hibernate ORM core version 7.2.7.Final
2026-04-23 15:14:53.164  INFO [main] o.s.o.j.p.SpringPersistenceUnitInfo - No LoadTimeWeaver setup: ignoring JPA class transformer
2026-04-23 15:14:53.181  INFO [main] c.z.h.HikariDataSource - HikariPool-1 - Starting...
2026-04-23 15:14:53.282  INFO [main] c.z.h.p.HikariPool - HikariPool-1 - Added connection conn0: url=jdbc:h2:mem:alunos_db user=SA
2026-04-23 15:14:53.283  INFO [main] c.z.h.HikariDataSource - HikariPool-1 - Start completed.
2026-04-23 15:14:53.321  INFO [main] o.h.o.c.pooling - HHH10001005: Database info:
	Database JDBC URL [jdbc:h2:mem:alunos_db]
	Database driver: H2 JDBC Driver
	Database dialect: H2Dialect
	Database version: 2.4.240
	Default catalog/schema: ALUNOS_DB/PUBLIC
	Autocommit mode: undefined/unknown
	Isolation level: READ_COMMITTED [default READ_COMMITTED]
	JDBC fetch size: 100
	Pool: DataSourceConnectionProvider
	Minimum pool size: undefined/unknown
	Maximum pool size: undefined/unknown
2026-04-23 15:14:53.791  INFO [main] o.h.o.core - HHH000489: No JTA platform available (set 'hibernate.transaction.jta.platform' to enable JTA platform integration)
2026-04-23 15:14:53.793  INFO [main] o.h.o.j.batch - HHH100501: Automatic JDBC statement batching enabled (maximum batch size 100)
2026-04-23 15:14:53.820  INFO [main] o.s.o.j.LocalContainerEntityManagerFactoryBean - Initialized JPA EntityManagerFactory for persistence unit 'default'
2026-04-23 15:14:53.833  WARN [main] o.s.w.c.s.GenericWebApplicationContext - Exception encountered during context initialization - cancelling refresh attempt: org.springframework.beans.factory.UnsatisfiedDependencyException: Error creating bean with name 'securityConfig' defined in file [/Users/thiagocintra/Documents/gitdevelopment/itau/LoginService/target/classes/com/br/itau/login/config/SecurityConfig.class]: Unsatisfied dependency expressed through constructor parameter 0: Error creating bean with name 'jwtAuthenticationFilter' defined in file [/Users/thiagocintra/Documents/gitdevelopment/itau/LoginService/target/classes/com/br/itau/login/security/JwtAuthenticationFilter.class]: Unsatisfied dependency expressed through constructor parameter 0: No qualifying bean of type 'com.br.itau.login.service.JwtService' available: expected at least 1 bean which qualifies as autowire candidate. Dependency annotations: {}
2026-04-23 15:14:53.834  INFO [main] o.s.o.j.LocalContainerEntityManagerFactoryBean - Closing JPA EntityManagerFactory for persistence unit 'default'
2026-04-23 15:14:53.835  INFO [main] c.z.h.HikariDataSource - HikariPool-1 - Shutdown initiated...
2026-04-23 15:14:53.836  INFO [main] c.z.h.HikariDataSource - HikariPool-1 - Shutdown completed.
2026-04-23 15:14:53.846  INFO [main] o.s.b.a.l.ConditionEvaluationReportLogger - 

Error starting ApplicationContext. To display the condition evaluation report re-run your application with 'debug' enabled.
2026-04-23 15:14:53.855 ERROR [main] o.s.b.d.LoggingFailureAnalysisReporter - 

***************************
APPLICATION FAILED TO START
***************************

Description:

Parameter 0 of constructor in com.br.itau.login.security.JwtAuthenticationFilter required a bean of type 'com.br.itau.login.service.JwtService' that could not be found.


Action:

Consider defining a bean of type 'com.br.itau.login.service.JwtService' in your configuration.

2026-04-23 15:14:53.856  WARN [main] o.s.t.c.TestContextManager - Caught exception while allowing TestExecutionListener [org.springframework.test.context.web.ServletTestExecutionListener] to prepare test instance [com.br.itau.login.LoginApplicationTests@5a097a83]
java.lang.IllegalStateException: Failed to load ApplicationContext for [WebMergedContextConfiguration@72f71ea2 testClass = com.br.itau.login.LoginApplicationTests, locations = [], classes = [com.br.itau.login.LoginApplication], contextInitializerClasses = [], activeProfiles = [], propertySourceDescriptors = [], propertySourceProperties = ["org.springframework.boot.test.context.SpringBootTestContextBootstrapper=true"], contextCustomizers = [org.springframework.boot.web.server.context.SpringBootTestRandomPortContextCustomizer@34a97744, org.springframework.boot.test.context.PropertyMappingContextCustomizer@0, org.springframework.boot.test.context.filter.ExcludeFilterContextCustomizer@f6c03cb, org.springframework.boot.test.json.DuplicateJsonObjectContextCustomizerFactory$DuplicateJsonObjectContextCustomizer@5be067de, org.springframework.boot.test.autoconfigure.OnFailureConditionReportContextCustomizerFactory$OnFailureConditionReportContextCustomizer@7c7d3c46, org.springframework.test.context.support.DynamicPropertiesContextCustomizer@0, org.springframework.boot.test.context.SpringBootTestAnnotation@fefab912], resourceBasePath = "src/main/webapp", contextLoader = org.springframework.boot.test.context.SpringBootContextLoader, parent = null]
	at org.springframework.test.context.cache.DefaultCacheAwareContextLoaderDelegate.lambda$loadContext$0(DefaultCacheAwareContextLoaderDelegate.java:195)
	at org.springframework.test.context.cache.DefaultContextCache.put(DefaultContextCache.java:214)
	at org.springframework.test.context.cache.DefaultCacheAwareContextLoaderDelegate.loadContext(DefaultCacheAwareContextLoaderDelegate.java:160)
	at org.springframework.test.context.support.DefaultTestContext.getApplicationContext(DefaultTestContext.java:128)
	at org.springframework.test.context.web.ServletTestExecutionListener.setUpRequestContextIfNecessary(ServletTestExecutionListener.java:200)
	at org.springframework.test.context.web.ServletTestExecutionListener.prepareTestInstance(ServletTestExecutionListener.java:139)
	at org.springframework.test.context.TestContextManager.prepareTestInstance(TestContextManager.java:260)
	at org.springframework.test.context.junit.jupiter.SpringExtension.postProcessTestInstance(SpringExtension.java:210)
	at org.junit.jupiter.engine.descriptor.ClassBasedTestDescriptor.lambda$invokeTestInstancePostProcessors$1(ClassBasedTestDescriptor.java:423)
	at org.junit.jupiter.engine.descriptor.ClassBasedTestDescriptor.executeAndMaskThrowable(ClassBasedTestDescriptor.java:428)
	at org.junit.jupiter.engine.descriptor.ClassBasedTestDescriptor.lambda$invokeTestInstancePostProcessors$0(ClassBasedTestDescriptor.java:422)
	at java.base/java.util.stream.ForEachOps$ForEachOp$OfRef.accept(ForEachOps.java:184)
	at java.base/java.util.stream.ReferencePipeline$3$1.accept(ReferencePipeline.java:197)
	at java.base/java.util.stream.ReferencePipeline$2$1.accept(ReferencePipeline.java:179)
	at java.base/java.util.stream.ReferencePipeline$3$1.accept(ReferencePipeline.java:197)
	at java.base/java.util.ArrayList$ArrayListSpliterator.forEachRemaining(ArrayList.java:1708)
	at java.base/java.util.stream.AbstractPipeline.copyInto(AbstractPipeline.java:509)
	at java.base/java.util.stream.AbstractPipeline.wrapAndCopyInto(AbstractPipeline.java:499)
	at java.base/java.util.stream.ForEachOps$ForEachOp.evaluateSequential(ForEachOps.java:151)
	at java.base/java.util.stream.ForEachOps$ForEachOp$OfRef.evaluateSequential(ForEachOps.java:174)
	at java.base/java.util.stream.AbstractPipeline.evaluate(AbstractPipeline.java:234)
	at java.base/java.util.stream.ReferencePipeline.forEach(ReferencePipeline.java:596)
	at org.junit.jupiter.engine.descriptor.ClassBasedTestDescriptor.invokeTestInstancePostProcessors(ClassBasedTestDescriptor.java:422)
	at org.junit.jupiter.engine.descriptor.ClassBasedTestDescriptor.lambda$instantiateAndPostProcessTestInstance$0(ClassBasedTestDescriptor.java:334)
	at org.junit.platform.engine.support.hierarchical.ThrowableCollector.execute(ThrowableCollector.java:74)
	at org.junit.jupiter.engine.descriptor.ClassBasedTestDescriptor.instantiateAndPostProcessTestInstance(ClassBasedTestDescriptor.java:333)
	at org.junit.jupiter.engine.descriptor.ClassBasedTestDescriptor.lambda$testInstancesProvider$1(ClassBasedTestDescriptor.java:322)
	at java.base/java.util.Optional.orElseGet(Optional.java:364)
	at org.junit.jupiter.engine.descriptor.ClassBasedTestDescriptor.lambda$testInstancesProvider$0(ClassBasedTestDescriptor.java:321)
	at org.junit.jupiter.engine.execution.TestInstancesProvider.getTestInstances(TestInstancesProvider.java:27)
	at org.junit.jupiter.engine.descriptor.TestMethodTestDescriptor.lambda$prepare$0(TestMethodTestDescriptor.java:127)
	at org.junit.platform.engine.support.hierarchical.ThrowableCollector.execute(ThrowableCollector.java:74)
	at org.junit.jupiter.engine.descriptor.TestMethodTestDescriptor.prepare(TestMethodTestDescriptor.java:126)
	at org.junit.jupiter.engine.descriptor.TestMethodTestDescriptor.prepare(TestMethodTestDescriptor.java:70)
	at org.junit.platform.engine.support.hierarchical.NodeTestTask.lambda$prepare$0(NodeTestTask.java:144)
	at org.junit.platform.engine.support.hierarchical.ThrowableCollector.execute(ThrowableCollector.java:74)
	at org.junit.platform.engine.support.hierarchical.NodeTestTask.prepare(NodeTestTask.java:144)
	at org.junit.platform.engine.support.hierarchical.NodeTestTask.execute(NodeTestTask.java:110)
	at java.base/java.util.ArrayList.forEach(ArrayList.java:1596)
	at org.junit.platform.engine.support.hierarchical.SameThreadHierarchicalTestExecutorService.invokeAll(SameThreadHierarchicalTestExecutorService.java:42)
	at org.junit.platform.engine.support.hierarchical.NodeTestTask.lambda$executeRecursively$2(NodeTestTask.java:180)
	at org.junit.platform.engine.support.hierarchical.ThrowableCollector.execute(ThrowableCollector.java:74)
	at org.junit.platform.engine.support.hierarchical.NodeTestTask.lambda$executeRecursively$1(NodeTestTask.java:166)
	at org.junit.platform.engine.support.hierarchical.Node.around(Node.java:138)
	at org.junit.platform.engine.support.hierarchical.NodeTestTask.lambda$executeRecursively$0(NodeTestTask.java:164)
	at org.junit.platform.engine.support.hierarchical.ThrowableCollector.execute(ThrowableCollector.java:74)
	at org.junit.platform.engine.support.hierarchical.NodeTestTask.executeRecursively(NodeTestTask.java:163)
	at org.junit.platform.engine.support.hierarchical.NodeTestTask.execute(NodeTestTask.java:116)
	at java.base/java.util.ArrayList.forEach(ArrayList.java:1596)
	at org.junit.platform.engine.support.hierarchical.SameThreadHierarchicalTestExecutorService.invokeAll(SameThreadHierarchicalTestExecutorService.java:42)
	at org.junit.platform.engine.support.hierarchical.NodeTestTask.lambda$executeRecursively$2(NodeTestTask.java:180)
	at org.junit.platform.engine.support.hierarchical.ThrowableCollector.execute(ThrowableCollector.java:74)
	at org.junit.platform.engine.support.hierarchical.NodeTestTask.lambda$executeRecursively$1(NodeTestTask.java:166)
	at org.junit.platform.engine.support.hierarchical.Node.around(Node.java:138)
	at org.junit.platform.engine.support.hierarchical.NodeTestTask.lambda$executeRecursively$0(NodeTestTask.java:164)
	at org.junit.platform.engine.support.hierarchical.ThrowableCollector.execute(ThrowableCollector.java:74)
	at org.junit.platform.engine.support.hierarchical.NodeTestTask.executeRecursively(NodeTestTask.java:163)
	at org.junit.platform.engine.support.hierarchical.NodeTestTask.execute(NodeTestTask.java:116)
	at org.junit.platform.engine.support.hierarchical.SameThreadHierarchicalTestExecutorService.submit(SameThreadHierarchicalTestExecutorService.java:36)
	at org.junit.platform.engine.support.hierarchical.HierarchicalTestExecutor.execute(HierarchicalTestExecutor.java:52)
	at org.junit.platform.engine.support.hierarchical.HierarchicalTestEngine.execute(HierarchicalTestEngine.java:58)
	at org.junit.platform.launcher.core.EngineExecutionOrchestrator.executeEngine(EngineExecutionOrchestrator.java:246)
	at org.junit.platform.launcher.core.EngineExecutionOrchestrator.failOrExecuteEngine(EngineExecutionOrchestrator.java:218)
	at org.junit.platform.launcher.core.EngineExecutionOrchestrator.execute(EngineExecutionOrchestrator.java:179)
	at org.junit.platform.launcher.core.EngineExecutionOrchestrator.execute(EngineExecutionOrchestrator.java:108)
	at org.junit.platform.launcher.core.EngineExecutionOrchestrator.lambda$execute$0(EngineExecutionOrchestrator.java:66)
	at org.junit.platform.launcher.core.EngineExecutionOrchestrator.withInterceptedStreams(EngineExecutionOrchestrator.java:157)
	at org.junit.platform.launcher.core.EngineExecutionOrchestrator.execute(EngineExecutionOrchestrator.java:65)
	at org.junit.platform.launcher.core.DefaultLauncher.execute(DefaultLauncher.java:125)
	at org.junit.platform.launcher.core.DefaultLauncher.execute(DefaultLauncher.java:114)
	at org.junit.platform.launcher.core.DelegatingLauncher.execute(DelegatingLauncher.java:58)
	at org.junit.platform.launcher.core.InterceptingLauncher.lambda$execute$2(InterceptingLauncher.java:57)
	at org.junit.platform.launcher.core.ClasspathAlignmentCheckingLauncherInterceptor.intercept(ClasspathAlignmentCheckingLauncherInterceptor.java:25)
	at org.junit.platform.launcher.core.InterceptingLauncher.execute(InterceptingLauncher.java:56)
	at org.junit.platform.launcher.core.DelegatingLauncher.execute(DelegatingLauncher.java:58)
	at java.base/jdk.internal.reflect.DirectMethodHandleAccessor.invoke(DirectMethodHandleAccessor.java:103)
	at java.base/java.lang.reflect.Method.invoke(Method.java:580)
	at org.apache.maven.surefire.api.util.ReflectionUtils.invokeMethodWithArray(ReflectionUtils.java:125)
	at org.apache.maven.surefire.junitplatform.LauncherAdapter.executeWithCancellationToken(LauncherAdapter.java:68)
	at org.apache.maven.surefire.junitplatform.LauncherAdapter.execute(LauncherAdapter.java:54)
	at org.apache.maven.surefire.junitplatform.JUnitPlatformProvider.execute(JUnitPlatformProvider.java:203)
	at org.apache.maven.surefire.junitplatform.JUnitPlatformProvider.invokeAllTests(JUnitPlatformProvider.java:168)
	at org.apache.maven.surefire.junitplatform.JUnitPlatformProvider.invoke(JUnitPlatformProvider.java:136)
	at org.apache.maven.surefire.booter.ForkedBooter.runSuitesInProcess(ForkedBooter.java:385)
	at org.apache.maven.surefire.booter.ForkedBooter.execute(ForkedBooter.java:162)
	at org.apache.maven.surefire.booter.ForkedBooter.run(ForkedBooter.java:507)
	at org.apache.maven.surefire.booter.ForkedBooter.main(ForkedBooter.java:495)
Caused by: org.springframework.beans.factory.UnsatisfiedDependencyException: Error creating bean with name 'securityConfig' defined in file [/Users/thiagocintra/Documents/gitdevelopment/itau/LoginService/target/classes/com/br/itau/login/config/SecurityConfig.class]: Unsatisfied dependency expressed through constructor parameter 0: Error creating bean with name 'jwtAuthenticationFilter' defined in file [/Users/thiagocintra/Documents/gitdevelopment/itau/LoginService/target/classes/com/br/itau/login/security/JwtAuthenticationFilter.class]: Unsatisfied dependency expressed through constructor parameter 0: No qualifying bean of type 'com.br.itau.login.service.JwtService' available: expected at least 1 bean which qualifies as autowire candidate. Dependency annotations: {}
	at org.springframework.beans.factory.support.ConstructorResolver.createArgumentArray(ConstructorResolver.java:804)
	at org.springframework.beans.factory.support.ConstructorResolver.autowireConstructor(ConstructorResolver.java:240)
	at org.springframework.beans.factory.support.AbstractAutowireCapableBeanFactory.autowireConstructor(AbstractAutowireCapableBeanFactory.java:1382)
	at org.springframework.beans.factory.support.AbstractAutowireCapableBeanFactory.createBeanInstance(AbstractAutowireCapableBeanFactory.java:1221)
	at org.springframework.beans.factory.support.AbstractAutowireCapableBeanFactory.doCreateBean(AbstractAutowireCapableBeanFactory.java:565)
	at org.springframework.beans.factory.support.AbstractAutowireCapableBeanFactory.createBean(AbstractAutowireCapableBeanFactory.java:525)
	at org.springframework.beans.factory.support.AbstractBeanFactory.lambda$doGetBean$0(AbstractBeanFactory.java:333)
	at org.springframework.beans.factory.support.DefaultSingletonBeanRegistry.getSingleton(DefaultSingletonBeanRegistry.java:371)
	at org.springframework.beans.factory.support.AbstractBeanFactory.doGetBean(AbstractBeanFactory.java:331)
	at org.springframework.beans.factory.support.AbstractBeanFactory.getBean(AbstractBeanFactory.java:196)
	at org.springframework.beans.factory.support.DefaultListableBeanFactory.instantiateSingleton(DefaultListableBeanFactory.java:1218)
	at org.springframework.beans.factory.support.DefaultListableBeanFactory.preInstantiateSingleton(DefaultListableBeanFactory.java:1184)
	at org.springframework.beans.factory.support.DefaultListableBeanFactory.preInstantiateSingletons(DefaultListableBeanFactory.java:1121)
	at org.springframework.context.support.AbstractApplicationContext.finishBeanFactoryInitialization(AbstractApplicationContext.java:994)
	at org.springframework.context.support.AbstractApplicationContext.refresh(AbstractApplicationContext.java:621)
	at org.springframework.boot.SpringApplication.refresh(SpringApplication.java:756)
	at org.springframework.boot.SpringApplication.refreshContext(SpringApplication.java:445)
	at org.springframework.boot.SpringApplication.run(SpringApplication.java:321)
	at org.springframework.boot.test.context.SpringBootContextLoader.lambda$loadContext$2(SpringBootContextLoader.java:155)
	at org.springframework.util.function.ThrowingSupplier.get(ThrowingSupplier.java:58)
	at org.springframework.util.function.ThrowingSupplier.get(ThrowingSupplier.java:46)
	at org.springframework.boot.SpringApplication.withHook(SpringApplication.java:1465)
	at org.springframework.boot.test.context.SpringBootContextLoader$ContextLoaderHook.run(SpringBootContextLoader.java:600)
	at org.springframework.boot.test.context.SpringBootContextLoader.loadContext(SpringBootContextLoader.java:155)
	at org.springframework.boot.test.context.SpringBootContextLoader.loadContext(SpringBootContextLoader.java:114)
	at org.springframework.test.context.cache.DefaultCacheAwareContextLoaderDelegate.loadContextInternal(DefaultCacheAwareContextLoaderDelegate.java:247)
	at org.springframework.test.context.cache.DefaultCacheAwareContextLoaderDelegate.lambda$loadContext$0(DefaultCacheAwareContextLoaderDelegate.java:167)
	... 86 common frames omitted
Caused by: org.springframework.beans.factory.UnsatisfiedDependencyException: Error creating bean with name 'jwtAuthenticationFilter' defined in file [/Users/thiagocintra/Documents/gitdevelopment/itau/LoginService/target/classes/com/br/itau/login/security/JwtAuthenticationFilter.class]: Unsatisfied dependency expressed through constructor parameter 0: No qualifying bean of type 'com.br.itau.login.service.JwtService' available: expected at least 1 bean which qualifies as autowire candidate. Dependency annotations: {}
	at org.springframework.beans.factory.support.ConstructorResolver.createArgumentArray(ConstructorResolver.java:804)
	at org.springframework.beans.factory.support.ConstructorResolver.autowireConstructor(ConstructorResolver.java:240)
	at org.springframework.beans.factory.support.AbstractAutowireCapableBeanFactory.autowireConstructor(AbstractAutowireCapableBeanFactory.java:1382)
	at org.springframework.beans.factory.support.AbstractAutowireCapableBeanFactory.createBeanInstance(AbstractAutowireCapableBeanFactory.java:1221)
	at org.springframework.beans.factory.support.AbstractAutowireCapableBeanFactory.doCreateBean(AbstractAutowireCapableBeanFactory.java:565)
	at org.springframework.beans.factory.support.AbstractAutowireCapableBeanFactory.createBean(AbstractAutowireCapableBeanFactory.java:525)
	at org.springframework.beans.factory.support.AbstractBeanFactory.lambda$doGetBean$0(AbstractBeanFactory.java:333)
	at org.springframework.beans.factory.support.DefaultSingletonBeanRegistry.getSingleton(DefaultSingletonBeanRegistry.java:371)
	at org.springframework.beans.factory.support.AbstractBeanFactory.doGetBean(AbstractBeanFactory.java:331)
	at org.springframework.beans.factory.support.AbstractBeanFactory.getBean(AbstractBeanFactory.java:201)
	at org.springframework.beans.factory.support.DefaultListableBeanFactory.resolveBean(DefaultListableBeanFactory.java:1225)
	at org.springframework.beans.factory.support.DefaultListableBeanFactory.doResolveDependency(DefaultListableBeanFactory.java:1704)
	at org.springframework.beans.factory.support.DefaultListableBeanFactory.resolveDependency(DefaultListableBeanFactory.java:1651)
	at org.springframework.beans.factory.support.ConstructorResolver.resolveAutowiredArgument(ConstructorResolver.java:912)
	at org.springframework.beans.factory.support.ConstructorResolver.createArgumentArray(ConstructorResolver.java:791)
	... 112 common frames omitted
Caused by: org.springframework.beans.factory.NoSuchBeanDefinitionException: No qualifying bean of type 'com.br.itau.login.service.JwtService' available: expected at least 1 bean which qualifies as autowire candidate. Dependency annotations: {}
	at org.springframework.beans.factory.support.DefaultListableBeanFactory.raiseNoMatchingBeanFound(DefaultListableBeanFactory.java:2297)
	at org.springframework.beans.factory.support.DefaultListableBeanFactory.doResolveDependency(DefaultListableBeanFactory.java:1725)
	at org.springframework.beans.factory.support.DefaultListableBeanFactory.resolveDependency(DefaultListableBeanFactory.java:1651)
	at org.springframework.beans.factory.support.ConstructorResolver.resolveAutowiredArgument(ConstructorResolver.java:912)
	at org.springframework.beans.factory.support.ConstructorResolver.createArgumentArray(ConstructorResolver.java:791)
	... 126 common frames omitted
2026-04-23 15:16:15.730  INFO [main] c.b.i.l.LoginApplicationTests - Starting LoginApplicationTests using Java 21.0.10 with PID 9138 (started by thiagocintra in /Users/thiagocintra/Documents/gitdevelopment/itau/LoginService)
2026-04-23 15:16:15.731  INFO [main] c.b.i.l.LoginApplicationTests - No active profile set, falling back to 1 default profile: "default"
2026-04-23 15:16:16.088  INFO [main] o.s.d.r.c.RepositoryConfigurationDelegate - Multiple Spring Data modules found, entering strict repository configuration mode
2026-04-23 15:16:16.089  INFO [main] o.s.d.r.c.RepositoryConfigurationDelegate - Bootstrapping Spring Data JPA repositories in DEFAULT mode.
2026-04-23 15:16:16.157  INFO [main] o.s.d.r.c.RepositoryConfigurationDelegate - Finished Spring Data repository scanning in 64 ms. Found 1 JPA repository interface.
2026-04-23 15:16:16.179  INFO [main] o.s.d.r.c.RepositoryConfigurationDelegate - Multiple Spring Data modules found, entering strict repository configuration mode
2026-04-23 15:16:16.179  INFO [main] o.s.d.r.c.RepositoryConfigurationDelegate - Bootstrapping Spring Data Redis repositories in DEFAULT mode.
2026-04-23 15:16:16.188  INFO [main] o.s.d.r.c.RepositoryConfigurationExtensionSupport - Spring Data Redis - Could not safely identify store assignment for repository candidate interface com.br.itau.login.repository.UserAccountRepository; If you want this repository to be a Redis repository, consider annotating your entities with one of these annotations: org.springframework.data.redis.core.RedisHash (preferred), or consider extending one of the following types with your repository: org.springframework.data.keyvalue.repository.KeyValueRepository
2026-04-23 15:16:16.189  INFO [main] o.s.d.r.c.RepositoryConfigurationDelegate - Finished Spring Data repository scanning in 3 ms. Found 0 Redis repository interfaces.
2026-04-23 15:16:16.463  INFO [main] o.h.o.jpa - HHH008540: Processing PersistenceUnitInfo [name: default]
2026-04-23 15:16:16.501  INFO [main] o.h.o.core - HHH000001: Hibernate ORM core version 7.2.7.Final
2026-04-23 15:16:16.711  INFO [main] o.s.o.j.p.SpringPersistenceUnitInfo - No LoadTimeWeaver setup: ignoring JPA class transformer
2026-04-23 15:16:16.728  INFO [main] c.z.h.HikariDataSource - HikariPool-1 - Starting...
2026-04-23 15:16:16.824  INFO [main] c.z.h.p.HikariPool - HikariPool-1 - Added connection conn0: url=jdbc:h2:mem:alunos_db user=SA
2026-04-23 15:16:16.826  INFO [main] c.z.h.HikariDataSource - HikariPool-1 - Start completed.
2026-04-23 15:16:16.857  INFO [main] o.h.o.c.pooling - HHH10001005: Database info:
	Database JDBC URL [jdbc:h2:mem:alunos_db]
	Database driver: H2 JDBC Driver
	Database dialect: H2Dialect
	Database version: 2.4.240
	Default catalog/schema: ALUNOS_DB/PUBLIC
	Autocommit mode: undefined/unknown
	Isolation level: READ_COMMITTED [default READ_COMMITTED]
	JDBC fetch size: 100
	Pool: DataSourceConnectionProvider
	Minimum pool size: undefined/unknown
	Maximum pool size: undefined/unknown
2026-04-23 15:16:17.342  INFO [main] o.h.o.core - HHH000489: No JTA platform available (set 'hibernate.transaction.jta.platform' to enable JTA platform integration)
2026-04-23 15:16:17.344  INFO [main] o.h.o.j.batch - HHH100501: Automatic JDBC statement batching enabled (maximum batch size 100)
2026-04-23 15:16:17.374  INFO [main] o.s.o.j.LocalContainerEntityManagerFactoryBean - Initialized JPA EntityManagerFactory for persistence unit 'default'
2026-04-23 15:16:17.396  WARN [main] o.s.w.c.s.GenericWebApplicationContext - Exception encountered during context initialization - cancelling refresh attempt: org.springframework.beans.factory.UnsatisfiedDependencyException: Error creating bean with name 'securityConfig' defined in file [/Users/thiagocintra/Documents/gitdevelopment/itau/LoginService/target/classes/com/br/itau/login/config/SecurityConfig.class]: Unsatisfied dependency expressed through constructor parameter 0: Error creating bean with name 'jwtAuthenticationFilter' defined in file [/Users/thiagocintra/Documents/gitdevelopment/itau/LoginService/target/classes/com/br/itau/login/security/JwtAuthenticationFilter.class]: Unsatisfied dependency expressed through constructor parameter 1: No qualifying bean of type 'com.br.itau.login.service.SessionService' available: expected at least 1 bean which qualifies as autowire candidate. Dependency annotations: {}
2026-04-23 15:16:17.396  INFO [main] o.s.o.j.LocalContainerEntityManagerFactoryBean - Closing JPA EntityManagerFactory for persistence unit 'default'
2026-04-23 15:16:17.397  INFO [main] c.z.h.HikariDataSource - HikariPool-1 - Shutdown initiated...
2026-04-23 15:16:17.398  INFO [main] c.z.h.HikariDataSource - HikariPool-1 - Shutdown completed.
2026-04-23 15:16:17.407  INFO [main] o.s.b.a.l.ConditionEvaluationReportLogger - 

Error starting ApplicationContext. To display the condition evaluation report re-run your application with 'debug' enabled.
2026-04-23 15:16:17.416 ERROR [main] o.s.b.d.LoggingFailureAnalysisReporter - 

***************************
APPLICATION FAILED TO START
***************************

Description:

Parameter 1 of constructor in com.br.itau.login.security.JwtAuthenticationFilter required a bean of type 'com.br.itau.login.service.SessionService' that could not be found.


Action:

Consider defining a bean of type 'com.br.itau.login.service.SessionService' in your configuration.

2026-04-23 15:16:17.417  WARN [main] o.s.t.c.TestContextManager - Caught exception while allowing TestExecutionListener [org.springframework.test.context.web.ServletTestExecutionListener] to prepare test instance [com.br.itau.login.LoginApplicationTests@27a8bfa1]
java.lang.IllegalStateException: Failed to load ApplicationContext for [WebMergedContextConfiguration@4f8488ef testClass = com.br.itau.login.LoginApplicationTests, locations = [], classes = [com.br.itau.login.LoginApplication], contextInitializerClasses = [], activeProfiles = [], propertySourceDescriptors = [], propertySourceProperties = ["org.springframework.boot.test.context.SpringBootTestContextBootstrapper=true"], contextCustomizers = [org.springframework.boot.web.server.context.SpringBootTestRandomPortContextCustomizer@34a97744, org.springframework.boot.test.context.PropertyMappingContextCustomizer@0, org.springframework.boot.test.context.filter.ExcludeFilterContextCustomizer@f6c03cb, org.springframework.boot.test.json.DuplicateJsonObjectContextCustomizerFactory$DuplicateJsonObjectContextCustomizer@5be067de, org.springframework.boot.test.autoconfigure.OnFailureConditionReportContextCustomizerFactory$OnFailureConditionReportContextCustomizer@7c7d3c46, org.springframework.test.context.support.DynamicPropertiesContextCustomizer@0, org.springframework.boot.test.context.SpringBootTestAnnotation@fefab912], resourceBasePath = "src/main/webapp", contextLoader = org.springframework.boot.test.context.SpringBootContextLoader, parent = null]
	at org.springframework.test.context.cache.DefaultCacheAwareContextLoaderDelegate.lambda$loadContext$0(DefaultCacheAwareContextLoaderDelegate.java:195)
	at org.springframework.test.context.cache.DefaultContextCache.put(DefaultContextCache.java:214)
	at org.springframework.test.context.cache.DefaultCacheAwareContextLoaderDelegate.loadContext(DefaultCacheAwareContextLoaderDelegate.java:160)
	at org.springframework.test.context.support.DefaultTestContext.getApplicationContext(DefaultTestContext.java:128)
	at org.springframework.test.context.web.ServletTestExecutionListener.setUpRequestContextIfNecessary(ServletTestExecutionListener.java:200)
	at org.springframework.test.context.web.ServletTestExecutionListener.prepareTestInstance(ServletTestExecutionListener.java:139)
	at org.springframework.test.context.TestContextManager.prepareTestInstance(TestContextManager.java:260)
	at org.springframework.test.context.junit.jupiter.SpringExtension.postProcessTestInstance(SpringExtension.java:210)
	at org.junit.jupiter.engine.descriptor.ClassBasedTestDescriptor.lambda$invokeTestInstancePostProcessors$1(ClassBasedTestDescriptor.java:423)
	at org.junit.jupiter.engine.descriptor.ClassBasedTestDescriptor.executeAndMaskThrowable(ClassBasedTestDescriptor.java:428)
	at org.junit.jupiter.engine.descriptor.ClassBasedTestDescriptor.lambda$invokeTestInstancePostProcessors$0(ClassBasedTestDescriptor.java:422)
	at java.base/java.util.stream.ForEachOps$ForEachOp$OfRef.accept(ForEachOps.java:184)
	at java.base/java.util.stream.ReferencePipeline$3$1.accept(ReferencePipeline.java:197)
	at java.base/java.util.stream.ReferencePipeline$2$1.accept(ReferencePipeline.java:179)
	at java.base/java.util.stream.ReferencePipeline$3$1.accept(ReferencePipeline.java:197)
	at java.base/java.util.ArrayList$ArrayListSpliterator.forEachRemaining(ArrayList.java:1708)
	at java.base/java.util.stream.AbstractPipeline.copyInto(AbstractPipeline.java:509)
	at java.base/java.util.stream.AbstractPipeline.wrapAndCopyInto(AbstractPipeline.java:499)
	at java.base/java.util.stream.ForEachOps$ForEachOp.evaluateSequential(ForEachOps.java:151)
	at java.base/java.util.stream.ForEachOps$ForEachOp$OfRef.evaluateSequential(ForEachOps.java:174)
	at java.base/java.util.stream.AbstractPipeline.evaluate(AbstractPipeline.java:234)
	at java.base/java.util.stream.ReferencePipeline.forEach(ReferencePipeline.java:596)
	at org.junit.jupiter.engine.descriptor.ClassBasedTestDescriptor.invokeTestInstancePostProcessors(ClassBasedTestDescriptor.java:422)
	at org.junit.jupiter.engine.descriptor.ClassBasedTestDescriptor.lambda$instantiateAndPostProcessTestInstance$0(ClassBasedTestDescriptor.java:334)
	at org.junit.platform.engine.support.hierarchical.ThrowableCollector.execute(ThrowableCollector.java:74)
	at org.junit.jupiter.engine.descriptor.ClassBasedTestDescriptor.instantiateAndPostProcessTestInstance(ClassBasedTestDescriptor.java:333)
	at org.junit.jupiter.engine.descriptor.ClassBasedTestDescriptor.lambda$testInstancesProvider$1(ClassBasedTestDescriptor.java:322)
	at java.base/java.util.Optional.orElseGet(Optional.java:364)
	at org.junit.jupiter.engine.descriptor.ClassBasedTestDescriptor.lambda$testInstancesProvider$0(ClassBasedTestDescriptor.java:321)
	at org.junit.jupiter.engine.execution.TestInstancesProvider.getTestInstances(TestInstancesProvider.java:27)
	at org.junit.jupiter.engine.descriptor.TestMethodTestDescriptor.lambda$prepare$0(TestMethodTestDescriptor.java:127)
	at org.junit.platform.engine.support.hierarchical.ThrowableCollector.execute(ThrowableCollector.java:74)
	at org.junit.jupiter.engine.descriptor.TestMethodTestDescriptor.prepare(TestMethodTestDescriptor.java:126)
	at org.junit.jupiter.engine.descriptor.TestMethodTestDescriptor.prepare(TestMethodTestDescriptor.java:70)
	at org.junit.platform.engine.support.hierarchical.NodeTestTask.lambda$prepare$0(NodeTestTask.java:144)
	at org.junit.platform.engine.support.hierarchical.ThrowableCollector.execute(ThrowableCollector.java:74)
	at org.junit.platform.engine.support.hierarchical.NodeTestTask.prepare(NodeTestTask.java:144)
	at org.junit.platform.engine.support.hierarchical.NodeTestTask.execute(NodeTestTask.java:110)
	at java.base/java.util.ArrayList.forEach(ArrayList.java:1596)
	at org.junit.platform.engine.support.hierarchical.SameThreadHierarchicalTestExecutorService.invokeAll(SameThreadHierarchicalTestExecutorService.java:42)
	at org.junit.platform.engine.support.hierarchical.NodeTestTask.lambda$executeRecursively$2(NodeTestTask.java:180)
	at org.junit.platform.engine.support.hierarchical.ThrowableCollector.execute(ThrowableCollector.java:74)
	at org.junit.platform.engine.support.hierarchical.NodeTestTask.lambda$executeRecursively$1(NodeTestTask.java:166)
	at org.junit.platform.engine.support.hierarchical.Node.around(Node.java:138)
	at org.junit.platform.engine.support.hierarchical.NodeTestTask.lambda$executeRecursively$0(NodeTestTask.java:164)
	at org.junit.platform.engine.support.hierarchical.ThrowableCollector.execute(ThrowableCollector.java:74)
	at org.junit.platform.engine.support.hierarchical.NodeTestTask.executeRecursively(NodeTestTask.java:163)
	at org.junit.platform.engine.support.hierarchical.NodeTestTask.execute(NodeTestTask.java:116)
	at java.base/java.util.ArrayList.forEach(ArrayList.java:1596)
	at org.junit.platform.engine.support.hierarchical.SameThreadHierarchicalTestExecutorService.invokeAll(SameThreadHierarchicalTestExecutorService.java:42)
	at org.junit.platform.engine.support.hierarchical.NodeTestTask.lambda$executeRecursively$2(NodeTestTask.java:180)
	at org.junit.platform.engine.support.hierarchical.ThrowableCollector.execute(ThrowableCollector.java:74)
	at org.junit.platform.engine.support.hierarchical.NodeTestTask.lambda$executeRecursively$1(NodeTestTask.java:166)
	at org.junit.platform.engine.support.hierarchical.Node.around(Node.java:138)
	at org.junit.platform.engine.support.hierarchical.NodeTestTask.lambda$executeRecursively$0(NodeTestTask.java:164)
	at org.junit.platform.engine.support.hierarchical.ThrowableCollector.execute(ThrowableCollector.java:74)
	at org.junit.platform.engine.support.hierarchical.NodeTestTask.executeRecursively(NodeTestTask.java:163)
	at org.junit.platform.engine.support.hierarchical.NodeTestTask.execute(NodeTestTask.java:116)
	at org.junit.platform.engine.support.hierarchical.SameThreadHierarchicalTestExecutorService.submit(SameThreadHierarchicalTestExecutorService.java:36)
	at org.junit.platform.engine.support.hierarchical.HierarchicalTestExecutor.execute(HierarchicalTestExecutor.java:52)
	at org.junit.platform.engine.support.hierarchical.HierarchicalTestEngine.execute(HierarchicalTestEngine.java:58)
	at org.junit.platform.launcher.core.EngineExecutionOrchestrator.executeEngine(EngineExecutionOrchestrator.java:246)
	at org.junit.platform.launcher.core.EngineExecutionOrchestrator.failOrExecuteEngine(EngineExecutionOrchestrator.java:218)
	at org.junit.platform.launcher.core.EngineExecutionOrchestrator.execute(EngineExecutionOrchestrator.java:179)
	at org.junit.platform.launcher.core.EngineExecutionOrchestrator.execute(EngineExecutionOrchestrator.java:108)
	at org.junit.platform.launcher.core.EngineExecutionOrchestrator.lambda$execute$0(EngineExecutionOrchestrator.java:66)
	at org.junit.platform.launcher.core.EngineExecutionOrchestrator.withInterceptedStreams(EngineExecutionOrchestrator.java:157)
	at org.junit.platform.launcher.core.EngineExecutionOrchestrator.execute(EngineExecutionOrchestrator.java:65)
	at org.junit.platform.launcher.core.DefaultLauncher.execute(DefaultLauncher.java:125)
	at org.junit.platform.launcher.core.DefaultLauncher.execute(DefaultLauncher.java:114)
	at org.junit.platform.launcher.core.DelegatingLauncher.execute(DelegatingLauncher.java:58)
	at org.junit.platform.launcher.core.InterceptingLauncher.lambda$execute$2(InterceptingLauncher.java:57)
	at org.junit.platform.launcher.core.ClasspathAlignmentCheckingLauncherInterceptor.intercept(ClasspathAlignmentCheckingLauncherInterceptor.java:25)
	at org.junit.platform.launcher.core.InterceptingLauncher.execute(InterceptingLauncher.java:56)
	at org.junit.platform.launcher.core.DelegatingLauncher.execute(DelegatingLauncher.java:58)
	at java.base/jdk.internal.reflect.DirectMethodHandleAccessor.invoke(DirectMethodHandleAccessor.java:103)
	at java.base/java.lang.reflect.Method.invoke(Method.java:580)
	at org.apache.maven.surefire.api.util.ReflectionUtils.invokeMethodWithArray(ReflectionUtils.java:125)
	at org.apache.maven.surefire.junitplatform.LauncherAdapter.executeWithCancellationToken(LauncherAdapter.java:68)
	at org.apache.maven.surefire.junitplatform.LauncherAdapter.execute(LauncherAdapter.java:54)
	at org.apache.maven.surefire.junitplatform.JUnitPlatformProvider.execute(JUnitPlatformProvider.java:203)
	at org.apache.maven.surefire.junitplatform.JUnitPlatformProvider.invokeAllTests(JUnitPlatformProvider.java:168)
	at org.apache.maven.surefire.junitplatform.JUnitPlatformProvider.invoke(JUnitPlatformProvider.java:136)
	at org.apache.maven.surefire.booter.ForkedBooter.runSuitesInProcess(ForkedBooter.java:385)
	at org.apache.maven.surefire.booter.ForkedBooter.execute(ForkedBooter.java:162)
	at org.apache.maven.surefire.booter.ForkedBooter.run(ForkedBooter.java:507)
	at org.apache.maven.surefire.booter.ForkedBooter.main(ForkedBooter.java:495)
Caused by: org.springframework.beans.factory.UnsatisfiedDependencyException: Error creating bean with name 'securityConfig' defined in file [/Users/thiagocintra/Documents/gitdevelopment/itau/LoginService/target/classes/com/br/itau/login/config/SecurityConfig.class]: Unsatisfied dependency expressed through constructor parameter 0: Error creating bean with name 'jwtAuthenticationFilter' defined in file [/Users/thiagocintra/Documents/gitdevelopment/itau/LoginService/target/classes/com/br/itau/login/security/JwtAuthenticationFilter.class]: Unsatisfied dependency expressed through constructor parameter 1: No qualifying bean of type 'com.br.itau.login.service.SessionService' available: expected at least 1 bean which qualifies as autowire candidate. Dependency annotations: {}
	at org.springframework.beans.factory.support.ConstructorResolver.createArgumentArray(ConstructorResolver.java:804)
	at org.springframework.beans.factory.support.ConstructorResolver.autowireConstructor(ConstructorResolver.java:240)
	at org.springframework.beans.factory.support.AbstractAutowireCapableBeanFactory.autowireConstructor(AbstractAutowireCapableBeanFactory.java:1382)
	at org.springframework.beans.factory.support.AbstractAutowireCapableBeanFactory.createBeanInstance(AbstractAutowireCapableBeanFactory.java:1221)
	at org.springframework.beans.factory.support.AbstractAutowireCapableBeanFactory.doCreateBean(AbstractAutowireCapableBeanFactory.java:565)
	at org.springframework.beans.factory.support.AbstractAutowireCapableBeanFactory.createBean(AbstractAutowireCapableBeanFactory.java:525)
	at org.springframework.beans.factory.support.AbstractBeanFactory.lambda$doGetBean$0(AbstractBeanFactory.java:333)
	at org.springframework.beans.factory.support.DefaultSingletonBeanRegistry.getSingleton(DefaultSingletonBeanRegistry.java:371)
	at org.springframework.beans.factory.support.AbstractBeanFactory.doGetBean(AbstractBeanFactory.java:331)
	at org.springframework.beans.factory.support.AbstractBeanFactory.getBean(AbstractBeanFactory.java:196)
	at org.springframework.beans.factory.support.DefaultListableBeanFactory.instantiateSingleton(DefaultListableBeanFactory.java:1218)
	at org.springframework.beans.factory.support.DefaultListableBeanFactory.preInstantiateSingleton(DefaultListableBeanFactory.java:1184)
	at org.springframework.beans.factory.support.DefaultListableBeanFactory.preInstantiateSingletons(DefaultListableBeanFactory.java:1121)
	at org.springframework.context.support.AbstractApplicationContext.finishBeanFactoryInitialization(AbstractApplicationContext.java:994)
	at org.springframework.context.support.AbstractApplicationContext.refresh(AbstractApplicationContext.java:621)
	at org.springframework.boot.SpringApplication.refresh(SpringApplication.java:756)
	at org.springframework.boot.SpringApplication.refreshContext(SpringApplication.java:445)
	at org.springframework.boot.SpringApplication.run(SpringApplication.java:321)
	at org.springframework.boot.test.context.SpringBootContextLoader.lambda$loadContext$2(SpringBootContextLoader.java:155)
	at org.springframework.util.function.ThrowingSupplier.get(ThrowingSupplier.java:58)
	at org.springframework.util.function.ThrowingSupplier.get(ThrowingSupplier.java:46)
	at org.springframework.boot.SpringApplication.withHook(SpringApplication.java:1465)
	at org.springframework.boot.test.context.SpringBootContextLoader$ContextLoaderHook.run(SpringBootContextLoader.java:600)
	at org.springframework.boot.test.context.SpringBootContextLoader.loadContext(SpringBootContextLoader.java:155)
	at org.springframework.boot.test.context.SpringBootContextLoader.loadContext(SpringBootContextLoader.java:114)
	at org.springframework.test.context.cache.DefaultCacheAwareContextLoaderDelegate.loadContextInternal(DefaultCacheAwareContextLoaderDelegate.java:247)
	at org.springframework.test.context.cache.DefaultCacheAwareContextLoaderDelegate.lambda$loadContext$0(DefaultCacheAwareContextLoaderDelegate.java:167)
	... 86 common frames omitted
Caused by: org.springframework.beans.factory.UnsatisfiedDependencyException: Error creating bean with name 'jwtAuthenticationFilter' defined in file [/Users/thiagocintra/Documents/gitdevelopment/itau/LoginService/target/classes/com/br/itau/login/security/JwtAuthenticationFilter.class]: Unsatisfied dependency expressed through constructor parameter 1: No qualifying bean of type 'com.br.itau.login.service.SessionService' available: expected at least 1 bean which qualifies as autowire candidate. Dependency annotations: {}
	at org.springframework.beans.factory.support.ConstructorResolver.createArgumentArray(ConstructorResolver.java:804)
	at org.springframework.beans.factory.support.ConstructorResolver.autowireConstructor(ConstructorResolver.java:240)
	at org.springframework.beans.factory.support.AbstractAutowireCapableBeanFactory.autowireConstructor(AbstractAutowireCapableBeanFactory.java:1382)
	at org.springframework.beans.factory.support.AbstractAutowireCapableBeanFactory.createBeanInstance(AbstractAutowireCapableBeanFactory.java:1221)
	at org.springframework.beans.factory.support.AbstractAutowireCapableBeanFactory.doCreateBean(AbstractAutowireCapableBeanFactory.java:565)
	at org.springframework.beans.factory.support.AbstractAutowireCapableBeanFactory.createBean(AbstractAutowireCapableBeanFactory.java:525)
	at org.springframework.beans.factory.support.AbstractBeanFactory.lambda$doGetBean$0(AbstractBeanFactory.java:333)
	at org.springframework.beans.factory.support.DefaultSingletonBeanRegistry.getSingleton(DefaultSingletonBeanRegistry.java:371)
	at org.springframework.beans.factory.support.AbstractBeanFactory.doGetBean(AbstractBeanFactory.java:331)
	at org.springframework.beans.factory.support.AbstractBeanFactory.getBean(AbstractBeanFactory.java:201)
	at org.springframework.beans.factory.support.DefaultListableBeanFactory.resolveBean(DefaultListableBeanFactory.java:1225)
	at org.springframework.beans.factory.support.DefaultListableBeanFactory.doResolveDependency(DefaultListableBeanFactory.java:1704)
	at org.springframework.beans.factory.support.DefaultListableBeanFactory.resolveDependency(DefaultListableBeanFactory.java:1651)
	at org.springframework.beans.factory.support.ConstructorResolver.resolveAutowiredArgument(ConstructorResolver.java:912)
	at org.springframework.beans.factory.support.ConstructorResolver.createArgumentArray(ConstructorResolver.java:791)
	... 112 common frames omitted
Caused by: org.springframework.beans.factory.NoSuchBeanDefinitionException: No qualifying bean of type 'com.br.itau.login.service.SessionService' available: expected at least 1 bean which qualifies as autowire candidate. Dependency annotations: {}
	at org.springframework.beans.factory.support.DefaultListableBeanFactory.raiseNoMatchingBeanFound(DefaultListableBeanFactory.java:2297)
	at org.springframework.beans.factory.support.DefaultListableBeanFactory.doResolveDependency(DefaultListableBeanFactory.java:1725)
	at org.springframework.beans.factory.support.DefaultListableBeanFactory.resolveDependency(DefaultListableBeanFactory.java:1651)
	at org.springframework.beans.factory.support.ConstructorResolver.resolveAutowiredArgument(ConstructorResolver.java:912)
	at org.springframework.beans.factory.support.ConstructorResolver.createArgumentArray(ConstructorResolver.java:791)
	... 126 common frames omitted
2026-04-23 15:17:09.629  INFO [main] c.b.i.l.LoginApplicationTests - Starting LoginApplicationTests using Java 21.0.10 with PID 9176 (started by thiagocintra in /Users/thiagocintra/Documents/gitdevelopment/itau/LoginService)
2026-04-23 15:17:09.632  INFO [main] c.b.i.l.LoginApplicationTests - No active profile set, falling back to 1 default profile: "default"
2026-04-23 15:17:10.000  INFO [main] o.s.d.r.c.RepositoryConfigurationDelegate - Multiple Spring Data modules found, entering strict repository configuration mode
2026-04-23 15:17:10.001  INFO [main] o.s.d.r.c.RepositoryConfigurationDelegate - Bootstrapping Spring Data JPA repositories in DEFAULT mode.
2026-04-23 15:17:10.070  INFO [main] o.s.d.r.c.RepositoryConfigurationDelegate - Finished Spring Data repository scanning in 63 ms. Found 1 JPA repository interface.
2026-04-23 15:17:10.094  INFO [main] o.s.d.r.c.RepositoryConfigurationDelegate - Multiple Spring Data modules found, entering strict repository configuration mode
2026-04-23 15:17:10.095  INFO [main] o.s.d.r.c.RepositoryConfigurationDelegate - Bootstrapping Spring Data Redis repositories in DEFAULT mode.
2026-04-23 15:17:10.104  INFO [main] o.s.d.r.c.RepositoryConfigurationExtensionSupport - Spring Data Redis - Could not safely identify store assignment for repository candidate interface com.br.itau.login.repository.UserAccountRepository; If you want this repository to be a Redis repository, consider annotating your entities with one of these annotations: org.springframework.data.redis.core.RedisHash (preferred), or consider extending one of the following types with your repository: org.springframework.data.keyvalue.repository.KeyValueRepository
2026-04-23 15:17:10.104  INFO [main] o.s.d.r.c.RepositoryConfigurationDelegate - Finished Spring Data repository scanning in 3 ms. Found 0 Redis repository interfaces.
2026-04-23 15:17:10.395  INFO [main] o.h.o.jpa - HHH008540: Processing PersistenceUnitInfo [name: default]
2026-04-23 15:17:10.432  INFO [main] o.h.o.core - HHH000001: Hibernate ORM core version 7.2.7.Final
2026-04-23 15:17:10.646  INFO [main] o.s.o.j.p.SpringPersistenceUnitInfo - No LoadTimeWeaver setup: ignoring JPA class transformer
2026-04-23 15:17:10.662  INFO [main] c.z.h.HikariDataSource - HikariPool-1 - Starting...
2026-04-23 15:17:10.759  INFO [main] c.z.h.p.HikariPool - HikariPool-1 - Added connection conn0: url=jdbc:h2:mem:alunos_db user=SA
2026-04-23 15:17:10.760  INFO [main] c.z.h.HikariDataSource - HikariPool-1 - Start completed.
2026-04-23 15:17:10.790  INFO [main] o.h.o.c.pooling - HHH10001005: Database info:
	Database JDBC URL [jdbc:h2:mem:alunos_db]
	Database driver: H2 JDBC Driver
	Database dialect: H2Dialect
	Database version: 2.4.240
	Default catalog/schema: ALUNOS_DB/PUBLIC
	Autocommit mode: undefined/unknown
	Isolation level: READ_COMMITTED [default READ_COMMITTED]
	JDBC fetch size: 100
	Pool: DataSourceConnectionProvider
	Minimum pool size: undefined/unknown
	Maximum pool size: undefined/unknown
2026-04-23 15:17:11.265  INFO [main] o.h.o.core - HHH000489: No JTA platform available (set 'hibernate.transaction.jta.platform' to enable JTA platform integration)
2026-04-23 15:17:11.266  INFO [main] o.h.o.j.batch - HHH100501: Automatic JDBC statement batching enabled (maximum batch size 100)
2026-04-23 15:17:11.294  INFO [main] o.s.o.j.LocalContainerEntityManagerFactoryBean - Initialized JPA EntityManagerFactory for persistence unit 'default'
2026-04-23 15:17:11.378  WARN [main] i.n.r.d.DnsServerAddressStreamProviders - Can not find io.netty.resolver.dns.macos.MacOSDnsServerAddressStreamProvider in the classpath, fallback to system defaults. This may result in incorrect DNS resolutions on MacOS. Check whether you have a dependency on 'io.netty:netty-resolver-dns-native-macos'
2026-04-23 15:17:11.529  WARN [main] o.s.b.j.a.JpaBaseConfiguration$JpaWebConfiguration - spring.jpa.open-in-view is enabled by default. Therefore, database queries may be performed during view rendering. Explicitly configure spring.jpa.open-in-view to disable this warning
2026-04-23 15:17:11.855  INFO [main] o.s.d.j.r.q.QueryEnhancerFactories - Hibernate is in classpath; If applicable, HQL parser will be used.
2026-04-23 15:17:12.031  INFO [main] c.b.i.l.LoginApplicationTests - Started LoginApplicationTests in 2.578 seconds (process running for 3.162)
2026-04-23 15:17:12.457  INFO [SpringApplicationShutdownHook] o.s.o.j.LocalContainerEntityManagerFactoryBean - Closing JPA EntityManagerFactory for persistence unit 'default'
2026-04-23 15:17:12.458  INFO [SpringApplicationShutdownHook] c.z.h.HikariDataSource - HikariPool-1 - Shutdown initiated...
2026-04-23 15:17:12.459  INFO [SpringApplicationShutdownHook] c.z.h.HikariDataSource - HikariPool-1 - Shutdown completed.
2026-04-23 17:00:25.086  INFO [main] c.b.i.l.LoginApplicationTests - Starting LoginApplicationTests using Java 21.0.10 with PID 10087 (started by thiagocintra in /Users/thiagocintra/Documents/gitdevelopment/itau/LoginService)
2026-04-23 17:00:25.090  INFO [main] c.b.i.l.LoginApplicationTests - No active profile set, falling back to 1 default profile: "default"
2026-04-23 17:00:25.407  INFO [main] o.s.d.r.c.RepositoryConfigurationDelegate - Multiple Spring Data modules found, entering strict repository configuration mode
2026-04-23 17:00:25.408  INFO [main] o.s.d.r.c.RepositoryConfigurationDelegate - Bootstrapping Spring Data JPA repositories in DEFAULT mode.
2026-04-23 17:00:25.478  INFO [main] o.s.d.r.c.RepositoryConfigurationDelegate - Finished Spring Data repository scanning in 66 ms. Found 1 JPA repository interface.
2026-04-23 17:00:25.502  INFO [main] o.s.d.r.c.RepositoryConfigurationDelegate - Multiple Spring Data modules found, entering strict repository configuration mode
2026-04-23 17:00:25.503  INFO [main] o.s.d.r.c.RepositoryConfigurationDelegate - Bootstrapping Spring Data Redis repositories in DEFAULT mode.
2026-04-23 17:00:25.512  INFO [main] o.s.d.r.c.RepositoryConfigurationExtensionSupport - Spring Data Redis - Could not safely identify store assignment for repository candidate interface com.br.itau.login.repository.UserAccountRepository; If you want this repository to be a Redis repository, consider annotating your entities with one of these annotations: org.springframework.data.redis.core.RedisHash (preferred), or consider extending one of the following types with your repository: org.springframework.data.keyvalue.repository.KeyValueRepository
2026-04-23 17:00:25.512  INFO [main] o.s.d.r.c.RepositoryConfigurationDelegate - Finished Spring Data repository scanning in 3 ms. Found 0 Redis repository interfaces.
2026-04-23 17:00:25.778  INFO [main] o.h.o.jpa - HHH008540: Processing PersistenceUnitInfo [name: default]
2026-04-23 17:00:25.808  INFO [main] o.h.o.core - HHH000001: Hibernate ORM core version 7.2.7.Final
2026-04-23 17:00:26.019  INFO [main] o.s.o.j.p.SpringPersistenceUnitInfo - No LoadTimeWeaver setup: ignoring JPA class transformer
2026-04-23 17:00:26.035  INFO [main] c.z.h.HikariDataSource - HikariPool-1 - Starting...
2026-04-23 17:00:26.129  INFO [main] c.z.h.p.HikariPool - HikariPool-1 - Added connection conn0: url=jdbc:h2:mem:alunos_db user=SA
2026-04-23 17:00:26.130  INFO [main] c.z.h.HikariDataSource - HikariPool-1 - Start completed.
2026-04-23 17:00:26.161  INFO [main] o.h.o.c.pooling - HHH10001005: Database info:
	Database JDBC URL [jdbc:h2:mem:alunos_db]
	Database driver: H2 JDBC Driver
	Database dialect: H2Dialect
	Database version: 2.4.240
	Default catalog/schema: ALUNOS_DB/PUBLIC
	Autocommit mode: undefined/unknown
	Isolation level: READ_COMMITTED [default READ_COMMITTED]
	JDBC fetch size: 100
	Pool: DataSourceConnectionProvider
	Minimum pool size: undefined/unknown
	Maximum pool size: undefined/unknown
2026-04-23 17:00:26.628  INFO [main] o.h.o.core - HHH000489: No JTA platform available (set 'hibernate.transaction.jta.platform' to enable JTA platform integration)
2026-04-23 17:00:26.630  INFO [main] o.h.o.j.batch - HHH100501: Automatic JDBC statement batching enabled (maximum batch size 100)
2026-04-23 17:00:26.659  INFO [main] o.s.o.j.LocalContainerEntityManagerFactoryBean - Initialized JPA EntityManagerFactory for persistence unit 'default'
2026-04-23 17:00:26.709  INFO [main] o.s.d.j.r.q.QueryEnhancerFactories - Hibernate is in classpath; If applicable, HQL parser will be used.
2026-04-23 17:00:26.863  WARN [main] i.n.r.d.DnsServerAddressStreamProviders - Can not find io.netty.resolver.dns.macos.MacOSDnsServerAddressStreamProvider in the classpath, fallback to system defaults. This may result in incorrect DNS resolutions on MacOS. Check whether you have a dependency on 'io.netty:netty-resolver-dns-native-macos'
2026-04-23 17:00:26.998  WARN [main] o.s.b.j.a.JpaBaseConfiguration$JpaWebConfiguration - spring.jpa.open-in-view is enabled by default. Therefore, database queries may be performed during view rendering. Explicitly configure spring.jpa.open-in-view to disable this warning
2026-04-23 17:00:27.386  INFO [main] c.b.i.l.LoginApplicationTests - Started LoginApplicationTests in 2.464 seconds (process running for 2.956)
2026-04-23 17:00:27.794  INFO [SpringApplicationShutdownHook] o.s.o.j.LocalContainerEntityManagerFactoryBean - Closing JPA EntityManagerFactory for persistence unit 'default'
2026-04-23 17:00:27.796  INFO [SpringApplicationShutdownHook] c.z.h.HikariDataSource - HikariPool-1 - Shutdown initiated...
2026-04-23 17:00:27.797  INFO [SpringApplicationShutdownHook] c.z.h.HikariDataSource - HikariPool-1 - Shutdown completed.
2026-04-23 17:01:57.858  INFO [main] c.b.i.l.LoginApplicationTests - Starting LoginApplicationTests using Java 21.0.10 with PID 10148 (started by thiagocintra in /Users/thiagocintra/Documents/gitdevelopment/itau/LoginService)
2026-04-23 17:01:57.864  INFO [main] c.b.i.l.LoginApplicationTests - No active profile set, falling back to 1 default profile: "default"
2026-04-23 17:01:58.200  INFO [main] o.s.d.r.c.RepositoryConfigurationDelegate - Multiple Spring Data modules found, entering strict repository configuration mode
2026-04-23 17:01:58.201  INFO [main] o.s.d.r.c.RepositoryConfigurationDelegate - Bootstrapping Spring Data JPA repositories in DEFAULT mode.
2026-04-23 17:01:58.275  INFO [main] o.s.d.r.c.RepositoryConfigurationDelegate - Finished Spring Data repository scanning in 69 ms. Found 1 JPA repository interface.
2026-04-23 17:01:58.299  INFO [main] o.s.d.r.c.RepositoryConfigurationDelegate - Multiple Spring Data modules found, entering strict repository configuration mode
2026-04-23 17:01:58.300  INFO [main] o.s.d.r.c.RepositoryConfigurationDelegate - Bootstrapping Spring Data Redis repositories in DEFAULT mode.
2026-04-23 17:01:58.309  INFO [main] o.s.d.r.c.RepositoryConfigurationExtensionSupport - Spring Data Redis - Could not safely identify store assignment for repository candidate interface com.br.itau.login.repository.UserAccountRepository; If you want this repository to be a Redis repository, consider annotating your entities with one of these annotations: org.springframework.data.redis.core.RedisHash (preferred), or consider extending one of the following types with your repository: org.springframework.data.keyvalue.repository.KeyValueRepository
2026-04-23 17:01:58.309  INFO [main] o.s.d.r.c.RepositoryConfigurationDelegate - Finished Spring Data repository scanning in 3 ms. Found 0 Redis repository interfaces.
2026-04-23 17:01:58.575  INFO [main] o.h.o.jpa - HHH008540: Processing PersistenceUnitInfo [name: default]
2026-04-23 17:01:58.613  INFO [main] o.h.o.core - HHH000001: Hibernate ORM core version 7.2.7.Final
2026-04-23 17:01:58.817  INFO [main] o.s.o.j.p.SpringPersistenceUnitInfo - No LoadTimeWeaver setup: ignoring JPA class transformer
2026-04-23 17:01:58.832  INFO [main] c.z.h.HikariDataSource - HikariPool-1 - Starting...
2026-04-23 17:01:58.923  INFO [main] c.z.h.p.HikariPool - HikariPool-1 - Added connection conn0: url=jdbc:h2:mem:alunos_db user=SA
2026-04-23 17:01:58.924  INFO [main] c.z.h.HikariDataSource - HikariPool-1 - Start completed.
2026-04-23 17:01:58.953  INFO [main] o.h.o.c.pooling - HHH10001005: Database info:
	Database JDBC URL [jdbc:h2:mem:alunos_db]
	Database driver: H2 JDBC Driver
	Database dialect: H2Dialect
	Database version: 2.4.240
	Default catalog/schema: ALUNOS_DB/PUBLIC
	Autocommit mode: undefined/unknown
	Isolation level: READ_COMMITTED [default READ_COMMITTED]
	JDBC fetch size: 100
	Pool: DataSourceConnectionProvider
	Minimum pool size: undefined/unknown
	Maximum pool size: undefined/unknown
2026-04-23 17:01:59.426  INFO [main] o.h.o.core - HHH000489: No JTA platform available (set 'hibernate.transaction.jta.platform' to enable JTA platform integration)
2026-04-23 17:01:59.428  INFO [main] o.h.o.j.batch - HHH100501: Automatic JDBC statement batching enabled (maximum batch size 100)
2026-04-23 17:01:59.455  INFO [main] o.s.o.j.LocalContainerEntityManagerFactoryBean - Initialized JPA EntityManagerFactory for persistence unit 'default'
2026-04-23 17:01:59.503  INFO [main] o.s.d.j.r.q.QueryEnhancerFactories - Hibernate is in classpath; If applicable, HQL parser will be used.
2026-04-23 17:01:59.652  WARN [main] i.n.r.d.DnsServerAddressStreamProviders - Can not find io.netty.resolver.dns.macos.MacOSDnsServerAddressStreamProvider in the classpath, fallback to system defaults. This may result in incorrect DNS resolutions on MacOS. Check whether you have a dependency on 'io.netty:netty-resolver-dns-native-macos'
2026-04-23 17:01:59.788  WARN [main] o.s.b.j.a.JpaBaseConfiguration$JpaWebConfiguration - spring.jpa.open-in-view is enabled by default. Therefore, database queries may be performed during view rendering. Explicitly configure spring.jpa.open-in-view to disable this warning
2026-04-23 17:02:00.164  INFO [main] c.b.i.l.LoginApplicationTests - Started LoginApplicationTests in 2.468 seconds (process running for 2.981)
2026-04-23 17:02:00.573  INFO [SpringApplicationShutdownHook] o.s.o.j.LocalContainerEntityManagerFactoryBean - Closing JPA EntityManagerFactory for persistence unit 'default'
2026-04-23 17:02:00.574  INFO [SpringApplicationShutdownHook] c.z.h.HikariDataSource - HikariPool-1 - Shutdown initiated...
2026-04-23 17:02:00.575  INFO [SpringApplicationShutdownHook] c.z.h.HikariDataSource - HikariPool-1 - Shutdown completed.
2026-04-23 17:10:41.480  INFO [main] c.b.i.l.LoginApplication - Starting LoginApplication using Java 21.0.10 with PID 10432 (/Users/thiagocintra/Documents/gitdevelopment/itau/LoginService/target/classes started by thiagocintra in /Users/thiagocintra/Documents/gitdevelopment/itau/LoginService)
2026-04-23 17:10:41.487  INFO [main] c.b.i.l.LoginApplication - No active profile set, falling back to 1 default profile: "default"
2026-04-23 17:10:41.910  INFO [main] o.s.d.r.c.RepositoryConfigurationDelegate - Multiple Spring Data modules found, entering strict repository configuration mode
2026-04-23 17:10:41.911  INFO [main] o.s.d.r.c.RepositoryConfigurationDelegate - Bootstrapping Spring Data JPA repositories in DEFAULT mode.
2026-04-23 17:10:42.001  INFO [main] o.s.d.r.c.RepositoryConfigurationDelegate - Finished Spring Data repository scanning in 83 ms. Found 1 JPA repository interface.
2026-04-23 17:10:42.028  INFO [main] o.s.d.r.c.RepositoryConfigurationDelegate - Multiple Spring Data modules found, entering strict repository configuration mode
2026-04-23 17:10:42.029  INFO [main] o.s.d.r.c.RepositoryConfigurationDelegate - Bootstrapping Spring Data Redis repositories in DEFAULT mode.
2026-04-23 17:10:42.040  INFO [main] o.s.d.r.c.RepositoryConfigurationExtensionSupport - Spring Data Redis - Could not safely identify store assignment for repository candidate interface com.br.itau.login.repository.UserAccountRepository; If you want this repository to be a Redis repository, consider annotating your entities with one of these annotations: org.springframework.data.redis.core.RedisHash (preferred), or consider extending one of the following types with your repository: org.springframework.data.keyvalue.repository.KeyValueRepository
2026-04-23 17:10:42.040  INFO [main] o.s.d.r.c.RepositoryConfigurationDelegate - Finished Spring Data repository scanning in 3 ms. Found 0 Redis repository interfaces.
2026-04-23 17:10:42.384  INFO [main] o.s.b.t.TomcatWebServer - Tomcat initialized with port 8081 (http)
2026-04-23 17:10:42.394  INFO [main] o.a.c.c.StandardService - Starting service [Tomcat]
2026-04-23 17:10:42.394  INFO [main] o.a.c.c.StandardEngine - Starting Servlet engine: [Apache Tomcat/11.0.20]
2026-04-23 17:10:42.425  INFO [main] o.s.b.w.c.s.WebApplicationContextInitializer - Root WebApplicationContext: initialization completed in 909 ms
2026-04-23 17:10:42.518  WARN [main] i.n.r.d.DnsServerAddressStreamProviders - Can not find io.netty.resolver.dns.macos.MacOSDnsServerAddressStreamProvider in the classpath, fallback to system defaults. This may result in incorrect DNS resolutions on MacOS. Check whether you have a dependency on 'io.netty:netty-resolver-dns-native-macos'
2026-04-23 17:10:42.796  INFO [main] o.h.o.jpa - HHH008540: Processing PersistenceUnitInfo [name: default]
2026-04-23 17:10:42.831  INFO [main] o.h.o.core - HHH000001: Hibernate ORM core version 7.2.7.Final
2026-04-23 17:10:43.066  INFO [main] o.s.o.j.p.SpringPersistenceUnitInfo - No LoadTimeWeaver setup: ignoring JPA class transformer
2026-04-23 17:10:43.086  INFO [main] c.z.h.HikariDataSource - HikariPool-1 - Starting...
2026-04-23 17:10:43.202  INFO [main] c.z.h.p.HikariPool - HikariPool-1 - Added connection conn0: url=jdbc:h2:mem:alunos_db user=SA
2026-04-23 17:10:43.203  INFO [main] c.z.h.HikariDataSource - HikariPool-1 - Start completed.
2026-04-23 17:10:43.240  INFO [main] o.h.o.c.pooling - HHH10001005: Database info:
	Database JDBC URL [jdbc:h2:mem:alunos_db]
	Database driver: H2 JDBC Driver
	Database dialect: H2Dialect
	Database version: 2.4.240
	Default catalog/schema: ALUNOS_DB/PUBLIC
	Autocommit mode: undefined/unknown
	Isolation level: READ_COMMITTED [default READ_COMMITTED]
	JDBC fetch size: 100
	Pool: DataSourceConnectionProvider
	Minimum pool size: undefined/unknown
	Maximum pool size: undefined/unknown
2026-04-23 17:10:43.704  INFO [main] o.h.o.core - HHH000489: No JTA platform available (set 'hibernate.transaction.jta.platform' to enable JTA platform integration)
2026-04-23 17:10:43.706  INFO [main] o.h.o.j.batch - HHH100501: Automatic JDBC statement batching enabled (maximum batch size 100)
2026-04-23 17:10:43.742  INFO [main] o.s.o.j.LocalContainerEntityManagerFactoryBean - Initialized JPA EntityManagerFactory for persistence unit 'default'
2026-04-23 17:10:43.782  INFO [main] o.s.d.j.r.q.QueryEnhancerFactories - Hibernate is in classpath; If applicable, HQL parser will be used.
2026-04-23 17:10:43.901  WARN [main] o.s.b.j.a.JpaBaseConfiguration$JpaWebConfiguration - spring.jpa.open-in-view is enabled by default. Therefore, database queries may be performed during view rendering. Explicitly configure spring.jpa.open-in-view to disable this warning
2026-04-23 17:10:44.291  INFO [main] o.s.b.t.TomcatWebServer - Tomcat started on port 8081 (http) with context path '/api/v1'
2026-04-23 17:10:44.296  INFO [main] c.b.i.l.LoginApplication - Started LoginApplication in 3.111 seconds (process running for 3.616)
2026-04-23 17:19:16.142  WARN [HikariPool-1:housekeeper] c.z.h.p.HikariPool - HikariPool-1 - Thread starvation or clock leap detected (housekeeper delta=6m32s818ms).
2026-04-23 17:27:23.577  WARN [HikariPool-1:housekeeper] c.z.h.p.HikariPool - HikariPool-1 - Thread starvation or clock leap detected (housekeeper delta=2m37s383ms).
2026-04-23 17:28:57.181  INFO [main] c.b.i.l.LoginApplication - Starting LoginApplication using Java 21.0.10 with PID 10882 (/Users/thiagocintra/Documents/gitdevelopment/itau/LoginService/target/classes started by thiagocintra in /Users/thiagocintra/Documents/gitdevelopment/itau/LoginService)
2026-04-23 17:28:57.187  INFO [main] c.b.i.l.LoginApplication - No active profile set, falling back to 1 default profile: "default"
2026-04-23 17:28:57.621  INFO [main] o.s.d.r.c.RepositoryConfigurationDelegate - Multiple Spring Data modules found, entering strict repository configuration mode
2026-04-23 17:28:57.622  INFO [main] o.s.d.r.c.RepositoryConfigurationDelegate - Bootstrapping Spring Data JPA repositories in DEFAULT mode.
2026-04-23 17:28:57.714  INFO [main] o.s.d.r.c.RepositoryConfigurationDelegate - Finished Spring Data repository scanning in 86 ms. Found 1 JPA repository interface.
2026-04-23 17:28:57.742  INFO [main] o.s.d.r.c.RepositoryConfigurationDelegate - Multiple Spring Data modules found, entering strict repository configuration mode
2026-04-23 17:28:57.742  INFO [main] o.s.d.r.c.RepositoryConfigurationDelegate - Bootstrapping Spring Data Redis repositories in DEFAULT mode.
2026-04-23 17:28:57.753  INFO [main] o.s.d.r.c.RepositoryConfigurationExtensionSupport - Spring Data Redis - Could not safely identify store assignment for repository candidate interface com.br.itau.login.repository.UserAccountRepository; If you want this repository to be a Redis repository, consider annotating your entities with one of these annotations: org.springframework.data.redis.core.RedisHash (preferred), or consider extending one of the following types with your repository: org.springframework.data.keyvalue.repository.KeyValueRepository
2026-04-23 17:28:57.754  INFO [main] o.s.d.r.c.RepositoryConfigurationDelegate - Finished Spring Data repository scanning in 3 ms. Found 0 Redis repository interfaces.
2026-04-23 17:28:58.104  INFO [main] o.s.b.t.TomcatWebServer - Tomcat initialized with port 8081 (http)
2026-04-23 17:28:58.114  INFO [main] o.a.c.c.StandardService - Starting service [Tomcat]
2026-04-23 17:28:58.114  INFO [main] o.a.c.c.StandardEngine - Starting Servlet engine: [Apache Tomcat/11.0.20]
2026-04-23 17:28:58.146  INFO [main] o.s.b.w.c.s.WebApplicationContextInitializer - Root WebApplicationContext: initialization completed in 923 ms
2026-04-23 17:28:58.238  WARN [main] i.n.r.d.DnsServerAddressStreamProviders - Can not find io.netty.resolver.dns.macos.MacOSDnsServerAddressStreamProvider in the classpath, fallback to system defaults. This may result in incorrect DNS resolutions on MacOS. Check whether you have a dependency on 'io.netty:netty-resolver-dns-native-macos'
2026-04-23 17:28:58.519  INFO [main] o.h.o.jpa - HHH008540: Processing PersistenceUnitInfo [name: default]
2026-04-23 17:28:58.556  INFO [main] o.h.o.core - HHH000001: Hibernate ORM core version 7.2.7.Final
2026-04-23 17:28:58.801  INFO [main] o.s.o.j.p.SpringPersistenceUnitInfo - No LoadTimeWeaver setup: ignoring JPA class transformer
2026-04-23 17:28:58.822  INFO [main] c.z.h.HikariDataSource - HikariPool-1 - Starting...
2026-04-23 17:28:58.938  INFO [main] c.z.h.p.HikariPool - HikariPool-1 - Added connection conn0: url=jdbc:h2:mem:alunos_db user=SA
2026-04-23 17:28:58.939  INFO [main] c.z.h.HikariDataSource - HikariPool-1 - Start completed.
2026-04-23 17:28:58.977  INFO [main] o.h.o.c.pooling - HHH10001005: Database info:
	Database JDBC URL [jdbc:h2:mem:alunos_db]
	Database driver: H2 JDBC Driver
	Database dialect: H2Dialect
	Database version: 2.4.240
	Default catalog/schema: ALUNOS_DB/PUBLIC
	Autocommit mode: undefined/unknown
	Isolation level: READ_COMMITTED [default READ_COMMITTED]
	JDBC fetch size: 100
	Pool: DataSourceConnectionProvider
	Minimum pool size: undefined/unknown
	Maximum pool size: undefined/unknown
2026-04-23 17:28:59.441  INFO [main] o.h.o.core - HHH000489: No JTA platform available (set 'hibernate.transaction.jta.platform' to enable JTA platform integration)
2026-04-23 17:28:59.443  INFO [main] o.h.o.j.batch - HHH100501: Automatic JDBC statement batching enabled (maximum batch size 100)
2026-04-23 17:28:59.481  INFO [main] o.s.o.j.LocalContainerEntityManagerFactoryBean - Initialized JPA EntityManagerFactory for persistence unit 'default'
2026-04-23 17:28:59.522  INFO [main] o.s.d.j.r.q.QueryEnhancerFactories - Hibernate is in classpath; If applicable, HQL parser will be used.
2026-04-23 17:28:59.653  WARN [main] o.s.b.j.a.JpaBaseConfiguration$JpaWebConfiguration - spring.jpa.open-in-view is enabled by default. Therefore, database queries may be performed during view rendering. Explicitly configure spring.jpa.open-in-view to disable this warning
2026-04-23 17:29:00.043  INFO [main] o.s.b.t.TomcatWebServer - Tomcat started on port 8081 (http) with context path '/api/v1'
2026-04-23 17:29:00.049  INFO [main] c.b.i.l.LoginApplication - Started LoginApplication in 3.167 seconds (process running for 3.646)
2026-04-23 17:29:47.041  INFO [main] c.b.i.l.LoginApplication - Starting LoginApplication using Java 21.0.10 with PID 10901 (/Users/thiagocintra/Documents/gitdevelopment/itau/LoginService/target/classes started by thiagocintra in /Users/thiagocintra/Documents/gitdevelopment/itau/LoginService)
2026-04-23 17:29:47.046  INFO [main] c.b.i.l.LoginApplication - No active profile set, falling back to 1 default profile: "default"
2026-04-23 17:29:47.464  INFO [main] o.s.d.r.c.RepositoryConfigurationDelegate - Multiple Spring Data modules found, entering strict repository configuration mode
2026-04-23 17:29:47.465  INFO [main] o.s.d.r.c.RepositoryConfigurationDelegate - Bootstrapping Spring Data JPA repositories in DEFAULT mode.
2026-04-23 17:29:47.553  INFO [main] o.s.d.r.c.RepositoryConfigurationDelegate - Finished Spring Data repository scanning in 82 ms. Found 1 JPA repository interface.
2026-04-23 17:29:47.579  INFO [main] o.s.d.r.c.RepositoryConfigurationDelegate - Multiple Spring Data modules found, entering strict repository configuration mode
2026-04-23 17:29:47.580  INFO [main] o.s.d.r.c.RepositoryConfigurationDelegate - Bootstrapping Spring Data Redis repositories in DEFAULT mode.
2026-04-23 17:29:47.589  INFO [main] o.s.d.r.c.RepositoryConfigurationExtensionSupport - Spring Data Redis - Could not safely identify store assignment for repository candidate interface com.br.itau.login.repository.UserAccountRepository; If you want this repository to be a Redis repository, consider annotating your entities with one of these annotations: org.springframework.data.redis.core.RedisHash (preferred), or consider extending one of the following types with your repository: org.springframework.data.keyvalue.repository.KeyValueRepository
2026-04-23 17:29:47.589  INFO [main] o.s.d.r.c.RepositoryConfigurationDelegate - Finished Spring Data repository scanning in 3 ms. Found 0 Redis repository interfaces.
2026-04-23 17:29:47.921  INFO [main] o.s.b.t.TomcatWebServer - Tomcat initialized with port 8081 (http)
2026-04-23 17:29:47.930  INFO [main] o.a.c.c.StandardService - Starting service [Tomcat]
2026-04-23 17:29:47.930  INFO [main] o.a.c.c.StandardEngine - Starting Servlet engine: [Apache Tomcat/11.0.20]
2026-04-23 17:29:47.959  INFO [main] o.s.b.w.c.s.WebApplicationContextInitializer - Root WebApplicationContext: initialization completed in 884 ms
2026-04-23 17:29:48.058  WARN [main] i.n.r.d.DnsServerAddressStreamProviders - Can not find io.netty.resolver.dns.macos.MacOSDnsServerAddressStreamProvider in the classpath, fallback to system defaults. This may result in incorrect DNS resolutions on MacOS. Check whether you have a dependency on 'io.netty:netty-resolver-dns-native-macos'
2026-04-23 17:29:48.334  INFO [main] o.h.o.jpa - HHH008540: Processing PersistenceUnitInfo [name: default]
2026-04-23 17:29:48.364  INFO [main] o.h.o.core - HHH000001: Hibernate ORM core version 7.2.7.Final
2026-04-23 17:29:48.593  INFO [main] o.s.o.j.p.SpringPersistenceUnitInfo - No LoadTimeWeaver setup: ignoring JPA class transformer
2026-04-23 17:29:48.613  INFO [main] c.z.h.HikariDataSource - HikariPool-1 - Starting...
2026-04-23 17:29:48.733  INFO [main] c.z.h.p.HikariPool - HikariPool-1 - Added connection conn0: url=jdbc:h2:mem:alunos_db user=SA
2026-04-23 17:29:48.734  INFO [main] c.z.h.HikariDataSource - HikariPool-1 - Start completed.
2026-04-23 17:29:48.770  INFO [main] o.h.o.c.pooling - HHH10001005: Database info:
	Database JDBC URL [jdbc:h2:mem:alunos_db]
	Database driver: H2 JDBC Driver
	Database dialect: H2Dialect
	Database version: 2.4.240
	Default catalog/schema: ALUNOS_DB/PUBLIC
	Autocommit mode: undefined/unknown
	Isolation level: READ_COMMITTED [default READ_COMMITTED]
	JDBC fetch size: 100
	Pool: DataSourceConnectionProvider
	Minimum pool size: undefined/unknown
	Maximum pool size: undefined/unknown
2026-04-23 17:29:49.216  INFO [main] o.h.o.core - HHH000489: No JTA platform available (set 'hibernate.transaction.jta.platform' to enable JTA platform integration)
2026-04-23 17:29:49.219  INFO [main] o.h.o.j.batch - HHH100501: Automatic JDBC statement batching enabled (maximum batch size 100)
2026-04-23 17:29:49.254  INFO [main] o.s.o.j.LocalContainerEntityManagerFactoryBean - Initialized JPA EntityManagerFactory for persistence unit 'default'
2026-04-23 17:29:49.296  INFO [main] o.s.d.j.r.q.QueryEnhancerFactories - Hibernate is in classpath; If applicable, HQL parser will be used.
2026-04-23 17:29:49.419  WARN [main] o.s.b.j.a.JpaBaseConfiguration$JpaWebConfiguration - spring.jpa.open-in-view is enabled by default. Therefore, database queries may be performed during view rendering. Explicitly configure spring.jpa.open-in-view to disable this warning
2026-04-23 17:29:49.784  INFO [main] o.s.b.t.TomcatWebServer - Tomcat started on port 8081 (http) with context path '/api/v1'
2026-04-23 17:29:49.788  INFO [main] c.b.i.l.LoginApplication - Started LoginApplication in 3.013 seconds (process running for 3.379)
2026-04-23 17:30:23.788  INFO [http-nio-8081-exec-4] o.a.c.c.C.[.[.[/api/v1] - Initializing Spring DispatcherServlet 'dispatcherServlet'
2026-04-23 17:30:23.790  INFO [http-nio-8081-exec-4] o.s.w.s.DispatcherServlet - Initializing Servlet 'dispatcherServlet'
2026-04-23 17:30:23.796  INFO [http-nio-8081-exec-4] o.s.w.s.DispatcherServlet - Completed initialization in 6 ms
2026-04-23 17:37:59.590  WARN [HikariPool-1:housekeeper] c.z.h.p.HikariPool - HikariPool-1 - Thread starvation or clock leap detected (housekeeper delta=1m10s756ms).
2026-04-23 18:08:29.636  WARN [HikariPool-1:housekeeper] c.z.h.p.HikariPool - HikariPool-1 - Thread starvation or clock leap detected (housekeeper delta=30m30s49ms).
2026-04-23 18:18:05.435  INFO [main] c.b.i.l.LoginApplication - Starting LoginApplication using Java 21.0.10 with PID 11448 (/Users/thiagocintra/Documents/gitdevelopment/itau/LoginService/target/classes started by thiagocintra in /Users/thiagocintra/Documents/gitdevelopment/itau/LoginService)
2026-04-23 18:18:05.443  INFO [main] c.b.i.l.LoginApplication - No active profile set, falling back to 1 default profile: "default"
2026-04-23 18:18:05.823  INFO [main] o.s.d.r.c.RepositoryConfigurationDelegate - Multiple Spring Data modules found, entering strict repository configuration mode
2026-04-23 18:18:05.824  INFO [main] o.s.d.r.c.RepositoryConfigurationDelegate - Bootstrapping Spring Data JPA repositories in DEFAULT mode.
2026-04-23 18:18:05.900  INFO [main] o.s.d.r.c.RepositoryConfigurationDelegate - Finished Spring Data repository scanning in 71 ms. Found 1 JPA repository interface.
2026-04-23 18:18:05.928  INFO [main] o.s.d.r.c.RepositoryConfigurationDelegate - Multiple Spring Data modules found, entering strict repository configuration mode
2026-04-23 18:18:05.929  INFO [main] o.s.d.r.c.RepositoryConfigurationDelegate - Bootstrapping Spring Data Redis repositories in DEFAULT mode.
2026-04-23 18:18:05.940  INFO [main] o.s.d.r.c.RepositoryConfigurationExtensionSupport - Spring Data Redis - Could not safely identify store assignment for repository candidate interface com.br.itau.login.repository.UserAccountRepository; If you want this repository to be a Redis repository, consider annotating your entities with one of these annotations: org.springframework.data.redis.core.RedisHash (preferred), or consider extending one of the following types with your repository: org.springframework.data.keyvalue.repository.KeyValueRepository
2026-04-23 18:18:05.940  INFO [main] o.s.d.r.c.RepositoryConfigurationDelegate - Finished Spring Data repository scanning in 3 ms. Found 0 Redis repository interfaces.
2026-04-23 18:18:06.254  INFO [main] o.s.b.t.TomcatWebServer - Tomcat initialized with port 8081 (http)
2026-04-23 18:18:06.263  INFO [main] o.a.c.c.StandardService - Starting service [Tomcat]
2026-04-23 18:18:06.264  INFO [main] o.a.c.c.StandardEngine - Starting Servlet engine: [Apache Tomcat/11.0.20]
2026-04-23 18:18:06.294  INFO [main] o.s.b.w.c.s.WebApplicationContextInitializer - Root WebApplicationContext: initialization completed in 828 ms
2026-04-23 18:18:06.372  WARN [main] i.n.r.d.DnsServerAddressStreamProviders - Can not find io.netty.resolver.dns.macos.MacOSDnsServerAddressStreamProvider in the classpath, fallback to system defaults. This may result in incorrect DNS resolutions on MacOS. Check whether you have a dependency on 'io.netty:netty-resolver-dns-native-macos'
2026-04-23 18:18:06.617  INFO [main] o.h.o.jpa - HHH008540: Processing PersistenceUnitInfo [name: default]
2026-04-23 18:18:06.649  INFO [main] o.h.o.core - HHH000001: Hibernate ORM core version 7.2.7.Final
2026-04-23 18:18:06.844  INFO [main] o.s.o.j.p.SpringPersistenceUnitInfo - No LoadTimeWeaver setup: ignoring JPA class transformer
2026-04-23 18:18:06.876  INFO [main] c.z.h.HikariDataSource - HikariPool-1 - Starting...
2026-04-23 18:18:07.006  INFO [main] c.z.h.p.HikariPool - HikariPool-1 - Added connection conn0: url=jdbc:h2:mem:alunos_db user=SA
2026-04-23 18:18:07.007  INFO [main] c.z.h.HikariDataSource - HikariPool-1 - Start completed.
2026-04-23 18:18:07.044  INFO [main] o.h.o.c.pooling - HHH10001005: Database info:
	Database JDBC URL [jdbc:h2:mem:alunos_db]
	Database driver: H2 JDBC Driver
	Database dialect: H2Dialect
	Database version: 2.4.240
	Default catalog/schema: ALUNOS_DB/PUBLIC
	Autocommit mode: undefined/unknown
	Isolation level: READ_COMMITTED [default READ_COMMITTED]
	JDBC fetch size: 100
	Pool: DataSourceConnectionProvider
	Minimum pool size: undefined/unknown
	Maximum pool size: undefined/unknown
2026-04-23 18:18:07.440  INFO [main] o.h.o.core - HHH000489: No JTA platform available (set 'hibernate.transaction.jta.platform' to enable JTA platform integration)
2026-04-23 18:18:07.442  INFO [main] o.h.o.j.batch - HHH100501: Automatic JDBC statement batching enabled (maximum batch size 100)
2026-04-23 18:18:07.472  INFO [main] o.s.o.j.LocalContainerEntityManagerFactoryBean - Initialized JPA EntityManagerFactory for persistence unit 'default'
2026-04-23 18:18:07.526  INFO [main] o.s.d.j.r.q.QueryEnhancerFactories - Hibernate is in classpath; If applicable, HQL parser will be used.
2026-04-23 18:18:07.645  WARN [main] o.s.b.j.a.JpaBaseConfiguration$JpaWebConfiguration - spring.jpa.open-in-view is enabled by default. Therefore, database queries may be performed during view rendering. Explicitly configure spring.jpa.open-in-view to disable this warning
2026-04-23 18:18:08.055  INFO [main] o.s.b.t.TomcatWebServer - Tomcat started on port 8081 (http) with context path '/api/v1'
2026-04-23 18:18:08.059  INFO [main] c.b.i.l.LoginApplication - Started LoginApplication in 2.865 seconds (process running for 3.132)
2026-04-23 18:18:25.158  INFO [http-nio-8081-exec-2] o.a.c.c.C.[.[.[/api/v1] - Initializing Spring DispatcherServlet 'dispatcherServlet'
2026-04-23 18:18:25.159  INFO [http-nio-8081-exec-2] o.s.w.s.DispatcherServlet - Initializing Servlet 'dispatcherServlet'
2026-04-23 18:18:25.162  INFO [http-nio-8081-exec-2] o.s.w.s.DispatcherServlet - Completed initialization in 3 ms
2026-04-23 18:20:37.155  INFO [main] c.b.i.l.LoginApplication - Starting LoginApplication using Java 21.0.10 with PID 11530 (/Users/thiagocintra/Documents/gitdevelopment/itau/LoginService/target/classes started by thiagocintra in /Users/thiagocintra/Documents/gitdevelopment/itau/LoginService)
2026-04-23 18:20:37.157  INFO [main] c.b.i.l.LoginApplication - No active profile set, falling back to 1 default profile: "default"
2026-04-23 18:20:37.539  INFO [main] o.s.d.r.c.RepositoryConfigurationDelegate - Multiple Spring Data modules found, entering strict repository configuration mode
2026-04-23 18:20:37.539  INFO [main] o.s.d.r.c.RepositoryConfigurationDelegate - Bootstrapping Spring Data JPA repositories in DEFAULT mode.
2026-04-23 18:20:37.617  INFO [main] o.s.d.r.c.RepositoryConfigurationDelegate - Finished Spring Data repository scanning in 72 ms. Found 1 JPA repository interface.
2026-04-23 18:20:37.641  INFO [main] o.s.d.r.c.RepositoryConfigurationDelegate - Multiple Spring Data modules found, entering strict repository configuration mode
2026-04-23 18:20:37.641  INFO [main] o.s.d.r.c.RepositoryConfigurationDelegate - Bootstrapping Spring Data Redis repositories in DEFAULT mode.
2026-04-23 18:20:37.652  INFO [main] o.s.d.r.c.RepositoryConfigurationExtensionSupport - Spring Data Redis - Could not safely identify store assignment for repository candidate interface com.br.itau.login.repository.UserAccountRepository; If you want this repository to be a Redis repository, consider annotating your entities with one of these annotations: org.springframework.data.redis.core.RedisHash (preferred), or consider extending one of the following types with your repository: org.springframework.data.keyvalue.repository.KeyValueRepository
2026-04-23 18:20:37.652  INFO [main] o.s.d.r.c.RepositoryConfigurationDelegate - Finished Spring Data repository scanning in 3 ms. Found 0 Redis repository interfaces.
2026-04-23 18:20:38.019  INFO [main] o.s.b.t.TomcatWebServer - Tomcat initialized with port 8081 (http)
2026-04-23 18:20:38.029  INFO [main] o.a.c.c.StandardService - Starting service [Tomcat]
2026-04-23 18:20:38.029  INFO [main] o.a.c.c.StandardEngine - Starting Servlet engine: [Apache Tomcat/11.0.20]
2026-04-23 18:20:38.059  INFO [main] o.s.b.w.c.s.WebApplicationContextInitializer - Root WebApplicationContext: initialization completed in 879 ms
2026-04-23 18:20:38.142  WARN [main] i.n.r.d.DnsServerAddressStreamProviders - Can not find io.netty.resolver.dns.macos.MacOSDnsServerAddressStreamProvider in the classpath, fallback to system defaults. This may result in incorrect DNS resolutions on MacOS. Check whether you have a dependency on 'io.netty:netty-resolver-dns-native-macos'
2026-04-23 18:20:38.449  INFO [main] o.h.o.jpa - HHH008540: Processing PersistenceUnitInfo [name: default]
2026-04-23 18:20:38.481  INFO [main] o.h.o.core - HHH000001: Hibernate ORM core version 7.2.7.Final
2026-04-23 18:20:38.683  INFO [main] o.s.o.j.p.SpringPersistenceUnitInfo - No LoadTimeWeaver setup: ignoring JPA class transformer
2026-04-23 18:20:38.701  INFO [main] c.z.h.HikariDataSource - HikariPool-1 - Starting...
2026-04-23 18:20:38.801  INFO [main] c.z.h.p.HikariPool - HikariPool-1 - Added connection conn0: url=jdbc:h2:mem:alunos_db user=SA
2026-04-23 18:20:38.802  INFO [main] c.z.h.HikariDataSource - HikariPool-1 - Start completed.
2026-04-23 18:20:38.846  INFO [main] o.h.o.c.pooling - HHH10001005: Database info:
	Database JDBC URL [jdbc:h2:mem:alunos_db]
	Database driver: H2 JDBC Driver
	Database dialect: H2Dialect
	Database version: 2.4.240
	Default catalog/schema: ALUNOS_DB/PUBLIC
	Autocommit mode: undefined/unknown
	Isolation level: READ_COMMITTED [default READ_COMMITTED]
	JDBC fetch size: 100
	Pool: DataSourceConnectionProvider
	Minimum pool size: undefined/unknown
	Maximum pool size: undefined/unknown
2026-04-23 18:20:39.240  INFO [main] o.h.o.core - HHH000489: No JTA platform available (set 'hibernate.transaction.jta.platform' to enable JTA platform integration)
2026-04-23 18:20:39.242  INFO [main] o.h.o.j.batch - HHH100501: Automatic JDBC statement batching enabled (maximum batch size 100)
2026-04-23 18:20:39.273  INFO [main] o.s.o.j.LocalContainerEntityManagerFactoryBean - Initialized JPA EntityManagerFactory for persistence unit 'default'
2026-04-23 18:20:39.330  INFO [main] o.s.d.j.r.q.QueryEnhancerFactories - Hibernate is in classpath; If applicable, HQL parser will be used.
2026-04-23 18:20:39.408  WARN [main] o.s.b.w.s.s.c.AnnotationConfigServletWebServerApplicationContext - Exception encountered during context initialization - cancelling refresh attempt: org.springframework.beans.factory.UnsatisfiedDependencyException: Error creating bean with name 'loginImpl' defined in file [/Users/thiagocintra/Documents/gitdevelopment/itau/LoginService/target/classes/com/br/itau/login/controller/LoginImpl.class]: Unsatisfied dependency expressed through constructor parameter 0: No qualifying bean of type 'com.br.itau.login.service.LoginService' available: expected at least 1 bean which qualifies as autowire candidate. Dependency annotations: {}
2026-04-23 18:20:39.408  INFO [main] o.s.o.j.LocalContainerEntityManagerFactoryBean - Closing JPA EntityManagerFactory for persistence unit 'default'
2026-04-23 18:20:39.418  INFO [main] c.z.h.HikariDataSource - HikariPool-1 - Shutdown initiated...
2026-04-23 18:20:39.420  INFO [main] c.z.h.HikariDataSource - HikariPool-1 - Shutdown completed.
2026-04-23 18:20:39.535  INFO [main] o.a.c.c.StandardService - Stopping service [Tomcat]
2026-04-23 18:20:39.541  INFO [main] o.s.b.a.l.ConditionEvaluationReportLogger - 

Error starting ApplicationContext. To display the condition evaluation report re-run your application with 'debug' enabled.
2026-04-23 18:20:39.549 ERROR [main] o.s.b.d.LoggingFailureAnalysisReporter - 

***************************
APPLICATION FAILED TO START
***************************

Description:

Parameter 0 of constructor in com.br.itau.login.controller.LoginImpl required a bean of type 'com.br.itau.login.service.LoginService' that could not be found.


Action:

Consider defining a bean of type 'com.br.itau.login.service.LoginService' in your configuration.

2026-04-23 18:21:23.459  INFO [main] c.b.i.l.LoginApplication - Starting LoginApplication using Java 21.0.10 with PID 11550 (/Users/thiagocintra/Documents/gitdevelopment/itau/LoginService/target/classes started by thiagocintra in /Users/thiagocintra/Documents/gitdevelopment/itau/LoginService)
2026-04-23 18:21:23.467  INFO [main] c.b.i.l.LoginApplication - No active profile set, falling back to 1 default profile: "default"
2026-04-23 18:21:23.819  INFO [main] o.s.d.r.c.RepositoryConfigurationDelegate - Multiple Spring Data modules found, entering strict repository configuration mode
2026-04-23 18:21:23.820  INFO [main] o.s.d.r.c.RepositoryConfigurationDelegate - Bootstrapping Spring Data JPA repositories in DEFAULT mode.
2026-04-23 18:21:23.893  INFO [main] o.s.d.r.c.RepositoryConfigurationDelegate - Finished Spring Data repository scanning in 68 ms. Found 1 JPA repository interface.
2026-04-23 18:21:23.918  INFO [main] o.s.d.r.c.RepositoryConfigurationDelegate - Multiple Spring Data modules found, entering strict repository configuration mode
2026-04-23 18:21:23.918  INFO [main] o.s.d.r.c.RepositoryConfigurationDelegate - Bootstrapping Spring Data Redis repositories in DEFAULT mode.
2026-04-23 18:21:23.928  INFO [main] o.s.d.r.c.RepositoryConfigurationExtensionSupport - Spring Data Redis - Could not safely identify store assignment for repository candidate interface com.br.itau.login.repository.UserAccountRepository; If you want this repository to be a Redis repository, consider annotating your entities with one of these annotations: org.springframework.data.redis.core.RedisHash (preferred), or consider extending one of the following types with your repository: org.springframework.data.keyvalue.repository.KeyValueRepository
2026-04-23 18:21:23.928  INFO [main] o.s.d.r.c.RepositoryConfigurationDelegate - Finished Spring Data repository scanning in 3 ms. Found 0 Redis repository interfaces.
2026-04-23 18:21:24.222  INFO [main] o.s.b.t.TomcatWebServer - Tomcat initialized with port 8081 (http)
2026-04-23 18:21:24.234  INFO [main] o.a.c.c.StandardService - Starting service [Tomcat]
2026-04-23 18:21:24.234  INFO [main] o.a.c.c.StandardEngine - Starting Servlet engine: [Apache Tomcat/11.0.20]
2026-04-23 18:21:24.259  INFO [main] o.s.b.w.c.s.WebApplicationContextInitializer - Root WebApplicationContext: initialization completed in 767 ms
2026-04-23 18:21:24.332  WARN [main] i.n.r.d.DnsServerAddressStreamProviders - Can not find io.netty.resolver.dns.macos.MacOSDnsServerAddressStreamProvider in the classpath, fallback to system defaults. This may result in incorrect DNS resolutions on MacOS. Check whether you have a dependency on 'io.netty:netty-resolver-dns-native-macos'
2026-04-23 18:21:24.563  INFO [main] o.h.o.jpa - HHH008540: Processing PersistenceUnitInfo [name: default]
2026-04-23 18:21:24.591  INFO [main] o.h.o.core - HHH000001: Hibernate ORM core version 7.2.7.Final
2026-04-23 18:21:24.781  INFO [main] o.s.o.j.p.SpringPersistenceUnitInfo - No LoadTimeWeaver setup: ignoring JPA class transformer
2026-04-23 18:21:24.796  INFO [main] c.z.h.HikariDataSource - HikariPool-1 - Starting...
2026-04-23 18:21:24.880  INFO [main] c.z.h.p.HikariPool - HikariPool-1 - Added connection conn0: url=jdbc:h2:mem:alunos_db user=SA
2026-04-23 18:21:24.881  INFO [main] c.z.h.HikariDataSource - HikariPool-1 - Start completed.
2026-04-23 18:21:24.918  INFO [main] o.h.o.c.pooling - HHH10001005: Database info:
	Database JDBC URL [jdbc:h2:mem:alunos_db]
	Database driver: H2 JDBC Driver
	Database dialect: H2Dialect
	Database version: 2.4.240
	Default catalog/schema: ALUNOS_DB/PUBLIC
	Autocommit mode: undefined/unknown
	Isolation level: READ_COMMITTED [default READ_COMMITTED]
	JDBC fetch size: 100
	Pool: DataSourceConnectionProvider
	Minimum pool size: undefined/unknown
	Maximum pool size: undefined/unknown
2026-04-23 18:21:25.297  INFO [main] o.h.o.core - HHH000489: No JTA platform available (set 'hibernate.transaction.jta.platform' to enable JTA platform integration)
2026-04-23 18:21:25.298  INFO [main] o.h.o.j.batch - HHH100501: Automatic JDBC statement batching enabled (maximum batch size 100)
2026-04-23 18:21:25.326  INFO [main] o.s.o.j.LocalContainerEntityManagerFactoryBean - Initialized JPA EntityManagerFactory for persistence unit 'default'
2026-04-23 18:21:25.362  INFO [main] o.s.d.j.r.q.QueryEnhancerFactories - Hibernate is in classpath; If applicable, HQL parser will be used.
2026-04-23 18:21:25.475  WARN [main] o.s.b.j.a.JpaBaseConfiguration$JpaWebConfiguration - spring.jpa.open-in-view is enabled by default. Therefore, database queries may be performed during view rendering. Explicitly configure spring.jpa.open-in-view to disable this warning
2026-04-23 18:21:25.938  WARN [main] o.s.b.w.s.s.c.AnnotationConfigServletWebServerApplicationContext - Exception encountered during context initialization - cancelling refresh attempt: org.springframework.context.ApplicationContextException: Failed to start bean 'webServerStartStop'
2026-04-23 18:21:25.940  INFO [main] o.s.o.j.LocalContainerEntityManagerFactoryBean - Closing JPA EntityManagerFactory for persistence unit 'default'
2026-04-23 18:21:25.941  INFO [main] c.z.h.HikariDataSource - HikariPool-1 - Shutdown initiated...
2026-04-23 18:21:25.942  INFO [main] c.z.h.HikariDataSource - HikariPool-1 - Shutdown completed.
2026-04-23 18:21:25.947  INFO [main] o.s.b.a.l.ConditionEvaluationReportLogger - 

Error starting ApplicationContext. To display the condition evaluation report re-run your application with 'debug' enabled.
2026-04-23 18:21:25.954 ERROR [main] o.s.b.d.LoggingFailureAnalysisReporter - 

***************************
APPLICATION FAILED TO START
***************************

Description:

Web server failed to start. Port 8081 was already in use.

Action:

Identify and stop the process that's listening on port 8081 or configure this application to listen on another port.

2026-04-23 18:21:29.098  INFO [SpringApplicationShutdownHook] o.s.b.t.GracefulShutdown - Commencing graceful shutdown. Waiting for active requests to complete
2026-04-23 18:21:29.113  INFO [tomcat-shutdown] o.s.b.t.GracefulShutdown - Graceful shutdown complete
2026-04-23 18:21:29.233  INFO [SpringApplicationShutdownHook] o.s.o.j.LocalContainerEntityManagerFactoryBean - Closing JPA EntityManagerFactory for persistence unit 'default'
2026-04-23 18:21:29.236  INFO [SpringApplicationShutdownHook] c.z.h.HikariDataSource - HikariPool-1 - Shutdown initiated...
2026-04-23 18:21:29.237  INFO [SpringApplicationShutdownHook] c.z.h.HikariDataSource - HikariPool-1 - Shutdown completed.
2026-04-23 18:22:11.661  INFO [main] c.b.i.l.LoginApplication - Starting LoginApplication using Java 21.0.10 with PID 11579 (/Users/thiagocintra/Documents/gitdevelopment/itau/LoginService/target/classes started by thiagocintra in /Users/thiagocintra/Documents/gitdevelopment/itau/LoginService)
2026-04-23 18:22:11.663  INFO [main] c.b.i.l.LoginApplication - No active profile set, falling back to 1 default profile: "default"
2026-04-23 18:22:12.004  INFO [main] o.s.d.r.c.RepositoryConfigurationDelegate - Multiple Spring Data modules found, entering strict repository configuration mode
2026-04-23 18:22:12.004  INFO [main] o.s.d.r.c.RepositoryConfigurationDelegate - Bootstrapping Spring Data JPA repositories in DEFAULT mode.
2026-04-23 18:22:12.082  INFO [main] o.s.d.r.c.RepositoryConfigurationDelegate - Finished Spring Data repository scanning in 72 ms. Found 1 JPA repository interface.
2026-04-23 18:22:12.103  INFO [main] o.s.d.r.c.RepositoryConfigurationDelegate - Multiple Spring Data modules found, entering strict repository configuration mode
2026-04-23 18:22:12.104  INFO [main] o.s.d.r.c.RepositoryConfigurationDelegate - Bootstrapping Spring Data Redis repositories in DEFAULT mode.
2026-04-23 18:22:12.113  INFO [main] o.s.d.r.c.RepositoryConfigurationExtensionSupport - Spring Data Redis - Could not safely identify store assignment for repository candidate interface com.br.itau.login.repository.UserAccountRepository; If you want this repository to be a Redis repository, consider annotating your entities with one of these annotations: org.springframework.data.redis.core.RedisHash (preferred), or consider extending one of the following types with your repository: org.springframework.data.keyvalue.repository.KeyValueRepository
2026-04-23 18:22:12.113  INFO [main] o.s.d.r.c.RepositoryConfigurationDelegate - Finished Spring Data repository scanning in 3 ms. Found 0 Redis repository interfaces.
2026-04-23 18:22:12.404  INFO [main] o.s.b.t.TomcatWebServer - Tomcat initialized with port 8081 (http)
2026-04-23 18:22:12.419  INFO [main] o.a.c.c.StandardService - Starting service [Tomcat]
2026-04-23 18:22:12.419  INFO [main] o.a.c.c.StandardEngine - Starting Servlet engine: [Apache Tomcat/11.0.20]
2026-04-23 18:22:12.446  INFO [main] o.s.b.w.c.s.WebApplicationContextInitializer - Root WebApplicationContext: initialization completed in 757 ms
2026-04-23 18:22:12.526  WARN [main] i.n.r.d.DnsServerAddressStreamProviders - Can not find io.netty.resolver.dns.macos.MacOSDnsServerAddressStreamProvider in the classpath, fallback to system defaults. This may result in incorrect DNS resolutions on MacOS. Check whether you have a dependency on 'io.netty:netty-resolver-dns-native-macos'
2026-04-23 18:22:12.769  INFO [main] o.h.o.jpa - HHH008540: Processing PersistenceUnitInfo [name: default]
2026-04-23 18:22:12.797  INFO [main] o.h.o.core - HHH000001: Hibernate ORM core version 7.2.7.Final
2026-04-23 18:22:12.992  INFO [main] o.s.o.j.p.SpringPersistenceUnitInfo - No LoadTimeWeaver setup: ignoring JPA class transformer
2026-04-23 18:22:13.007  INFO [main] c.z.h.HikariDataSource - HikariPool-1 - Starting...
2026-04-23 18:22:13.098  INFO [main] c.z.h.p.HikariPool - HikariPool-1 - Added connection conn0: url=jdbc:h2:mem:alunos_db user=SA
2026-04-23 18:22:13.099  INFO [main] c.z.h.HikariDataSource - HikariPool-1 - Start completed.
2026-04-23 18:22:13.137  INFO [main] o.h.o.c.pooling - HHH10001005: Database info:
	Database JDBC URL [jdbc:h2:mem:alunos_db]
	Database driver: H2 JDBC Driver
	Database dialect: H2Dialect
	Database version: 2.4.240
	Default catalog/schema: ALUNOS_DB/PUBLIC
	Autocommit mode: undefined/unknown
	Isolation level: READ_COMMITTED [default READ_COMMITTED]
	JDBC fetch size: 100
	Pool: DataSourceConnectionProvider
	Minimum pool size: undefined/unknown
	Maximum pool size: undefined/unknown
2026-04-23 18:22:13.518  INFO [main] o.h.o.core - HHH000489: No JTA platform available (set 'hibernate.transaction.jta.platform' to enable JTA platform integration)
2026-04-23 18:22:13.520  INFO [main] o.h.o.j.batch - HHH100501: Automatic JDBC statement batching enabled (maximum batch size 100)
2026-04-23 18:22:13.551  INFO [main] o.s.o.j.LocalContainerEntityManagerFactoryBean - Initialized JPA EntityManagerFactory for persistence unit 'default'
2026-04-23 18:22:13.606  INFO [main] o.s.d.j.r.q.QueryEnhancerFactories - Hibernate is in classpath; If applicable, HQL parser will be used.
2026-04-23 18:22:13.726  WARN [main] o.s.b.j.a.JpaBaseConfiguration$JpaWebConfiguration - spring.jpa.open-in-view is enabled by default. Therefore, database queries may be performed during view rendering. Explicitly configure spring.jpa.open-in-view to disable this warning
2026-04-23 18:22:14.074  INFO [main] o.s.b.t.TomcatWebServer - Tomcat started on port 8081 (http) with context path '/api/v1'
2026-04-23 18:22:14.078  INFO [main] c.b.i.l.LoginApplication - Started LoginApplication in 2.644 seconds (process running for 2.899)
2026-04-23 18:22:17.935  INFO [http-nio-8081-exec-1] o.a.c.c.C.[.[.[/api/v1] - Initializing Spring DispatcherServlet 'dispatcherServlet'
2026-04-23 18:22:17.935  INFO [http-nio-8081-exec-1] o.s.w.s.DispatcherServlet - Initializing Servlet 'dispatcherServlet'
2026-04-23 18:22:17.936  INFO [http-nio-8081-exec-1] o.s.w.s.DispatcherServlet - Completed initialization in 1 ms
2026-04-23 18:22:36.124  INFO [SpringApplicationShutdownHook] o.s.b.t.GracefulShutdown - Commencing graceful shutdown. Waiting for active requests to complete
2026-04-23 18:22:36.132  INFO [tomcat-shutdown] o.s.b.t.GracefulShutdown - Graceful shutdown complete
2026-04-23 18:22:36.251  INFO [SpringApplicationShutdownHook] o.s.o.j.LocalContainerEntityManagerFactoryBean - Closing JPA EntityManagerFactory for persistence unit 'default'
2026-04-23 18:22:36.253  INFO [SpringApplicationShutdownHook] c.z.h.HikariDataSource - HikariPool-1 - Shutdown initiated...
2026-04-23 18:22:36.255  INFO [SpringApplicationShutdownHook] c.z.h.HikariDataSource - HikariPool-1 - Shutdown completed.
2026-04-23 18:22:50.563  INFO [main] c.b.i.l.LoginApplication - Starting LoginApplication using Java 21.0.10 with PID 11599 (/Users/thiagocintra/Documents/gitdevelopment/itau/LoginService/target/classes started by thiagocintra in /Users/thiagocintra/Documents/gitdevelopment/itau/LoginService)
2026-04-23 18:22:50.566  INFO [main] c.b.i.l.LoginApplication - No active profile set, falling back to 1 default profile: "default"
2026-04-23 18:22:50.975  INFO [main] o.s.d.r.c.RepositoryConfigurationDelegate - Multiple Spring Data modules found, entering strict repository configuration mode
2026-04-23 18:22:50.976  INFO [main] o.s.d.r.c.RepositoryConfigurationDelegate - Bootstrapping Spring Data JPA repositories in DEFAULT mode.
2026-04-23 18:22:51.066  INFO [main] o.s.d.r.c.RepositoryConfigurationDelegate - Finished Spring Data repository scanning in 84 ms. Found 1 JPA repository interface.
2026-04-23 18:22:51.095  INFO [main] o.s.d.r.c.RepositoryConfigurationDelegate - Multiple Spring Data modules found, entering strict repository configuration mode
2026-04-23 18:22:51.095  INFO [main] o.s.d.r.c.RepositoryConfigurationDelegate - Bootstrapping Spring Data Redis repositories in DEFAULT mode.
2026-04-23 18:22:51.105  INFO [main] o.s.d.r.c.RepositoryConfigurationExtensionSupport - Spring Data Redis - Could not safely identify store assignment for repository candidate interface com.br.itau.login.repository.UserAccountRepository; If you want this repository to be a Redis repository, consider annotating your entities with one of these annotations: org.springframework.data.redis.core.RedisHash (preferred), or consider extending one of the following types with your repository: org.springframework.data.keyvalue.repository.KeyValueRepository
2026-04-23 18:22:51.106  INFO [main] o.s.d.r.c.RepositoryConfigurationDelegate - Finished Spring Data repository scanning in 3 ms. Found 0 Redis repository interfaces.
2026-04-23 18:22:54.283  INFO [main] o.s.b.t.TomcatWebServer - Tomcat initialized with port 8081 (http)
2026-04-23 18:22:54.292  INFO [main] o.a.c.c.StandardService - Starting service [Tomcat]
2026-04-23 18:22:54.292  INFO [main] o.a.c.c.StandardEngine - Starting Servlet engine: [Apache Tomcat/11.0.20]
2026-04-23 18:22:54.321  INFO [main] o.s.b.w.c.s.WebApplicationContextInitializer - Root WebApplicationContext: initialization completed in 3723 ms
2026-04-23 18:22:54.412  WARN [main] i.n.r.d.DnsServerAddressStreamProviders - Can not find io.netty.resolver.dns.macos.MacOSDnsServerAddressStreamProvider in the classpath, fallback to system defaults. This may result in incorrect DNS resolutions on MacOS. Check whether you have a dependency on 'io.netty:netty-resolver-dns-native-macos'
2026-04-23 18:22:54.689  INFO [main] o.h.o.jpa - HHH008540: Processing PersistenceUnitInfo [name: default]
2026-04-23 18:22:54.722  INFO [main] o.h.o.core - HHH000001: Hibernate ORM core version 7.2.7.Final
2026-04-23 18:22:54.944  INFO [main] o.s.o.j.p.SpringPersistenceUnitInfo - No LoadTimeWeaver setup: ignoring JPA class transformer
2026-04-23 18:22:54.962  INFO [main] c.z.h.HikariDataSource - HikariPool-1 - Starting...
2026-04-23 18:22:55.072  INFO [main] c.z.h.p.HikariPool - HikariPool-1 - Added connection conn0: url=jdbc:h2:mem:alunos_db user=SA
2026-04-23 18:22:55.073  INFO [main] c.z.h.HikariDataSource - HikariPool-1 - Start completed.
2026-04-23 18:22:55.108  INFO [main] o.h.o.c.pooling - HHH10001005: Database info:
	Database JDBC URL [jdbc:h2:mem:alunos_db]
	Database driver: H2 JDBC Driver
	Database dialect: H2Dialect
	Database version: 2.4.240
	Default catalog/schema: ALUNOS_DB/PUBLIC
	Autocommit mode: undefined/unknown
	Isolation level: READ_COMMITTED [default READ_COMMITTED]
	JDBC fetch size: 100
	Pool: DataSourceConnectionProvider
	Minimum pool size: undefined/unknown
	Maximum pool size: undefined/unknown
2026-04-23 18:22:55.556  INFO [main] o.h.o.core - HHH000489: No JTA platform available (set 'hibernate.transaction.jta.platform' to enable JTA platform integration)
2026-04-23 18:22:55.558  INFO [main] o.h.o.j.batch - HHH100501: Automatic JDBC statement batching enabled (maximum batch size 100)
2026-04-23 18:22:55.592  INFO [main] o.s.o.j.LocalContainerEntityManagerFactoryBean - Initialized JPA EntityManagerFactory for persistence unit 'default'
2026-04-23 18:22:55.633  INFO [main] o.s.d.j.r.q.QueryEnhancerFactories - Hibernate is in classpath; If applicable, HQL parser will be used.
2026-04-23 18:22:55.757  WARN [main] o.s.b.j.a.JpaBaseConfiguration$JpaWebConfiguration - spring.jpa.open-in-view is enabled by default. Therefore, database queries may be performed during view rendering. Explicitly configure spring.jpa.open-in-view to disable this warning
2026-04-23 18:23:02.016  INFO [main] o.s.b.t.TomcatWebServer - Tomcat started on port 8081 (http) with context path '/api/v1'
2026-04-23 18:23:02.022  INFO [main] c.b.i.l.LoginApplication - Started LoginApplication in 11.737 seconds (process running for 12.132)
2026-04-23 18:23:07.837  INFO [http-nio-8081-exec-1] o.a.c.c.C.[.[.[/api/v1] - Initializing Spring DispatcherServlet 'dispatcherServlet'
2026-04-23 18:23:07.838  INFO [http-nio-8081-exec-1] o.s.w.s.DispatcherServlet - Initializing Servlet 'dispatcherServlet'
2026-04-23 18:23:07.839  INFO [http-nio-8081-exec-1] o.s.w.s.DispatcherServlet - Completed initialization in 1 ms
2026-04-23 18:28:44.934  INFO [main] c.b.i.l.LoginApplication - Starting LoginApplication using Java 21.0.10 with PID 11805 (/Users/thiagocintra/Documents/gitdevelopment/itau/LoginService/target/classes started by thiagocintra in /Users/thiagocintra/Documents/gitdevelopment/itau/LoginService)
2026-04-23 18:28:44.941  INFO [main] c.b.i.l.LoginApplication - No active profile set, falling back to 1 default profile: "default"
2026-04-23 18:28:45.377  INFO [main] o.s.d.r.c.RepositoryConfigurationDelegate - Multiple Spring Data modules found, entering strict repository configuration mode
2026-04-23 18:28:45.378  INFO [main] o.s.d.r.c.RepositoryConfigurationDelegate - Bootstrapping Spring Data JPA repositories in DEFAULT mode.
2026-04-23 18:28:45.472  INFO [main] o.s.d.r.c.RepositoryConfigurationDelegate - Finished Spring Data repository scanning in 88 ms. Found 1 JPA repository interface.
2026-04-23 18:28:45.505  INFO [main] o.s.d.r.c.RepositoryConfigurationDelegate - Multiple Spring Data modules found, entering strict repository configuration mode
2026-04-23 18:28:45.506  INFO [main] o.s.d.r.c.RepositoryConfigurationDelegate - Bootstrapping Spring Data Redis repositories in DEFAULT mode.
2026-04-23 18:28:45.517  INFO [main] o.s.d.r.c.RepositoryConfigurationExtensionSupport - Spring Data Redis - Could not safely identify store assignment for repository candidate interface com.br.itau.login.repository.UserAccountRepository; If you want this repository to be a Redis repository, consider annotating your entities with one of these annotations: org.springframework.data.redis.core.RedisHash (preferred), or consider extending one of the following types with your repository: org.springframework.data.keyvalue.repository.KeyValueRepository
2026-04-23 18:28:45.517  INFO [main] o.s.d.r.c.RepositoryConfigurationDelegate - Finished Spring Data repository scanning in 3 ms. Found 0 Redis repository interfaces.
2026-04-23 18:28:45.869  INFO [main] o.s.b.t.TomcatWebServer - Tomcat initialized with port 8081 (http)
2026-04-23 18:28:45.879  INFO [main] o.a.c.c.StandardService - Starting service [Tomcat]
2026-04-23 18:28:45.879  INFO [main] o.a.c.c.StandardEngine - Starting Servlet engine: [Apache Tomcat/11.0.20]
2026-04-23 18:28:45.910  INFO [main] o.s.b.w.c.s.WebApplicationContextInitializer - Root WebApplicationContext: initialization completed in 942 ms
2026-04-23 18:28:46.003  WARN [main] i.n.r.d.DnsServerAddressStreamProviders - Can not find io.netty.resolver.dns.macos.MacOSDnsServerAddressStreamProvider in the classpath, fallback to system defaults. This may result in incorrect DNS resolutions on MacOS. Check whether you have a dependency on 'io.netty:netty-resolver-dns-native-macos'
2026-04-23 18:28:46.284  INFO [main] o.h.o.jpa - HHH008540: Processing PersistenceUnitInfo [name: default]
2026-04-23 18:28:46.326  INFO [main] o.h.o.core - HHH000001: Hibernate ORM core version 7.2.7.Final
2026-04-23 18:28:46.558  INFO [main] o.s.o.j.p.SpringPersistenceUnitInfo - No LoadTimeWeaver setup: ignoring JPA class transformer
2026-04-23 18:28:46.580  INFO [main] c.z.h.HikariDataSource - HikariPool-1 - Starting...
2026-04-23 18:28:46.695  INFO [main] c.z.h.p.HikariPool - HikariPool-1 - Added connection conn0: url=jdbc:h2:mem:alunos_db user=SA
2026-04-23 18:28:46.696  INFO [main] c.z.h.HikariDataSource - HikariPool-1 - Start completed.
2026-04-23 18:28:46.733  INFO [main] o.h.o.c.pooling - HHH10001005: Database info:
	Database JDBC URL [jdbc:h2:mem:alunos_db]
	Database driver: H2 JDBC Driver
	Database dialect: H2Dialect
	Database version: 2.4.240
	Default catalog/schema: ALUNOS_DB/PUBLIC
	Autocommit mode: undefined/unknown
	Isolation level: READ_COMMITTED [default READ_COMMITTED]
	JDBC fetch size: 100
	Pool: DataSourceConnectionProvider
	Minimum pool size: undefined/unknown
	Maximum pool size: undefined/unknown
2026-04-23 18:28:47.207  INFO [main] o.h.o.core - HHH000489: No JTA platform available (set 'hibernate.transaction.jta.platform' to enable JTA platform integration)
2026-04-23 18:28:47.209  INFO [main] o.h.o.j.batch - HHH100501: Automatic JDBC statement batching enabled (maximum batch size 100)
2026-04-23 18:28:47.245  INFO [main] o.s.o.j.LocalContainerEntityManagerFactoryBean - Initialized JPA EntityManagerFactory for persistence unit 'default'
2026-04-23 18:28:47.287  INFO [main] o.s.d.j.r.q.QueryEnhancerFactories - Hibernate is in classpath; If applicable, HQL parser will be used.
2026-04-23 18:28:47.409  WARN [main] o.s.b.j.a.JpaBaseConfiguration$JpaWebConfiguration - spring.jpa.open-in-view is enabled by default. Therefore, database queries may be performed during view rendering. Explicitly configure spring.jpa.open-in-view to disable this warning
2026-04-23 18:28:47.780  INFO [main] o.s.b.t.TomcatWebServer - Tomcat started on port 8081 (http) with context path '/api/v1'
2026-04-23 18:28:47.785  INFO [main] c.b.i.l.LoginApplication - Started LoginApplication in 3.145 seconds (process running for 3.592)
2026-04-23 18:28:58.689  INFO [http-nio-8081-exec-1] o.a.c.c.C.[.[.[/api/v1] - Initializing Spring DispatcherServlet 'dispatcherServlet'
2026-04-23 18:28:58.690  INFO [http-nio-8081-exec-1] o.s.w.s.DispatcherServlet - Initializing Servlet 'dispatcherServlet'
2026-04-23 18:28:58.691  INFO [http-nio-8081-exec-1] o.s.w.s.DispatcherServlet - Completed initialization in 1 ms
2026-04-23 18:30:31.062  INFO [main] c.b.i.l.LoginApplication - Starting LoginApplication using Java 21.0.10 with PID 11862 (/Users/thiagocintra/Documents/gitdevelopment/itau/LoginService/target/classes started by thiagocintra in /Users/thiagocintra/Documents/gitdevelopment/itau/LoginService)
2026-04-23 18:30:31.069  INFO [main] c.b.i.l.LoginApplication - No active profile set, falling back to 1 default profile: "default"
2026-04-23 18:30:31.439  INFO [main] o.s.d.r.c.RepositoryConfigurationDelegate - Multiple Spring Data modules found, entering strict repository configuration mode
2026-04-23 18:30:31.440  INFO [main] o.s.d.r.c.RepositoryConfigurationDelegate - Bootstrapping Spring Data JPA repositories in DEFAULT mode.
2026-04-23 18:30:31.513  INFO [main] o.s.d.r.c.RepositoryConfigurationDelegate - Finished Spring Data repository scanning in 68 ms. Found 1 JPA repository interface.
2026-04-23 18:30:31.536  INFO [main] o.s.d.r.c.RepositoryConfigurationDelegate - Multiple Spring Data modules found, entering strict repository configuration mode
2026-04-23 18:30:31.537  INFO [main] o.s.d.r.c.RepositoryConfigurationDelegate - Bootstrapping Spring Data Redis repositories in DEFAULT mode.
2026-04-23 18:30:31.547  INFO [main] o.s.d.r.c.RepositoryConfigurationExtensionSupport - Spring Data Redis - Could not safely identify store assignment for repository candidate interface com.br.itau.login.repository.UserAccountRepository; If you want this repository to be a Redis repository, consider annotating your entities with one of these annotations: org.springframework.data.redis.core.RedisHash (preferred), or consider extending one of the following types with your repository: org.springframework.data.keyvalue.repository.KeyValueRepository
2026-04-23 18:30:31.547  INFO [main] o.s.d.r.c.RepositoryConfigurationDelegate - Finished Spring Data repository scanning in 4 ms. Found 0 Redis repository interfaces.
2026-04-23 18:30:31.846  INFO [main] o.s.b.t.TomcatWebServer - Tomcat initialized with port 8081 (http)
2026-04-23 18:30:31.854  INFO [main] o.a.c.c.StandardService - Starting service [Tomcat]
2026-04-23 18:30:31.855  INFO [main] o.a.c.c.StandardEngine - Starting Servlet engine: [Apache Tomcat/11.0.20]
2026-04-23 18:30:31.880  INFO [main] o.s.b.w.c.s.WebApplicationContextInitializer - Root WebApplicationContext: initialization completed in 789 ms
2026-04-23 18:30:31.952  WARN [main] i.n.r.d.DnsServerAddressStreamProviders - Can not find io.netty.resolver.dns.macos.MacOSDnsServerAddressStreamProvider in the classpath, fallback to system defaults. This may result in incorrect DNS resolutions on MacOS. Check whether you have a dependency on 'io.netty:netty-resolver-dns-native-macos'
2026-04-23 18:30:32.201  INFO [main] o.h.o.jpa - HHH008540: Processing PersistenceUnitInfo [name: default]
2026-04-23 18:30:32.226  INFO [main] o.h.o.core - HHH000001: Hibernate ORM core version 7.2.7.Final
2026-04-23 18:30:32.406  INFO [main] o.s.o.j.p.SpringPersistenceUnitInfo - No LoadTimeWeaver setup: ignoring JPA class transformer
2026-04-23 18:30:32.422  INFO [main] c.z.h.HikariDataSource - HikariPool-1 - Starting...
2026-04-23 18:30:32.514  INFO [main] c.z.h.p.HikariPool - HikariPool-1 - Added connection conn0: url=jdbc:h2:mem:alunos_db user=SA
2026-04-23 18:30:32.514  INFO [main] c.z.h.HikariDataSource - HikariPool-1 - Start completed.
2026-04-23 18:30:32.552  INFO [main] o.h.o.c.pooling - HHH10001005: Database info:
	Database JDBC URL [jdbc:h2:mem:alunos_db]
	Database driver: H2 JDBC Driver
	Database dialect: H2Dialect
	Database version: 2.4.240
	Default catalog/schema: ALUNOS_DB/PUBLIC
	Autocommit mode: undefined/unknown
	Isolation level: READ_COMMITTED [default READ_COMMITTED]
	JDBC fetch size: 100
	Pool: DataSourceConnectionProvider
	Minimum pool size: undefined/unknown
	Maximum pool size: undefined/unknown
2026-04-23 18:30:32.930  INFO [main] o.h.o.core - HHH000489: No JTA platform available (set 'hibernate.transaction.jta.platform' to enable JTA platform integration)
2026-04-23 18:30:32.932  INFO [main] o.h.o.j.batch - HHH100501: Automatic JDBC statement batching enabled (maximum batch size 100)
2026-04-23 18:30:32.960  INFO [main] o.s.o.j.LocalContainerEntityManagerFactoryBean - Initialized JPA EntityManagerFactory for persistence unit 'default'
2026-04-23 18:30:33.016  INFO [main] o.s.d.j.r.q.QueryEnhancerFactories - Hibernate is in classpath; If applicable, HQL parser will be used.
2026-04-23 18:30:33.507  INFO [main] o.s.b.t.TomcatWebServer - Tomcat started on port 8081 (http) with context path '/api/v1'
2026-04-23 18:30:33.512  INFO [main] c.b.i.l.LoginApplication - Started LoginApplication in 2.678 seconds (process running for 2.879)
2026-04-23 18:30:36.870  INFO [http-nio-8081-exec-1] o.a.c.c.C.[.[.[/api/v1] - Initializing Spring DispatcherServlet 'dispatcherServlet'
2026-04-23 18:30:36.870  INFO [http-nio-8081-exec-1] o.s.w.s.DispatcherServlet - Initializing Servlet 'dispatcherServlet'
2026-04-23 18:30:36.871  INFO [http-nio-8081-exec-1] o.s.w.s.DispatcherServlet - Completed initialization in 1 ms
2026-04-23 18:30:48.894  INFO [SpringApplicationShutdownHook] o.s.b.t.GracefulShutdown - Commencing graceful shutdown. Waiting for active requests to complete
2026-04-23 18:30:48.903  INFO [tomcat-shutdown] o.s.b.t.GracefulShutdown - Graceful shutdown complete
2026-04-23 18:30:49.021  INFO [SpringApplicationShutdownHook] o.s.o.j.LocalContainerEntityManagerFactoryBean - Closing JPA EntityManagerFactory for persistence unit 'default'
2026-04-23 18:30:49.024  INFO [SpringApplicationShutdownHook] c.z.h.HikariDataSource - HikariPool-1 - Shutdown initiated...
2026-04-23 18:30:49.025  INFO [SpringApplicationShutdownHook] c.z.h.HikariDataSource - HikariPool-1 - Shutdown completed.
2026-04-23 18:31:08.991  INFO [main] c.b.i.l.LoginApplication - Starting LoginApplication using Java 21.0.10 with PID 11879 (/Users/thiagocintra/Documents/gitdevelopment/itau/LoginService/target/classes started by thiagocintra in /Users/thiagocintra/Documents/gitdevelopment/itau/LoginService)
2026-04-23 18:31:08.996  INFO [main] c.b.i.l.LoginApplication - No active profile set, falling back to 1 default profile: "default"
2026-04-23 18:31:09.326  INFO [main] o.s.d.r.c.RepositoryConfigurationDelegate - Multiple Spring Data modules found, entering strict repository configuration mode
2026-04-23 18:31:09.327  INFO [main] o.s.d.r.c.RepositoryConfigurationDelegate - Bootstrapping Spring Data JPA repositories in DEFAULT mode.
2026-04-23 18:31:09.400  INFO [main] o.s.d.r.c.RepositoryConfigurationDelegate - Finished Spring Data repository scanning in 68 ms. Found 1 JPA repository interface.
2026-04-23 18:31:09.424  INFO [main] o.s.d.r.c.RepositoryConfigurationDelegate - Multiple Spring Data modules found, entering strict repository configuration mode
2026-04-23 18:31:09.424  INFO [main] o.s.d.r.c.RepositoryConfigurationDelegate - Bootstrapping Spring Data Redis repositories in DEFAULT mode.
2026-04-23 18:31:09.434  INFO [main] o.s.d.r.c.RepositoryConfigurationExtensionSupport - Spring Data Redis - Could not safely identify store assignment for repository candidate interface com.br.itau.login.repository.UserAccountRepository; If you want this repository to be a Redis repository, consider annotating your entities with one of these annotations: org.springframework.data.redis.core.RedisHash (preferred), or consider extending one of the following types with your repository: org.springframework.data.keyvalue.repository.KeyValueRepository
2026-04-23 18:31:09.434  INFO [main] o.s.d.r.c.RepositoryConfigurationDelegate - Finished Spring Data repository scanning in 4 ms. Found 0 Redis repository interfaces.
2026-04-23 18:31:09.732  INFO [main] o.s.b.t.TomcatWebServer - Tomcat initialized with port 8081 (http)
2026-04-23 18:31:09.740  INFO [main] o.a.c.c.StandardService - Starting service [Tomcat]
2026-04-23 18:31:09.740  INFO [main] o.a.c.c.StandardEngine - Starting Servlet engine: [Apache Tomcat/11.0.20]
2026-04-23 18:31:09.766  INFO [main] o.s.b.w.c.s.WebApplicationContextInitializer - Root WebApplicationContext: initialization completed in 745 ms
2026-04-23 18:31:09.838  WARN [main] i.n.r.d.DnsServerAddressStreamProviders - Can not find io.netty.resolver.dns.macos.MacOSDnsServerAddressStreamProvider in the classpath, fallback to system defaults. This may result in incorrect DNS resolutions on MacOS. Check whether you have a dependency on 'io.netty:netty-resolver-dns-native-macos'
2026-04-23 18:31:10.077  INFO [main] o.h.o.jpa - HHH008540: Processing PersistenceUnitInfo [name: default]
2026-04-23 18:31:10.102  INFO [main] o.h.o.core - HHH000001: Hibernate ORM core version 7.2.7.Final
2026-04-23 18:31:10.282  INFO [main] o.s.o.j.p.SpringPersistenceUnitInfo - No LoadTimeWeaver setup: ignoring JPA class transformer
2026-04-23 18:31:10.298  INFO [main] c.z.h.HikariDataSource - HikariPool-1 - Starting...
2026-04-23 18:31:10.383  INFO [main] c.z.h.p.HikariPool - HikariPool-1 - Added connection conn0: url=jdbc:h2:mem:alunos_db user=SA
2026-04-23 18:31:10.384  INFO [main] c.z.h.HikariDataSource - HikariPool-1 - Start completed.
2026-04-23 18:31:10.421  INFO [main] o.h.o.c.pooling - HHH10001005: Database info:
	Database JDBC URL [jdbc:h2:mem:alunos_db]
	Database driver: H2 JDBC Driver
	Database dialect: H2Dialect
	Database version: 2.4.240
	Default catalog/schema: ALUNOS_DB/PUBLIC
	Autocommit mode: undefined/unknown
	Isolation level: READ_COMMITTED [default READ_COMMITTED]
	JDBC fetch size: 100
	Pool: DataSourceConnectionProvider
	Minimum pool size: undefined/unknown
	Maximum pool size: undefined/unknown
2026-04-23 18:31:10.794  INFO [main] o.h.o.core - HHH000489: No JTA platform available (set 'hibernate.transaction.jta.platform' to enable JTA platform integration)
2026-04-23 18:31:10.796  INFO [main] o.h.o.j.batch - HHH100501: Automatic JDBC statement batching enabled (maximum batch size 100)
2026-04-23 18:31:10.826  INFO [main] o.s.o.j.LocalContainerEntityManagerFactoryBean - Initialized JPA EntityManagerFactory for persistence unit 'default'
2026-04-23 18:31:10.883  INFO [main] o.s.d.j.r.q.QueryEnhancerFactories - Hibernate is in classpath; If applicable, HQL parser will be used.
2026-04-23 18:31:11.371  INFO [main] o.s.b.t.TomcatWebServer - Tomcat started on port 8081 (http) with context path '/api/v1'
2026-04-23 18:31:11.376  INFO [main] c.b.i.l.LoginApplication - Started LoginApplication in 2.612 seconds (process running for 2.801)
2026-04-23 18:31:16.134  INFO [http-nio-8081-exec-2] o.a.c.c.C.[.[.[/api/v1] - Initializing Spring DispatcherServlet 'dispatcherServlet'
2026-04-23 18:31:16.134  INFO [http-nio-8081-exec-2] o.s.w.s.DispatcherServlet - Initializing Servlet 'dispatcherServlet'
2026-04-23 18:31:16.136  INFO [http-nio-8081-exec-2] o.s.w.s.DispatcherServlet - Completed initialization in 1 ms
2026-04-23 18:35:21.083  INFO [main] c.b.i.l.LoginApplication - Starting LoginApplication using Java 21.0.10 with PID 11996 (/Users/thiagocintra/Documents/gitdevelopment/itau/LoginService/target/classes started by thiagocintra in /Users/thiagocintra/Documents/gitdevelopment/itau/LoginService)
2026-04-23 18:35:21.087  INFO [main] c.b.i.l.LoginApplication - No active profile set, falling back to 1 default profile: "default"
2026-04-23 18:35:21.459  INFO [main] o.s.d.r.c.RepositoryConfigurationDelegate - Multiple Spring Data modules found, entering strict repository configuration mode
2026-04-23 18:35:21.460  INFO [main] o.s.d.r.c.RepositoryConfigurationDelegate - Bootstrapping Spring Data JPA repositories in DEFAULT mode.
2026-04-23 18:35:21.542  INFO [main] o.s.d.r.c.RepositoryConfigurationDelegate - Finished Spring Data repository scanning in 76 ms. Found 1 JPA repository interface.
2026-04-23 18:35:21.566  INFO [main] o.s.d.r.c.RepositoryConfigurationDelegate - Multiple Spring Data modules found, entering strict repository configuration mode
2026-04-23 18:35:21.566  INFO [main] o.s.d.r.c.RepositoryConfigurationDelegate - Bootstrapping Spring Data Redis repositories in DEFAULT mode.
2026-04-23 18:35:21.576  INFO [main] o.s.d.r.c.RepositoryConfigurationExtensionSupport - Spring Data Redis - Could not safely identify store assignment for repository candidate interface com.br.itau.login.repository.UserAccountRepository; If you want this repository to be a Redis repository, consider annotating your entities with one of these annotations: org.springframework.data.redis.core.RedisHash (preferred), or consider extending one of the following types with your repository: org.springframework.data.keyvalue.repository.KeyValueRepository
2026-04-23 18:35:21.576  INFO [main] o.s.d.r.c.RepositoryConfigurationDelegate - Finished Spring Data repository scanning in 3 ms. Found 0 Redis repository interfaces.
2026-04-23 18:35:21.891  INFO [main] o.s.b.t.TomcatWebServer - Tomcat initialized with port 8081 (http)
2026-04-23 18:35:21.907  INFO [main] o.a.c.c.StandardService - Starting service [Tomcat]
2026-04-23 18:35:21.907  INFO [main] o.a.c.c.StandardEngine - Starting Servlet engine: [Apache Tomcat/11.0.20]
2026-04-23 18:35:21.935  INFO [main] o.s.b.w.c.s.WebApplicationContextInitializer - Root WebApplicationContext: initialization completed in 825 ms
2026-04-23 18:35:22.019  WARN [main] i.n.r.d.DnsServerAddressStreamProviders - Can not find io.netty.resolver.dns.macos.MacOSDnsServerAddressStreamProvider in the classpath, fallback to system defaults. This may result in incorrect DNS resolutions on MacOS. Check whether you have a dependency on 'io.netty:netty-resolver-dns-native-macos'
2026-04-23 18:35:22.260  INFO [main] o.h.o.jpa - HHH008540: Processing PersistenceUnitInfo [name: default]
2026-04-23 18:35:22.289  INFO [main] o.h.o.core - HHH000001: Hibernate ORM core version 7.2.7.Final
2026-04-23 18:35:22.480  INFO [main] o.s.o.j.p.SpringPersistenceUnitInfo - No LoadTimeWeaver setup: ignoring JPA class transformer
2026-04-23 18:35:22.496  INFO [main] c.z.h.HikariDataSource - HikariPool-1 - Starting...
2026-04-23 18:35:22.585  INFO [main] c.z.h.p.HikariPool - HikariPool-1 - Added connection conn0: url=jdbc:h2:mem:alunos_db user=SA
2026-04-23 18:35:22.586  INFO [main] c.z.h.HikariDataSource - HikariPool-1 - Start completed.
2026-04-23 18:35:22.627  INFO [main] o.h.o.c.pooling - HHH10001005: Database info:
	Database JDBC URL [jdbc:h2:mem:alunos_db]
	Database driver: H2 JDBC Driver
	Database dialect: H2Dialect
	Database version: 2.4.240
	Default catalog/schema: ALUNOS_DB/PUBLIC
	Autocommit mode: undefined/unknown
	Isolation level: READ_COMMITTED [default READ_COMMITTED]
	JDBC fetch size: 100
	Pool: DataSourceConnectionProvider
	Minimum pool size: undefined/unknown
	Maximum pool size: undefined/unknown
2026-04-23 18:35:23.004  INFO [main] o.h.o.core - HHH000489: No JTA platform available (set 'hibernate.transaction.jta.platform' to enable JTA platform integration)
2026-04-23 18:35:23.006  INFO [main] o.h.o.j.batch - HHH100501: Automatic JDBC statement batching enabled (maximum batch size 100)
2026-04-23 18:35:23.035  INFO [main] o.s.o.j.LocalContainerEntityManagerFactoryBean - Initialized JPA EntityManagerFactory for persistence unit 'default'
2026-04-23 18:35:23.087  INFO [main] o.s.d.j.r.q.QueryEnhancerFactories - Hibernate is in classpath; If applicable, HQL parser will be used.
2026-04-23 18:35:23.670  WARN [main] o.s.b.w.s.s.c.AnnotationConfigServletWebServerApplicationContext - Exception encountered during context initialization - cancelling refresh attempt: org.springframework.context.ApplicationContextException: Failed to start bean 'webServerStartStop'
2026-04-23 18:35:23.672  INFO [main] o.s.o.j.LocalContainerEntityManagerFactoryBean - Closing JPA EntityManagerFactory for persistence unit 'default'
2026-04-23 18:35:23.674  INFO [main] c.z.h.HikariDataSource - HikariPool-1 - Shutdown initiated...
2026-04-23 18:35:23.675  INFO [main] c.z.h.HikariDataSource - HikariPool-1 - Shutdown completed.
2026-04-23 18:35:23.682  INFO [main] o.s.b.a.l.ConditionEvaluationReportLogger - 

Error starting ApplicationContext. To display the condition evaluation report re-run your application with 'debug' enabled.
2026-04-23 18:35:23.688 ERROR [main] o.s.b.d.LoggingFailureAnalysisReporter - 

***************************
APPLICATION FAILED TO START
***************************

Description:

Web server failed to start. Port 8081 was already in use.

Action:

Identify and stop the process that's listening on port 8081 or configure this application to listen on another port.

2026-04-23 18:36:13.363  INFO [SpringApplicationShutdownHook] o.s.b.t.GracefulShutdown - Commencing graceful shutdown. Waiting for active requests to complete
2026-04-23 18:36:13.383  INFO [tomcat-shutdown] o.s.b.t.GracefulShutdown - Graceful shutdown complete
2026-04-23 18:36:13.503  INFO [SpringApplicationShutdownHook] o.s.o.j.LocalContainerEntityManagerFactoryBean - Closing JPA EntityManagerFactory for persistence unit 'default'
2026-04-23 18:36:13.507  INFO [SpringApplicationShutdownHook] c.z.h.HikariDataSource - HikariPool-1 - Shutdown initiated...
2026-04-23 18:36:13.508  INFO [SpringApplicationShutdownHook] c.z.h.HikariDataSource - HikariPool-1 - Shutdown completed.
2026-04-23 18:36:17.682  INFO [main] c.b.i.l.LoginApplication - Starting LoginApplication using Java 21.0.10 with PID 12022 (/Users/thiagocintra/Documents/gitdevelopment/itau/LoginService/target/classes started by thiagocintra in /Users/thiagocintra/Documents/gitdevelopment/itau/LoginService)
2026-04-23 18:36:17.684  INFO [main] c.b.i.l.LoginApplication - No active profile set, falling back to 1 default profile: "default"
2026-04-23 18:36:18.025  INFO [main] o.s.d.r.c.RepositoryConfigurationDelegate - Multiple Spring Data modules found, entering strict repository configuration mode
2026-04-23 18:36:18.026  INFO [main] o.s.d.r.c.RepositoryConfigurationDelegate - Bootstrapping Spring Data JPA repositories in DEFAULT mode.
2026-04-23 18:36:18.098  INFO [main] o.s.d.r.c.RepositoryConfigurationDelegate - Finished Spring Data repository scanning in 66 ms. Found 1 JPA repository interface.
2026-04-23 18:36:18.121  INFO [main] o.s.d.r.c.RepositoryConfigurationDelegate - Multiple Spring Data modules found, entering strict repository configuration mode
2026-04-23 18:36:18.121  INFO [main] o.s.d.r.c.RepositoryConfigurationDelegate - Bootstrapping Spring Data Redis repositories in DEFAULT mode.
2026-04-23 18:36:18.130  INFO [main] o.s.d.r.c.RepositoryConfigurationExtensionSupport - Spring Data Redis - Could not safely identify store assignment for repository candidate interface com.br.itau.login.repository.UserAccountRepository; If you want this repository to be a Redis repository, consider annotating your entities with one of these annotations: org.springframework.data.redis.core.RedisHash (preferred), or consider extending one of the following types with your repository: org.springframework.data.keyvalue.repository.KeyValueRepository
2026-04-23 18:36:18.130  INFO [main] o.s.d.r.c.RepositoryConfigurationDelegate - Finished Spring Data repository scanning in 3 ms. Found 0 Redis repository interfaces.
2026-04-23 18:36:18.432  INFO [main] o.s.b.t.TomcatWebServer - Tomcat initialized with port 8081 (http)
2026-04-23 18:36:18.444  INFO [main] o.a.c.c.StandardService - Starting service [Tomcat]
2026-04-23 18:36:18.444  INFO [main] o.a.c.c.StandardEngine - Starting Servlet engine: [Apache Tomcat/11.0.20]
2026-04-23 18:36:18.470  INFO [main] o.s.b.w.c.s.WebApplicationContextInitializer - Root WebApplicationContext: initialization completed in 761 ms
2026-04-23 18:36:18.542  WARN [main] i.n.r.d.DnsServerAddressStreamProviders - Can not find io.netty.resolver.dns.macos.MacOSDnsServerAddressStreamProvider in the classpath, fallback to system defaults. This may result in incorrect DNS resolutions on MacOS. Check whether you have a dependency on 'io.netty:netty-resolver-dns-native-macos'
2026-04-23 18:36:18.801  INFO [main] o.h.o.jpa - HHH008540: Processing PersistenceUnitInfo [name: default]
2026-04-23 18:36:18.828  INFO [main] o.h.o.core - HHH000001: Hibernate ORM core version 7.2.7.Final
2026-04-23 18:36:19.008  INFO [main] o.s.o.j.p.SpringPersistenceUnitInfo - No LoadTimeWeaver setup: ignoring JPA class transformer
2026-04-23 18:36:19.023  INFO [main] c.z.h.HikariDataSource - HikariPool-1 - Starting...
2026-04-23 18:36:19.111  INFO [main] c.z.h.p.HikariPool - HikariPool-1 - Added connection conn0: url=jdbc:h2:mem:alunos_db user=SA
2026-04-23 18:36:19.112  INFO [main] c.z.h.HikariDataSource - HikariPool-1 - Start completed.
2026-04-23 18:36:19.149  INFO [main] o.h.o.c.pooling - HHH10001005: Database info:
	Database JDBC URL [jdbc:h2:mem:alunos_db]
	Database driver: H2 JDBC Driver
	Database dialect: H2Dialect
	Database version: 2.4.240
	Default catalog/schema: ALUNOS_DB/PUBLIC
	Autocommit mode: undefined/unknown
	Isolation level: READ_COMMITTED [default READ_COMMITTED]
	JDBC fetch size: 100
	Pool: DataSourceConnectionProvider
	Minimum pool size: undefined/unknown
	Maximum pool size: undefined/unknown
2026-04-23 18:36:19.519  INFO [main] o.h.o.core - HHH000489: No JTA platform available (set 'hibernate.transaction.jta.platform' to enable JTA platform integration)
2026-04-23 18:36:19.520  INFO [main] o.h.o.j.batch - HHH100501: Automatic JDBC statement batching enabled (maximum batch size 100)
2026-04-23 18:36:19.550  INFO [main] o.s.o.j.LocalContainerEntityManagerFactoryBean - Initialized JPA EntityManagerFactory for persistence unit 'default'
2026-04-23 18:36:19.593  INFO [main] o.s.d.j.r.q.QueryEnhancerFactories - Hibernate is in classpath; If applicable, HQL parser will be used.
2026-04-23 18:36:20.061  INFO [main] o.s.b.t.TomcatWebServer - Tomcat started on port 8081 (http) with context path '/api/v1'
2026-04-23 18:36:20.067  INFO [main] c.b.i.l.LoginApplication - Started LoginApplication in 2.613 seconds (process running for 2.809)
2026-04-23 18:36:25.115  INFO [http-nio-8081-exec-2] o.a.c.c.C.[.[.[/api/v1] - Initializing Spring DispatcherServlet 'dispatcherServlet'
2026-04-23 18:36:25.117  INFO [http-nio-8081-exec-2] o.s.w.s.DispatcherServlet - Initializing Servlet 'dispatcherServlet'
2026-04-23 18:36:25.118  INFO [http-nio-8081-exec-2] o.s.w.s.DispatcherServlet - Completed initialization in 1 ms
2026-04-23 18:39:36.296  INFO [main] c.b.i.l.LoginApplication - Starting LoginApplication using Java 21.0.10 with PID 12124 (/Users/thiagocintra/Documents/gitdevelopment/itau/LoginService/target/classes started by thiagocintra in /Users/thiagocintra/Documents/gitdevelopment/itau/LoginService)
2026-04-23 18:39:36.304  INFO [main] c.b.i.l.LoginApplication - No active profile set, falling back to 1 default profile: "default"
2026-04-23 18:39:36.870  INFO [main] o.s.d.r.c.RepositoryConfigurationDelegate - Multiple Spring Data modules found, entering strict repository configuration mode
2026-04-23 18:39:36.871  INFO [main] o.s.d.r.c.RepositoryConfigurationDelegate - Bootstrapping Spring Data JPA repositories in DEFAULT mode.
2026-04-23 18:39:36.977  INFO [main] o.s.d.r.c.RepositoryConfigurationDelegate - Finished Spring Data repository scanning in 101 ms. Found 1 JPA repository interface.
2026-04-23 18:39:37.010  INFO [main] o.s.d.r.c.RepositoryConfigurationDelegate - Multiple Spring Data modules found, entering strict repository configuration mode
2026-04-23 18:39:37.011  INFO [main] o.s.d.r.c.RepositoryConfigurationDelegate - Bootstrapping Spring Data Redis repositories in DEFAULT mode.
2026-04-23 18:39:37.024  INFO [main] o.s.d.r.c.RepositoryConfigurationExtensionSupport - Spring Data Redis - Could not safely identify store assignment for repository candidate interface com.br.itau.login.repository.UserAccountRepository; If you want this repository to be a Redis repository, consider annotating your entities with one of these annotations: org.springframework.data.redis.core.RedisHash (preferred), or consider extending one of the following types with your repository: org.springframework.data.keyvalue.repository.KeyValueRepository
2026-04-23 18:39:37.025  INFO [main] o.s.d.r.c.RepositoryConfigurationDelegate - Finished Spring Data repository scanning in 4 ms. Found 0 Redis repository interfaces.
2026-04-23 18:39:37.417  INFO [main] o.s.b.t.TomcatWebServer - Tomcat initialized with port 8081 (http)
2026-04-23 18:39:37.428  INFO [main] o.a.c.c.StandardService - Starting service [Tomcat]
2026-04-23 18:39:37.428  INFO [main] o.a.c.c.StandardEngine - Starting Servlet engine: [Apache Tomcat/11.0.20]
2026-04-23 18:39:37.461  INFO [main] o.s.b.w.c.s.WebApplicationContextInitializer - Root WebApplicationContext: initialization completed in 1116 ms
2026-04-23 18:39:37.562  WARN [main] i.n.r.d.DnsServerAddressStreamProviders - Can not find io.netty.resolver.dns.macos.MacOSDnsServerAddressStreamProvider in the classpath, fallback to system defaults. This may result in incorrect DNS resolutions on MacOS. Check whether you have a dependency on 'io.netty:netty-resolver-dns-native-macos'
2026-04-23 18:39:37.866  INFO [main] o.h.o.jpa - HHH008540: Processing PersistenceUnitInfo [name: default]
2026-04-23 18:39:37.904  INFO [main] o.h.o.core - HHH000001: Hibernate ORM core version 7.2.7.Final
2026-04-23 18:39:38.148  INFO [main] o.s.o.j.p.SpringPersistenceUnitInfo - No LoadTimeWeaver setup: ignoring JPA class transformer
2026-04-23 18:39:38.172  INFO [main] c.z.h.HikariDataSource - HikariPool-1 - Starting...
2026-04-23 18:39:38.290  INFO [main] c.z.h.p.HikariPool - HikariPool-1 - Added connection conn0: url=jdbc:h2:mem:alunos_db user=SA
2026-04-23 18:39:38.291  INFO [main] c.z.h.HikariDataSource - HikariPool-1 - Start completed.
2026-04-23 18:39:38.329  INFO [main] o.h.o.c.pooling - HHH10001005: Database info:
	Database JDBC URL [jdbc:h2:mem:alunos_db]
	Database driver: H2 JDBC Driver
	Database dialect: H2Dialect
	Database version: 2.4.240
	Default catalog/schema: ALUNOS_DB/PUBLIC
	Autocommit mode: undefined/unknown
	Isolation level: READ_COMMITTED [default READ_COMMITTED]
	JDBC fetch size: 100
	Pool: DataSourceConnectionProvider
	Minimum pool size: undefined/unknown
	Maximum pool size: undefined/unknown
2026-04-23 18:39:38.872  INFO [main] o.h.o.core - HHH000489: No JTA platform available (set 'hibernate.transaction.jta.platform' to enable JTA platform integration)
2026-04-23 18:39:38.874  INFO [main] o.h.o.j.batch - HHH100501: Automatic JDBC statement batching enabled (maximum batch size 100)
2026-04-23 18:39:38.911  INFO [main] o.s.o.j.LocalContainerEntityManagerFactoryBean - Initialized JPA EntityManagerFactory for persistence unit 'default'
2026-04-23 18:39:38.952  INFO [main] o.s.d.j.r.q.QueryEnhancerFactories - Hibernate is in classpath; If applicable, HQL parser will be used.
2026-04-23 18:39:53.023  WARN [main] o.s.b.w.s.s.c.AnnotationConfigServletWebServerApplicationContext - Exception encountered during context initialization - cancelling refresh attempt: org.springframework.context.ApplicationContextException: Failed to start bean 'webServerStartStop'
2026-04-23 18:39:53.028  INFO [main] o.s.o.j.LocalContainerEntityManagerFactoryBean - Closing JPA EntityManagerFactory for persistence unit 'default'
2026-04-23 18:39:53.030  INFO [main] c.z.h.HikariDataSource - HikariPool-1 - Shutdown initiated...
2026-04-23 18:39:53.031  INFO [main] c.z.h.HikariDataSource - HikariPool-1 - Shutdown completed.
2026-04-23 18:39:53.040  INFO [main] o.s.b.a.l.ConditionEvaluationReportLogger - 

Error starting ApplicationContext. To display the condition evaluation report re-run your application with 'debug' enabled.
2026-04-23 18:39:53.050 ERROR [main] o.s.b.d.LoggingFailureAnalysisReporter - 

***************************
APPLICATION FAILED TO START
***************************

Description:

Web server failed to start. Port 8081 was already in use.

Action:

Identify and stop the process that's listening on port 8081 or configure this application to listen on another port.

2026-04-23 18:39:57.751  INFO [SpringApplicationShutdownHook] o.s.b.t.GracefulShutdown - Commencing graceful shutdown. Waiting for active requests to complete
2026-04-23 18:39:57.768  INFO [tomcat-shutdown] o.s.b.t.GracefulShutdown - Graceful shutdown complete
2026-04-23 18:39:57.889  INFO [SpringApplicationShutdownHook] o.s.o.j.LocalContainerEntityManagerFactoryBean - Closing JPA EntityManagerFactory for persistence unit 'default'
2026-04-23 18:39:57.892  INFO [SpringApplicationShutdownHook] c.z.h.HikariDataSource - HikariPool-1 - Shutdown initiated...
2026-04-23 18:39:57.894  INFO [SpringApplicationShutdownHook] c.z.h.HikariDataSource - HikariPool-1 - Shutdown completed.
2026-04-23 18:40:04.106  INFO [main] c.b.i.l.LoginApplication - Starting LoginApplication using Java 21.0.10 with PID 12135 (/Users/thiagocintra/Documents/gitdevelopment/itau/LoginService/target/classes started by thiagocintra in /Users/thiagocintra/Documents/gitdevelopment/itau/LoginService)
2026-04-23 18:40:04.112  INFO [main] c.b.i.l.LoginApplication - No active profile set, falling back to 1 default profile: "default"
2026-04-23 18:40:04.529  INFO [main] o.s.d.r.c.RepositoryConfigurationDelegate - Multiple Spring Data modules found, entering strict repository configuration mode
2026-04-23 18:40:04.530  INFO [main] o.s.d.r.c.RepositoryConfigurationDelegate - Bootstrapping Spring Data JPA repositories in DEFAULT mode.
2026-04-23 18:40:04.620  INFO [main] o.s.d.r.c.RepositoryConfigurationDelegate - Finished Spring Data repository scanning in 83 ms. Found 1 JPA repository interface.
2026-04-23 18:40:04.646  INFO [main] o.s.d.r.c.RepositoryConfigurationDelegate - Multiple Spring Data modules found, entering strict repository configuration mode
2026-04-23 18:40:04.647  INFO [main] o.s.d.r.c.RepositoryConfigurationDelegate - Bootstrapping Spring Data Redis repositories in DEFAULT mode.
2026-04-23 18:40:04.657  INFO [main] o.s.d.r.c.RepositoryConfigurationExtensionSupport - Spring Data Redis - Could not safely identify store assignment for repository candidate interface com.br.itau.login.repository.UserAccountRepository; If you want this repository to be a Redis repository, consider annotating your entities with one of these annotations: org.springframework.data.redis.core.RedisHash (preferred), or consider extending one of the following types with your repository: org.springframework.data.keyvalue.repository.KeyValueRepository
2026-04-23 18:40:04.657  INFO [main] o.s.d.r.c.RepositoryConfigurationDelegate - Finished Spring Data repository scanning in 3 ms. Found 0 Redis repository interfaces.
2026-04-23 18:40:05.022  INFO [main] o.s.b.t.TomcatWebServer - Tomcat initialized with port 8081 (http)
2026-04-23 18:40:05.031  INFO [main] o.a.c.c.StandardService - Starting service [Tomcat]
2026-04-23 18:40:05.032  INFO [main] o.a.c.c.StandardEngine - Starting Servlet engine: [Apache Tomcat/11.0.20]
2026-04-23 18:40:05.061  INFO [main] o.s.b.w.c.s.WebApplicationContextInitializer - Root WebApplicationContext: initialization completed in 919 ms
2026-04-23 18:40:05.151  WARN [main] i.n.r.d.DnsServerAddressStreamProviders - Can not find io.netty.resolver.dns.macos.MacOSDnsServerAddressStreamProvider in the classpath, fallback to system defaults. This may result in incorrect DNS resolutions on MacOS. Check whether you have a dependency on 'io.netty:netty-resolver-dns-native-macos'
2026-04-23 18:40:05.431  INFO [main] o.h.o.jpa - HHH008540: Processing PersistenceUnitInfo [name: default]
2026-04-23 18:40:05.464  INFO [main] o.h.o.core - HHH000001: Hibernate ORM core version 7.2.7.Final
2026-04-23 18:40:05.688  INFO [main] o.s.o.j.p.SpringPersistenceUnitInfo - No LoadTimeWeaver setup: ignoring JPA class transformer
2026-04-23 18:40:05.712  INFO [main] c.z.h.HikariDataSource - HikariPool-1 - Starting...
2026-04-23 18:40:05.841  INFO [main] c.z.h.p.HikariPool - HikariPool-1 - Added connection conn0: url=jdbc:h2:mem:alunos_db user=SA
2026-04-23 18:40:05.842  INFO [main] c.z.h.HikariDataSource - HikariPool-1 - Start completed.
2026-04-23 18:40:05.877  INFO [main] o.h.o.c.pooling - HHH10001005: Database info:
	Database JDBC URL [jdbc:h2:mem:alunos_db]
	Database driver: H2 JDBC Driver
	Database dialect: H2Dialect
	Database version: 2.4.240
	Default catalog/schema: ALUNOS_DB/PUBLIC
	Autocommit mode: undefined/unknown
	Isolation level: READ_COMMITTED [default READ_COMMITTED]
	JDBC fetch size: 100
	Pool: DataSourceConnectionProvider
	Minimum pool size: undefined/unknown
	Maximum pool size: undefined/unknown
2026-04-23 18:40:06.325  INFO [main] o.h.o.core - HHH000489: No JTA platform available (set 'hibernate.transaction.jta.platform' to enable JTA platform integration)
2026-04-23 18:40:06.328  INFO [main] o.h.o.j.batch - HHH100501: Automatic JDBC statement batching enabled (maximum batch size 100)
2026-04-23 18:40:06.363  INFO [main] o.s.o.j.LocalContainerEntityManagerFactoryBean - Initialized JPA EntityManagerFactory for persistence unit 'default'
2026-04-23 18:40:06.404  INFO [main] o.s.d.j.r.q.QueryEnhancerFactories - Hibernate is in classpath; If applicable, HQL parser will be used.
2026-04-23 18:40:17.921  INFO [main] o.s.b.t.TomcatWebServer - Tomcat started on port 8081 (http) with context path '/api/v1'
2026-04-23 18:40:17.927  INFO [main] c.b.i.l.LoginApplication - Started LoginApplication in 14.093 seconds (process running for 14.477)
2026-04-23 18:40:33.624  INFO [http-nio-8081-exec-1] o.a.c.c.C.[.[.[/api/v1] - Initializing Spring DispatcherServlet 'dispatcherServlet'
2026-04-23 18:40:33.625  INFO [http-nio-8081-exec-1] o.s.w.s.DispatcherServlet - Initializing Servlet 'dispatcherServlet'
2026-04-23 18:40:33.627  INFO [http-nio-8081-exec-1] o.s.w.s.DispatcherServlet - Completed initialization in 2 ms
2026-04-23 18:43:40.642  INFO [main] c.b.i.l.LoginApplication - Starting LoginApplication using Java 21.0.10 with PID 12377 (/Users/thiagocintra/Documents/gitdevelopment/itau/LoginService/target/classes started by thiagocintra in /Users/thiagocintra/Documents/gitdevelopment/itau/LoginService)
2026-04-23 18:43:40.648  INFO [main] c.b.i.l.LoginApplication - No active profile set, falling back to 1 default profile: "default"
2026-04-23 18:43:41.001  INFO [main] o.s.d.r.c.RepositoryConfigurationDelegate - Multiple Spring Data modules found, entering strict repository configuration mode
2026-04-23 18:43:41.002  INFO [main] o.s.d.r.c.RepositoryConfigurationDelegate - Bootstrapping Spring Data JPA repositories in DEFAULT mode.
2026-04-23 18:43:41.086  INFO [main] o.s.d.r.c.RepositoryConfigurationDelegate - Finished Spring Data repository scanning in 79 ms. Found 1 JPA repository interface.
2026-04-23 18:43:41.115  INFO [main] o.s.d.r.c.RepositoryConfigurationDelegate - Multiple Spring Data modules found, entering strict repository configuration mode
2026-04-23 18:43:41.115  INFO [main] o.s.d.r.c.RepositoryConfigurationDelegate - Bootstrapping Spring Data Redis repositories in DEFAULT mode.
2026-04-23 18:43:41.124  INFO [main] o.s.d.r.c.RepositoryConfigurationExtensionSupport - Spring Data Redis - Could not safely identify store assignment for repository candidate interface com.br.itau.login.repository.UserAccountRepository; If you want this repository to be a Redis repository, consider annotating your entities with one of these annotations: org.springframework.data.redis.core.RedisHash (preferred), or consider extending one of the following types with your repository: org.springframework.data.keyvalue.repository.KeyValueRepository
2026-04-23 18:43:41.124  INFO [main] o.s.d.r.c.RepositoryConfigurationDelegate - Finished Spring Data repository scanning in 3 ms. Found 0 Redis repository interfaces.
2026-04-23 18:43:41.417  INFO [main] o.s.b.t.TomcatWebServer - Tomcat initialized with port 8081 (http)
2026-04-23 18:43:41.426  INFO [main] o.a.c.c.StandardService - Starting service [Tomcat]
2026-04-23 18:43:41.426  INFO [main] o.a.c.c.StandardEngine - Starting Servlet engine: [Apache Tomcat/11.0.20]
2026-04-23 18:43:41.449  INFO [main] o.s.b.w.c.s.WebApplicationContextInitializer - Root WebApplicationContext: initialization completed in 777 ms
2026-04-23 18:43:41.534  WARN [main] i.n.r.d.DnsServerAddressStreamProviders - Can not find io.netty.resolver.dns.macos.MacOSDnsServerAddressStreamProvider in the classpath, fallback to system defaults. This may result in incorrect DNS resolutions on MacOS. Check whether you have a dependency on 'io.netty:netty-resolver-dns-native-macos'
2026-04-23 18:43:41.748  WARN [main] o.s.b.w.s.s.c.AnnotationConfigServletWebServerApplicationContext - Exception encountered during context initialization - cancelling refresh attempt: org.springframework.beans.factory.BeanCreationException: Error creating bean with name 'entityManagerFactory' defined in class path resource [org/springframework/boot/hibernate/autoconfigure/HibernateJpaConfiguration.class]: Failed to initialize dependency 'dataSourceScriptDatabaseInitializer' of LoadTimeWeaverAware bean 'entityManagerFactory': Error creating bean with name 'dataSourceScriptDatabaseInitializer' defined in class path resource [org/springframework/boot/jdbc/autoconfigure/DataSourceInitializationAutoConfiguration.class]: Unsatisfied dependency expressed through method 'dataSourceScriptDatabaseInitializer' parameter 0: Error creating bean with name 'dataSource' defined in class path resource [org/springframework/boot/jdbc/autoconfigure/DataSourceConfiguration$Hikari.class]: Failed to instantiate [com.zaxxer.hikari.HikariDataSource]: Factory method 'dataSource' threw exception with message: Cannot load driver class: org.h2.Driver
2026-04-23 18:43:41.859  INFO [main] o.a.c.c.StandardService - Stopping service [Tomcat]
2026-04-23 18:43:41.867  INFO [main] o.s.b.a.l.ConditionEvaluationReportLogger - 

Error starting ApplicationContext. To display the condition evaluation report re-run your application with 'debug' enabled.
2026-04-23 18:43:41.875 ERROR [main] o.s.b.SpringApplication - Application run failed
org.springframework.beans.factory.BeanCreationException: Error creating bean with name 'entityManagerFactory' defined in class path resource [org/springframework/boot/hibernate/autoconfigure/HibernateJpaConfiguration.class]: Failed to initialize dependency 'dataSourceScriptDatabaseInitializer' of LoadTimeWeaverAware bean 'entityManagerFactory': Error creating bean with name 'dataSourceScriptDatabaseInitializer' defined in class path resource [org/springframework/boot/jdbc/autoconfigure/DataSourceInitializationAutoConfiguration.class]: Unsatisfied dependency expressed through method 'dataSourceScriptDatabaseInitializer' parameter 0: Error creating bean with name 'dataSource' defined in class path resource [org/springframework/boot/jdbc/autoconfigure/DataSourceConfiguration$Hikari.class]: Failed to instantiate [com.zaxxer.hikari.HikariDataSource]: Factory method 'dataSource' threw exception with message: Cannot load driver class: org.h2.Driver
	at org.springframework.beans.factory.support.AbstractBeanFactory.doGetBean(AbstractBeanFactory.java:322)
	at org.springframework.beans.factory.support.AbstractBeanFactory.getBean(AbstractBeanFactory.java:201)
	at org.springframework.context.support.AbstractApplicationContext.finishBeanFactoryInitialization(AbstractApplicationContext.java:977)
	at org.springframework.context.support.AbstractApplicationContext.refresh(AbstractApplicationContext.java:621)
	at org.springframework.boot.web.server.servlet.context.ServletWebServerApplicationContext.refresh(ServletWebServerApplicationContext.java:143)
	at org.springframework.boot.SpringApplication.refresh(SpringApplication.java:756)
	at org.springframework.boot.SpringApplication.refreshContext(SpringApplication.java:445)
	at org.springframework.boot.SpringApplication.run(SpringApplication.java:321)
	at org.springframework.boot.SpringApplication.run(SpringApplication.java:1365)
	at org.springframework.boot.SpringApplication.run(SpringApplication.java:1354)
	at com.br.itau.login.LoginApplication.main(LoginApplication.java:10)
Caused by: org.springframework.beans.factory.UnsatisfiedDependencyException: Error creating bean with name 'dataSourceScriptDatabaseInitializer' defined in class path resource [org/springframework/boot/jdbc/autoconfigure/DataSourceInitializationAutoConfiguration.class]: Unsatisfied dependency expressed through method 'dataSourceScriptDatabaseInitializer' parameter 0: Error creating bean with name 'dataSource' defined in class path resource [org/springframework/boot/jdbc/autoconfigure/DataSourceConfiguration$Hikari.class]: Failed to instantiate [com.zaxxer.hikari.HikariDataSource]: Factory method 'dataSource' threw exception with message: Cannot load driver class: org.h2.Driver
	at org.springframework.beans.factory.support.ConstructorResolver.createArgumentArray(ConstructorResolver.java:804)
	at org.springframework.beans.factory.support.ConstructorResolver.instantiateUsingFactoryMethod(ConstructorResolver.java:546)
	at org.springframework.beans.factory.support.AbstractAutowireCapableBeanFactory.instantiateUsingFactoryMethod(AbstractAutowireCapableBeanFactory.java:1362)
	at org.springframework.beans.factory.support.AbstractAutowireCapableBeanFactory.createBeanInstance(AbstractAutowireCapableBeanFactory.java:1194)
	at org.springframework.beans.factory.support.AbstractAutowireCapableBeanFactory.doCreateBean(AbstractAutowireCapableBeanFactory.java:565)
	at org.springframework.beans.factory.support.AbstractAutowireCapableBeanFactory.createBean(AbstractAutowireCapableBeanFactory.java:525)
	at org.springframework.beans.factory.support.AbstractBeanFactory.lambda$doGetBean$0(AbstractBeanFactory.java:333)
	at org.springframework.beans.factory.support.DefaultSingletonBeanRegistry.getSingleton(DefaultSingletonBeanRegistry.java:371)
	at org.springframework.beans.factory.support.AbstractBeanFactory.doGetBean(AbstractBeanFactory.java:331)
	at org.springframework.beans.factory.support.AbstractBeanFactory.getBean(AbstractBeanFactory.java:196)
	at org.springframework.beans.factory.support.AbstractBeanFactory.doGetBean(AbstractBeanFactory.java:309)
	... 10 common frames omitted
Caused by: org.springframework.beans.factory.BeanCreationException: Error creating bean with name 'dataSource' defined in class path resource [org/springframework/boot/jdbc/autoconfigure/DataSourceConfiguration$Hikari.class]: Failed to instantiate [com.zaxxer.hikari.HikariDataSource]: Factory method 'dataSource' threw exception with message: Cannot load driver class: org.h2.Driver
	at org.springframework.beans.factory.support.ConstructorResolver.instantiate(ConstructorResolver.java:657)
	at org.springframework.beans.factory.support.ConstructorResolver.instantiateUsingFactoryMethod(ConstructorResolver.java:645)
	at org.springframework.beans.factory.support.AbstractAutowireCapableBeanFactory.instantiateUsingFactoryMethod(AbstractAutowireCapableBeanFactory.java:1362)
	at org.springframework.beans.factory.support.AbstractAutowireCapableBeanFactory.createBeanInstance(AbstractAutowireCapableBeanFactory.java:1194)
	at org.springframework.beans.factory.support.AbstractAutowireCapableBeanFactory.doCreateBean(AbstractAutowireCapableBeanFactory.java:565)
	at org.springframework.beans.factory.support.AbstractAutowireCapableBeanFactory.createBean(AbstractAutowireCapableBeanFactory.java:525)
	at org.springframework.beans.factory.support.AbstractBeanFactory.lambda$doGetBean$0(AbstractBeanFactory.java:333)
	at org.springframework.beans.factory.support.DefaultSingletonBeanRegistry.getSingleton(DefaultSingletonBeanRegistry.java:371)
	at org.springframework.beans.factory.support.AbstractBeanFactory.doGetBean(AbstractBeanFactory.java:331)
	at org.springframework.beans.factory.support.AbstractBeanFactory.getBean(AbstractBeanFactory.java:201)
	at org.springframework.beans.factory.support.DefaultListableBeanFactory.resolveBean(DefaultListableBeanFactory.java:1225)
	at org.springframework.beans.factory.support.DefaultListableBeanFactory.doResolveDependency(DefaultListableBeanFactory.java:1704)
	at org.springframework.beans.factory.support.DefaultListableBeanFactory.resolveDependency(DefaultListableBeanFactory.java:1651)
	at org.springframework.beans.factory.support.ConstructorResolver.resolveAutowiredArgument(ConstructorResolver.java:912)
	at org.springframework.beans.factory.support.ConstructorResolver.createArgumentArray(ConstructorResolver.java:791)
	... 20 common frames omitted
Caused by: org.springframework.beans.BeanInstantiationException: Failed to instantiate [com.zaxxer.hikari.HikariDataSource]: Factory method 'dataSource' threw exception with message: Cannot load driver class: org.h2.Driver
	at org.springframework.beans.factory.support.SimpleInstantiationStrategy.lambda$instantiate$0(SimpleInstantiationStrategy.java:183)
	at org.springframework.beans.factory.support.SimpleInstantiationStrategy.instantiateWithFactoryMethod(SimpleInstantiationStrategy.java:72)
	at org.springframework.beans.factory.support.SimpleInstantiationStrategy.instantiate(SimpleInstantiationStrategy.java:152)
	at org.springframework.beans.factory.support.ConstructorResolver.instantiate(ConstructorResolver.java:653)
	... 34 common frames omitted
Caused by: java.lang.IllegalStateException: Cannot load driver class: org.h2.Driver
	at org.springframework.util.Assert.state(Assert.java:102)
	at org.springframework.boot.jdbc.autoconfigure.DataSourceProperties.findDriverClassName(DataSourceProperties.java:187)
	at org.springframework.boot.jdbc.autoconfigure.DataSourceProperties.determineDriverClassName(DataSourceProperties.java:177)
	at org.springframework.boot.jdbc.autoconfigure.PropertiesJdbcConnectionDetails.getDriverClassName(PropertiesJdbcConnectionDetails.java:51)
	at org.springframework.boot.jdbc.autoconfigure.DataSourceConfiguration.createDataSource(DataSourceConfiguration.java:63)
	at org.springframework.boot.jdbc.autoconfigure.DataSourceConfiguration$Hikari.dataSource(DataSourceConfiguration.java:128)
	at java.base/jdk.internal.reflect.DirectMethodHandleAccessor.invoke(DirectMethodHandleAccessor.java:103)
	at java.base/java.lang.reflect.Method.invoke(Method.java:580)
	at org.springframework.beans.factory.support.SimpleInstantiationStrategy.lambda$instantiate$0(SimpleInstantiationStrategy.java:155)
	... 37 common frames omitted
2026-04-23 18:44:32.503  INFO [main] c.b.i.l.LoginApplication - Starting LoginApplication using Java 21.0.10 with PID 12488 (/Users/thiagocintra/Documents/gitdevelopment/itau/LoginService/target/classes started by thiagocintra in /Users/thiagocintra/Documents/gitdevelopment/itau/LoginService)
2026-04-23 18:44:32.509  INFO [main] c.b.i.l.LoginApplication - No active profile set, falling back to 1 default profile: "default"
2026-04-23 18:44:32.835  INFO [main] o.s.d.r.c.RepositoryConfigurationDelegate - Multiple Spring Data modules found, entering strict repository configuration mode
2026-04-23 18:44:32.836  INFO [main] o.s.d.r.c.RepositoryConfigurationDelegate - Bootstrapping Spring Data JPA repositories in DEFAULT mode.
2026-04-23 18:44:32.914  INFO [main] o.s.d.r.c.RepositoryConfigurationDelegate - Finished Spring Data repository scanning in 74 ms. Found 1 JPA repository interface.
2026-04-23 18:44:32.942  INFO [main] o.s.d.r.c.RepositoryConfigurationDelegate - Multiple Spring Data modules found, entering strict repository configuration mode
2026-04-23 18:44:32.942  INFO [main] o.s.d.r.c.RepositoryConfigurationDelegate - Bootstrapping Spring Data Redis repositories in DEFAULT mode.
2026-04-23 18:44:32.951  INFO [main] o.s.d.r.c.RepositoryConfigurationExtensionSupport - Spring Data Redis - Could not safely identify store assignment for repository candidate interface com.br.itau.login.repository.UserAccountRepository; If you want this repository to be a Redis repository, consider annotating your entities with one of these annotations: org.springframework.data.redis.core.RedisHash (preferred), or consider extending one of the following types with your repository: org.springframework.data.keyvalue.repository.KeyValueRepository
2026-04-23 18:44:32.951  INFO [main] o.s.d.r.c.RepositoryConfigurationDelegate - Finished Spring Data repository scanning in 3 ms. Found 0 Redis repository interfaces.
2026-04-23 18:44:33.236  INFO [main] o.s.b.t.TomcatWebServer - Tomcat initialized with port 8081 (http)
2026-04-23 18:44:33.244  INFO [main] o.a.c.c.StandardService - Starting service [Tomcat]
2026-04-23 18:44:33.245  INFO [main] o.a.c.c.StandardEngine - Starting Servlet engine: [Apache Tomcat/11.0.20]
2026-04-23 18:44:33.267  INFO [main] o.s.b.w.c.s.WebApplicationContextInitializer - Root WebApplicationContext: initialization completed in 737 ms
2026-04-23 18:44:33.352  WARN [main] i.n.r.d.DnsServerAddressStreamProviders - Can not find io.netty.resolver.dns.macos.MacOSDnsServerAddressStreamProvider in the classpath, fallback to system defaults. This may result in incorrect DNS resolutions on MacOS. Check whether you have a dependency on 'io.netty:netty-resolver-dns-native-macos'
2026-04-23 18:44:33.615  INFO [main] o.h.o.jpa - HHH008540: Processing PersistenceUnitInfo [name: default]
2026-04-23 18:44:33.646  INFO [main] o.h.o.core - HHH000001: Hibernate ORM core version 7.2.7.Final
2026-04-23 18:44:33.846  INFO [main] o.s.o.j.p.SpringPersistenceUnitInfo - No LoadTimeWeaver setup: ignoring JPA class transformer
2026-04-23 18:44:33.864  INFO [main] c.z.h.HikariDataSource - HikariPool-1 - Starting...
2026-04-23 18:44:33.962  INFO [main] c.z.h.p.HikariPool - HikariPool-1 - Added connection conn0: url=jdbc:h2:mem:alunos_db user=SA
2026-04-23 18:44:33.962  INFO [main] c.z.h.HikariDataSource - HikariPool-1 - Start completed.
2026-04-23 18:44:33.992  INFO [main] o.h.o.c.pooling - HHH10001005: Database info:
	Database JDBC URL [jdbc:h2:mem:alunos_db]
	Database driver: H2 JDBC Driver
	Database dialect: H2Dialect
	Database version: 2.4.240
	Default catalog/schema: ALUNOS_DB/PUBLIC
	Autocommit mode: undefined/unknown
	Isolation level: READ_COMMITTED [default READ_COMMITTED]
	JDBC fetch size: 100
	Pool: DataSourceConnectionProvider
	Minimum pool size: undefined/unknown
	Maximum pool size: undefined/unknown
2026-04-23 18:44:34.396  INFO [main] o.h.o.core - HHH000489: No JTA platform available (set 'hibernate.transaction.jta.platform' to enable JTA platform integration)
2026-04-23 18:44:34.398  INFO [main] o.h.o.j.batch - HHH100501: Automatic JDBC statement batching enabled (maximum batch size 100)
2026-04-23 18:44:34.425  INFO [main] o.s.o.j.LocalContainerEntityManagerFactoryBean - Initialized JPA EntityManagerFactory for persistence unit 'default'
2026-04-23 18:44:34.472  INFO [main] o.s.d.j.r.q.QueryEnhancerFactories - Hibernate is in classpath; If applicable, HQL parser will be used.
2026-04-23 18:44:34.986  INFO [main] o.s.b.t.TomcatWebServer - Tomcat started on port 8081 (http) with context path '/api/v1'
2026-04-23 18:44:34.989  INFO [main] c.b.i.l.LoginApplication - Started LoginApplication in 2.692 seconds (process running for 2.857)
2026-04-23 18:45:38.696  INFO [main] c.b.i.l.LoginApplication - Starting LoginApplication using Java 21.0.10 with PID 12551 (/Users/thiagocintra/Documents/gitdevelopment/itau/LoginService/target/classes started by thiagocintra in /Users/thiagocintra/Documents/gitdevelopment/itau/LoginService)
2026-04-23 18:45:38.698  INFO [main] c.b.i.l.LoginApplication - No active profile set, falling back to 1 default profile: "default"
2026-04-23 18:45:39.059  INFO [main] o.s.d.r.c.RepositoryConfigurationDelegate - Multiple Spring Data modules found, entering strict repository configuration mode
2026-04-23 18:45:39.059  INFO [main] o.s.d.r.c.RepositoryConfigurationDelegate - Bootstrapping Spring Data JPA repositories in DEFAULT mode.
2026-04-23 18:45:39.132  INFO [main] o.s.d.r.c.RepositoryConfigurationDelegate - Finished Spring Data repository scanning in 69 ms. Found 1 JPA repository interface.
2026-04-23 18:45:39.159  INFO [main] o.s.d.r.c.RepositoryConfigurationDelegate - Multiple Spring Data modules found, entering strict repository configuration mode
2026-04-23 18:45:39.159  INFO [main] o.s.d.r.c.RepositoryConfigurationDelegate - Bootstrapping Spring Data Redis repositories in DEFAULT mode.
2026-04-23 18:45:39.167  INFO [main] o.s.d.r.c.RepositoryConfigurationExtensionSupport - Spring Data Redis - Could not safely identify store assignment for repository candidate interface com.br.itau.login.repository.UserAccountRepository; If you want this repository to be a Redis repository, consider annotating your entities with one of these annotations: org.springframework.data.redis.core.RedisHash (preferred), or consider extending one of the following types with your repository: org.springframework.data.keyvalue.repository.KeyValueRepository
2026-04-23 18:45:39.167  INFO [main] o.s.d.r.c.RepositoryConfigurationDelegate - Finished Spring Data repository scanning in 3 ms. Found 0 Redis repository interfaces.
2026-04-23 18:45:39.449  INFO [main] o.s.b.t.TomcatWebServer - Tomcat initialized with port 8081 (http)
2026-04-23 18:45:39.458  INFO [main] o.a.c.c.StandardService - Starting service [Tomcat]
2026-04-23 18:45:39.458  INFO [main] o.a.c.c.StandardEngine - Starting Servlet engine: [Apache Tomcat/11.0.20]
2026-04-23 18:45:39.481  INFO [main] o.s.b.w.c.s.WebApplicationContextInitializer - Root WebApplicationContext: initialization completed in 762 ms
2026-04-23 18:45:39.564  WARN [main] i.n.r.d.DnsServerAddressStreamProviders - Can not find io.netty.resolver.dns.macos.MacOSDnsServerAddressStreamProvider in the classpath, fallback to system defaults. This may result in incorrect DNS resolutions on MacOS. Check whether you have a dependency on 'io.netty:netty-resolver-dns-native-macos'
2026-04-23 18:45:39.818  INFO [main] o.h.o.jpa - HHH008540: Processing PersistenceUnitInfo [name: default]
2026-04-23 18:45:39.843  INFO [main] o.h.o.core - HHH000001: Hibernate ORM core version 7.2.7.Final
2026-04-23 18:45:40.034  INFO [main] o.s.o.j.p.SpringPersistenceUnitInfo - No LoadTimeWeaver setup: ignoring JPA class transformer
2026-04-23 18:45:40.049  INFO [main] c.z.h.HikariDataSource - HikariPool-1 - Starting...
2026-04-23 18:45:40.139  INFO [main] c.z.h.p.HikariPool - HikariPool-1 - Added connection conn0: url=jdbc:h2:mem:alunos_db user=SA
2026-04-23 18:45:40.140  INFO [main] c.z.h.HikariDataSource - HikariPool-1 - Start completed.
2026-04-23 18:45:40.167  INFO [main] o.h.o.c.pooling - HHH10001005: Database info:
	Database JDBC URL [jdbc:h2:mem:alunos_db]
	Database driver: H2 JDBC Driver
	Database dialect: H2Dialect
	Database version: 2.4.240
	Default catalog/schema: ALUNOS_DB/PUBLIC
	Autocommit mode: undefined/unknown
	Isolation level: READ_COMMITTED [default READ_COMMITTED]
	JDBC fetch size: 100
	Pool: DataSourceConnectionProvider
	Minimum pool size: undefined/unknown
	Maximum pool size: undefined/unknown
2026-04-23 18:45:40.561  INFO [main] o.h.o.core - HHH000489: No JTA platform available (set 'hibernate.transaction.jta.platform' to enable JTA platform integration)
2026-04-23 18:45:40.562  INFO [main] o.h.o.j.batch - HHH100501: Automatic JDBC statement batching enabled (maximum batch size 100)
2026-04-23 18:45:40.594  INFO [main] o.s.o.j.LocalContainerEntityManagerFactoryBean - Initialized JPA EntityManagerFactory for persistence unit 'default'
2026-04-23 18:45:40.643  INFO [main] o.s.d.j.r.q.QueryEnhancerFactories - Hibernate is in classpath; If applicable, HQL parser will be used.
2026-04-23 18:45:41.262  WARN [main] o.s.b.w.s.s.c.AnnotationConfigServletWebServerApplicationContext - Exception encountered during context initialization - cancelling refresh attempt: org.springframework.context.ApplicationContextException: Failed to start bean 'webServerStartStop'
2026-04-23 18:45:41.265  INFO [main] o.s.o.j.LocalContainerEntityManagerFactoryBean - Closing JPA EntityManagerFactory for persistence unit 'default'
2026-04-23 18:45:41.266  INFO [main] c.z.h.HikariDataSource - HikariPool-1 - Shutdown initiated...
2026-04-23 18:45:41.267  INFO [main] c.z.h.HikariDataSource - HikariPool-1 - Shutdown completed.
2026-04-23 18:45:41.274  INFO [main] o.s.b.a.l.ConditionEvaluationReportLogger - 

Error starting ApplicationContext. To display the condition evaluation report re-run your application with 'debug' enabled.
2026-04-23 18:45:41.282 ERROR [main] o.s.b.d.LoggingFailureAnalysisReporter - 

***************************
APPLICATION FAILED TO START
***************************

Description:

Web server failed to start. Port 8081 was already in use.

Action:

Identify and stop the process that's listening on port 8081 or configure this application to listen on another port.

2026-04-23 18:45:52.173  INFO [http-nio-8081-exec-1] o.a.c.c.C.[.[.[/api/v1] - Initializing Spring DispatcherServlet 'dispatcherServlet'
2026-04-23 18:45:52.177  INFO [http-nio-8081-exec-1] o.s.w.s.DispatcherServlet - Initializing Servlet 'dispatcherServlet'
2026-04-23 18:45:52.180  INFO [http-nio-8081-exec-1] o.s.w.s.DispatcherServlet - Completed initialization in 3 ms
2026-04-23 18:56:27.083  WARN [HikariPool-1:housekeeper] c.z.h.p.HikariPool - HikariPool-1 - Thread starvation or clock leap detected (housekeeper delta=6m22s980ms).
2026-04-23 19:01:27.075  INFO [main] c.b.i.l.LoginApplication - Starting LoginApplication using Java 21.0.10 with PID 12969 (/Users/thiagocintra/Documents/gitdevelopment/itau/LoginService/target/classes started by thiagocintra in /Users/thiagocintra/Documents/gitdevelopment/itau/LoginService)
2026-04-23 19:01:27.083  INFO [main] c.b.i.l.LoginApplication - No active profile set, falling back to 1 default profile: "default"
2026-04-23 19:01:27.485  INFO [main] o.s.d.r.c.RepositoryConfigurationDelegate - Multiple Spring Data modules found, entering strict repository configuration mode
2026-04-23 19:01:27.486  INFO [main] o.s.d.r.c.RepositoryConfigurationDelegate - Bootstrapping Spring Data JPA repositories in DEFAULT mode.
2026-04-23 19:01:27.607  INFO [main] o.s.d.r.c.RepositoryConfigurationDelegate - Finished Spring Data repository scanning in 113 ms. Found 1 JPA repository interface.
2026-04-23 19:01:27.651  INFO [main] o.s.d.r.c.RepositoryConfigurationDelegate - Multiple Spring Data modules found, entering strict repository configuration mode
2026-04-23 19:01:27.651  INFO [main] o.s.d.r.c.RepositoryConfigurationDelegate - Bootstrapping Spring Data Redis repositories in DEFAULT mode.
2026-04-23 19:01:27.660  INFO [main] o.s.d.r.c.RepositoryConfigurationExtensionSupport - Spring Data Redis - Could not safely identify store assignment for repository candidate interface com.br.itau.login.repository.UserAccountRepository; If you want this repository to be a Redis repository, consider annotating your entities with one of these annotations: org.springframework.data.redis.core.RedisHash (preferred), or consider extending one of the following types with your repository: org.springframework.data.keyvalue.repository.KeyValueRepository
2026-04-23 19:01:27.660  INFO [main] o.s.d.r.c.RepositoryConfigurationDelegate - Finished Spring Data repository scanning in 3 ms. Found 0 Redis repository interfaces.
2026-04-23 19:01:27.932  INFO [main] o.s.b.t.TomcatWebServer - Tomcat initialized with port 8081 (http)
2026-04-23 19:01:27.940  INFO [main] o.a.c.c.StandardService - Starting service [Tomcat]
2026-04-23 19:01:27.940  INFO [main] o.a.c.c.StandardEngine - Starting Servlet engine: [Apache Tomcat/11.0.20]
2026-04-23 19:01:27.979  INFO [main] o.s.b.w.c.s.WebApplicationContextInitializer - Root WebApplicationContext: initialization completed in 875 ms
2026-04-23 19:01:28.110  WARN [main] i.n.r.d.DnsServerAddressStreamProviders - Can not find io.netty.resolver.dns.macos.MacOSDnsServerAddressStreamProvider in the classpath, fallback to system defaults. This may result in incorrect DNS resolutions on MacOS. Check whether you have a dependency on 'io.netty:netty-resolver-dns-native-macos'
2026-04-23 19:01:28.364  INFO [main] o.h.o.jpa - HHH008540: Processing PersistenceUnitInfo [name: default]
2026-04-23 19:01:28.394  INFO [main] o.h.o.core - HHH000001: Hibernate ORM core version 7.2.7.Final
2026-04-23 19:01:28.586  INFO [main] o.s.o.j.p.SpringPersistenceUnitInfo - No LoadTimeWeaver setup: ignoring JPA class transformer
2026-04-23 19:01:28.602  INFO [main] c.z.h.HikariDataSource - HikariPool-1 - Starting...
2026-04-23 19:01:28.697  INFO [main] c.z.h.p.HikariPool - HikariPool-1 - Added connection conn0: url=jdbc:h2:mem:alunos_db user=SA
2026-04-23 19:01:28.698  INFO [main] c.z.h.HikariDataSource - HikariPool-1 - Start completed.
2026-04-23 19:01:28.727  INFO [main] o.h.o.c.pooling - HHH10001005: Database info:
	Database JDBC URL [jdbc:h2:mem:alunos_db]
	Database driver: H2 JDBC Driver
	Database dialect: H2Dialect
	Database version: 2.4.240
	Default catalog/schema: ALUNOS_DB/PUBLIC
	Autocommit mode: undefined/unknown
	Isolation level: READ_COMMITTED [default READ_COMMITTED]
	JDBC fetch size: 100
	Pool: DataSourceConnectionProvider
	Minimum pool size: undefined/unknown
	Maximum pool size: undefined/unknown
2026-04-23 19:01:29.111  INFO [main] o.h.o.core - HHH000489: No JTA platform available (set 'hibernate.transaction.jta.platform' to enable JTA platform integration)
2026-04-23 19:01:29.112  INFO [main] o.h.o.j.batch - HHH100501: Automatic JDBC statement batching enabled (maximum batch size 100)
2026-04-23 19:01:29.146  INFO [main] o.s.o.j.LocalContainerEntityManagerFactoryBean - Initialized JPA EntityManagerFactory for persistence unit 'default'
2026-04-23 19:01:29.194  INFO [main] o.s.d.j.r.q.QueryEnhancerFactories - Hibernate is in classpath; If applicable, HQL parser will be used.
2026-04-23 19:01:29.693  INFO [main] o.s.b.t.TomcatWebServer - Tomcat started on port 8081 (http) with context path '/api/v1'
2026-04-23 19:01:29.696  INFO [main] c.b.i.l.LoginApplication - Started LoginApplication in 2.856 seconds (process running for 3.037)
2026-04-23 19:01:53.112  INFO [http-nio-8081-exec-1] o.a.c.c.C.[.[.[/api/v1] - Initializing Spring DispatcherServlet 'dispatcherServlet'
2026-04-23 19:01:53.112  INFO [http-nio-8081-exec-1] o.s.w.s.DispatcherServlet - Initializing Servlet 'dispatcherServlet'
2026-04-23 19:01:53.115  INFO [http-nio-8081-exec-1] o.s.w.s.DispatcherServlet - Completed initialization in 2 ms
2026-04-23 19:04:39.604  INFO [main] c.b.i.l.LoginApplication - Starting LoginApplication using Java 21.0.10 with PID 13089 (/Users/thiagocintra/Documents/gitdevelopment/itau/LoginService/target/classes started by thiagocintra in /Users/thiagocintra/Documents/gitdevelopment/itau/LoginService)
2026-04-23 19:04:39.610  INFO [main] c.b.i.l.LoginApplication - No active profile set, falling back to 1 default profile: "default"
2026-04-23 19:04:39.924  INFO [main] o.s.d.r.c.RepositoryConfigurationDelegate - Multiple Spring Data modules found, entering strict repository configuration mode
2026-04-23 19:04:39.924  INFO [main] o.s.d.r.c.RepositoryConfigurationDelegate - Bootstrapping Spring Data JPA repositories in DEFAULT mode.
2026-04-23 19:04:39.994  INFO [main] o.s.d.r.c.RepositoryConfigurationDelegate - Finished Spring Data repository scanning in 65 ms. Found 1 JPA repository interface.
2026-04-23 19:04:40.022  INFO [main] o.s.d.r.c.RepositoryConfigurationDelegate - Multiple Spring Data modules found, entering strict repository configuration mode
2026-04-23 19:04:40.023  INFO [main] o.s.d.r.c.RepositoryConfigurationDelegate - Bootstrapping Spring Data Redis repositories in DEFAULT mode.
2026-04-23 19:04:40.031  INFO [main] o.s.d.r.c.RepositoryConfigurationExtensionSupport - Spring Data Redis - Could not safely identify store assignment for repository candidate interface com.br.itau.login.repository.UserAccountRepository; If you want this repository to be a Redis repository, consider annotating your entities with one of these annotations: org.springframework.data.redis.core.RedisHash (preferred), or consider extending one of the following types with your repository: org.springframework.data.keyvalue.repository.KeyValueRepository
2026-04-23 19:04:40.031  INFO [main] o.s.d.r.c.RepositoryConfigurationDelegate - Finished Spring Data repository scanning in 3 ms. Found 0 Redis repository interfaces.
2026-04-23 19:04:40.300  INFO [main] o.s.b.t.TomcatWebServer - Tomcat initialized with port 8081 (http)
2026-04-23 19:04:40.307  INFO [main] o.a.c.c.StandardService - Starting service [Tomcat]
2026-04-23 19:04:40.308  INFO [main] o.a.c.c.StandardEngine - Starting Servlet engine: [Apache Tomcat/11.0.20]
2026-04-23 19:04:40.328  INFO [main] o.s.b.w.c.s.WebApplicationContextInitializer - Root WebApplicationContext: initialization completed in 697 ms
2026-04-23 19:04:40.407  WARN [main] i.n.r.d.DnsServerAddressStreamProviders - Can not find io.netty.resolver.dns.macos.MacOSDnsServerAddressStreamProvider in the classpath, fallback to system defaults. This may result in incorrect DNS resolutions on MacOS. Check whether you have a dependency on 'io.netty:netty-resolver-dns-native-macos'
2026-04-23 19:04:40.660  INFO [main] o.h.o.jpa - HHH008540: Processing PersistenceUnitInfo [name: default]
2026-04-23 19:04:40.689  INFO [main] o.h.o.core - HHH000001: Hibernate ORM core version 7.2.7.Final
2026-04-23 19:04:40.873  INFO [main] o.s.o.j.p.SpringPersistenceUnitInfo - No LoadTimeWeaver setup: ignoring JPA class transformer
2026-04-23 19:04:40.888  INFO [main] c.z.h.HikariDataSource - HikariPool-1 - Starting...
2026-04-23 19:04:40.981  INFO [main] c.z.h.p.HikariPool - HikariPool-1 - Added connection conn0: url=jdbc:h2:mem:alunos_db user=SA
2026-04-23 19:04:40.981  INFO [main] c.z.h.HikariDataSource - HikariPool-1 - Start completed.
2026-04-23 19:04:41.009  INFO [main] o.h.o.c.pooling - HHH10001005: Database info:
	Database JDBC URL [jdbc:h2:mem:alunos_db]
	Database driver: H2 JDBC Driver
	Database dialect: H2Dialect
	Database version: 2.4.240
	Default catalog/schema: ALUNOS_DB/PUBLIC
	Autocommit mode: undefined/unknown
	Isolation level: READ_COMMITTED [default READ_COMMITTED]
	JDBC fetch size: 100
	Pool: DataSourceConnectionProvider
	Minimum pool size: undefined/unknown
	Maximum pool size: undefined/unknown
2026-04-23 19:04:41.411  INFO [main] o.h.o.core - HHH000489: No JTA platform available (set 'hibernate.transaction.jta.platform' to enable JTA platform integration)
2026-04-23 19:04:41.413  INFO [main] o.h.o.j.batch - HHH100501: Automatic JDBC statement batching enabled (maximum batch size 100)
2026-04-23 19:04:41.452  INFO [main] o.s.o.j.LocalContainerEntityManagerFactoryBean - Initialized JPA EntityManagerFactory for persistence unit 'default'
2026-04-23 19:04:41.529  INFO [main] o.s.d.j.r.q.QueryEnhancerFactories - Hibernate is in classpath; If applicable, HQL parser will be used.
2026-04-23 19:04:42.048  INFO [main] o.s.b.t.TomcatWebServer - Tomcat started on port 8081 (http) with context path '/api/v1'
2026-04-23 19:04:42.052  INFO [main] c.b.i.l.LoginApplication - Started LoginApplication in 2.649 seconds (process running for 2.826)
2026-04-23 19:06:58.664  INFO [SpringApplicationShutdownHook] o.s.b.t.GracefulShutdown - Commencing graceful shutdown. Waiting for active requests to complete
2026-04-23 19:06:58.697  INFO [tomcat-shutdown] o.s.b.t.GracefulShutdown - Graceful shutdown complete
2026-04-23 19:06:58.814  INFO [SpringApplicationShutdownHook] o.s.o.j.LocalContainerEntityManagerFactoryBean - Closing JPA EntityManagerFactory for persistence unit 'default'
2026-04-23 19:06:58.816  INFO [SpringApplicationShutdownHook] c.z.h.HikariDataSource - HikariPool-1 - Shutdown initiated...
2026-04-23 19:06:58.817  INFO [SpringApplicationShutdownHook] c.z.h.HikariDataSource - HikariPool-1 - Shutdown completed.
2026-04-23 19:07:06.303  INFO [main] c.b.i.l.LoginApplication - Starting LoginApplication using Java 21.0.10 with PID 13174 (/Users/thiagocintra/Documents/gitdevelopment/itau/LoginService/target/classes started by thiagocintra in /Users/thiagocintra/Documents/gitdevelopment/itau/LoginService)
2026-04-23 19:07:06.305  INFO [main] c.b.i.l.LoginApplication - No active profile set, falling back to 1 default profile: "default"
2026-04-23 19:07:06.612  INFO [main] o.s.d.r.c.RepositoryConfigurationDelegate - Multiple Spring Data modules found, entering strict repository configuration mode
2026-04-23 19:07:06.613  INFO [main] o.s.d.r.c.RepositoryConfigurationDelegate - Bootstrapping Spring Data JPA repositories in DEFAULT mode.
2026-04-23 19:07:06.685  INFO [main] o.s.d.r.c.RepositoryConfigurationDelegate - Finished Spring Data repository scanning in 68 ms. Found 1 JPA repository interface.
2026-04-23 19:07:06.712  INFO [main] o.s.d.r.c.RepositoryConfigurationDelegate - Multiple Spring Data modules found, entering strict repository configuration mode
2026-04-23 19:07:06.712  INFO [main] o.s.d.r.c.RepositoryConfigurationDelegate - Bootstrapping Spring Data Redis repositories in DEFAULT mode.
2026-04-23 19:07:06.719  INFO [main] o.s.d.r.c.RepositoryConfigurationExtensionSupport - Spring Data Redis - Could not safely identify store assignment for repository candidate interface com.br.itau.login.repository.UserAccountRepository; If you want this repository to be a Redis repository, consider annotating your entities with one of these annotations: org.springframework.data.redis.core.RedisHash (preferred), or consider extending one of the following types with your repository: org.springframework.data.keyvalue.repository.KeyValueRepository
2026-04-23 19:07:06.719  INFO [main] o.s.d.r.c.RepositoryConfigurationDelegate - Finished Spring Data repository scanning in 2 ms. Found 0 Redis repository interfaces.
2026-04-23 19:07:06.997  INFO [main] o.s.b.t.TomcatWebServer - Tomcat initialized with port 8081 (http)
2026-04-23 19:07:07.004  INFO [main] o.a.c.c.StandardService - Starting service [Tomcat]
2026-04-23 19:07:07.004  INFO [main] o.a.c.c.StandardEngine - Starting Servlet engine: [Apache Tomcat/11.0.20]
2026-04-23 19:07:07.025  INFO [main] o.s.b.w.c.s.WebApplicationContextInitializer - Root WebApplicationContext: initialization completed in 692 ms
2026-04-23 19:07:07.105  WARN [main] i.n.r.d.DnsServerAddressStreamProviders - Can not find io.netty.resolver.dns.macos.MacOSDnsServerAddressStreamProvider in the classpath, fallback to system defaults. This may result in incorrect DNS resolutions on MacOS. Check whether you have a dependency on 'io.netty:netty-resolver-dns-native-macos'
2026-04-23 19:07:07.368  INFO [main] o.h.o.jpa - HHH008540: Processing PersistenceUnitInfo [name: default]
2026-04-23 19:07:07.392  INFO [main] o.h.o.core - HHH000001: Hibernate ORM core version 7.2.7.Final
2026-04-23 19:07:07.572  INFO [main] o.s.o.j.p.SpringPersistenceUnitInfo - No LoadTimeWeaver setup: ignoring JPA class transformer
2026-04-23 19:07:07.586  INFO [main] c.z.h.HikariDataSource - HikariPool-1 - Starting...
2026-04-23 19:07:07.677  INFO [main] c.z.h.p.HikariPool - HikariPool-1 - Added connection conn0: url=jdbc:h2:mem:alunos_db user=SA
2026-04-23 19:07:07.678  INFO [main] c.z.h.HikariDataSource - HikariPool-1 - Start completed.
2026-04-23 19:07:07.708  INFO [main] o.h.o.c.pooling - HHH10001005: Database info:
	Database JDBC URL [jdbc:h2:mem:alunos_db]
	Database driver: H2 JDBC Driver
	Database dialect: H2Dialect
	Database version: 2.4.240
	Default catalog/schema: ALUNOS_DB/PUBLIC
	Autocommit mode: undefined/unknown
	Isolation level: READ_COMMITTED [default READ_COMMITTED]
	JDBC fetch size: 100
	Pool: DataSourceConnectionProvider
	Minimum pool size: undefined/unknown
	Maximum pool size: undefined/unknown
2026-04-23 19:07:08.090  INFO [main] o.h.o.core - HHH000489: No JTA platform available (set 'hibernate.transaction.jta.platform' to enable JTA platform integration)
2026-04-23 19:07:08.091  INFO [main] o.h.o.j.batch - HHH100501: Automatic JDBC statement batching enabled (maximum batch size 100)
2026-04-23 19:07:08.120  INFO [main] o.s.o.j.LocalContainerEntityManagerFactoryBean - Initialized JPA EntityManagerFactory for persistence unit 'default'
2026-04-23 19:07:08.185  INFO [main] o.s.d.j.r.q.QueryEnhancerFactories - Hibernate is in classpath; If applicable, HQL parser will be used.
2026-04-23 19:07:08.700  INFO [main] o.s.b.t.TomcatWebServer - Tomcat started on port 8081 (http) with context path '/api/v1'
2026-04-23 19:07:08.703  INFO [main] c.b.i.l.LoginApplication - Started LoginApplication in 2.596 seconds (process running for 2.758)
2026-04-23 19:07:27.331  INFO [http-nio-8081-exec-1] o.a.c.c.C.[.[.[/api/v1] - Initializing Spring DispatcherServlet 'dispatcherServlet'
2026-04-23 19:07:27.331  INFO [http-nio-8081-exec-1] o.s.w.s.DispatcherServlet - Initializing Servlet 'dispatcherServlet'
2026-04-23 19:07:27.334  INFO [http-nio-8081-exec-1] o.s.w.s.DispatcherServlet - Completed initialization in 3 ms
2026-04-23 19:25:37.837  WARN [HikariPool-1:housekeeper] c.z.h.p.HikariPool - HikariPool-1 - Thread starvation or clock leap detected (housekeeper delta=15m30s30ms).
2026-04-23 19:41:07.865  WARN [HikariPool-1:housekeeper] c.z.h.p.HikariPool - HikariPool-1 - Thread starvation or clock leap detected (housekeeper delta=15m30s29ms).
2026-04-23 19:56:39.581  WARN [HikariPool-1:housekeeper] c.z.h.p.HikariPool - HikariPool-1 - Thread starvation or clock leap detected (housekeeper delta=15m31s715ms).
2026-04-23 20:04:04.801  WARN [HikariPool-1:housekeeper] c.z.h.p.HikariPool - HikariPool-1 - Thread starvation or clock leap detected (housekeeper delta=7m25s220ms).
2026-04-23 20:32:08.392  WARN [HikariPool-1:housekeeper] c.z.h.p.HikariPool - HikariPool-1 - Thread starvation or clock leap detected (housekeeper delta=28m3s591ms).
2026-04-23 23:41:12.668  INFO [main] c.b.i.l.LoginApplicationTests - Starting LoginApplicationTests using Java 21.0.10 with PID 4198 (started by runner in /home/runner/work/LoginService/LoginService)
2026-04-23 23:41:12.672  INFO [main] c.b.i.l.LoginApplicationTests - The following 1 profile is active: "test"
2026-04-23 23:41:13.710  INFO [main] o.s.d.r.c.RepositoryConfigurationDelegate - Multiple Spring Data modules found, entering strict repository configuration mode
2026-04-23 23:41:13.712  INFO [main] o.s.d.r.c.RepositoryConfigurationDelegate - Bootstrapping Spring Data JPA repositories in DEFAULT mode.
2026-04-23 23:41:13.870  INFO [main] o.s.d.r.c.RepositoryConfigurationDelegate - Finished Spring Data repository scanning in 144 ms. Found 1 JPA repository interface.
2026-04-23 23:41:14.567  INFO [main] o.h.o.jpa - HHH008540: Processing PersistenceUnitInfo [name: default]
2026-04-23 23:41:14.635  INFO [main] o.h.o.core - HHH000001: Hibernate ORM core version 7.2.7.Final
2026-04-23 23:41:15.112  INFO [main] o.s.o.j.p.SpringPersistenceUnitInfo - No LoadTimeWeaver setup: ignoring JPA class transformer
2026-04-23 23:41:15.152  INFO [main] c.z.h.HikariDataSource - HikariPool-1 - Starting...
2026-04-23 23:41:15.323  INFO [main] c.z.h.p.HikariPool - HikariPool-1 - Added connection conn0: url=jdbc:h2:mem:testdb user=SA
2026-04-23 23:41:15.325  INFO [main] c.z.h.HikariDataSource - HikariPool-1 - Start completed.
2026-04-23 23:41:15.382  INFO [main] o.h.o.c.pooling - HHH10001005: Database info:
	Database JDBC URL [jdbc:h2:mem:testdb]
	Database driver: H2 JDBC Driver
	Database dialect: H2Dialect
	Database version: 2.4.240
	Default catalog/schema: TESTDB/PUBLIC
	Autocommit mode: undefined/unknown
	Isolation level: READ_COMMITTED [default READ_COMMITTED]
	JDBC fetch size: 100
	Pool: DataSourceConnectionProvider
	Minimum pool size: undefined/unknown
	Maximum pool size: undefined/unknown
2026-04-23 23:41:16.326  INFO [main] o.h.o.core - HHH000489: No JTA platform available (set 'hibernate.transaction.jta.platform' to enable JTA platform integration)
2026-04-23 23:41:16.330  INFO [main] o.h.o.j.batch - HHH100501: Automatic JDBC statement batching enabled (maximum batch size 100)
2026-04-23 23:41:16.375  INFO [main] o.s.o.j.LocalContainerEntityManagerFactoryBean - Initialized JPA EntityManagerFactory for persistence unit 'default'
2026-04-23 23:41:16.479  INFO [main] o.s.d.j.r.q.QueryEnhancerFactories - Hibernate is in classpath; If applicable, HQL parser will be used.
2026-04-23 23:41:17.827  INFO [main] o.s.s.c.a.a.c.InitializeUserDetailsBeanManagerConfigurer$InitializeUserDetailsManagerConfigurer - Global AuthenticationManager configured with UserDetailsService bean with name userDetailsServiceImpl
2026-04-23 23:41:19.738  INFO [main] c.b.i.l.LoginApplicationTests - Started LoginApplicationTests in 7.737 seconds (process running for 9.429)
2026-04-23 23:41:21.444  INFO [SpringApplicationShutdownHook] o.s.o.j.LocalContainerEntityManagerFactoryBean - Closing JPA EntityManagerFactory for persistence unit 'default'
2026-04-23 23:41:21.448  INFO [SpringApplicationShutdownHook] c.z.h.HikariDataSource - HikariPool-1 - Shutdown initiated...
2026-04-23 23:41:21.451  INFO [SpringApplicationShutdownHook] c.z.h.HikariDataSource - HikariPool-1 - Shutdown completed.
2026-04-23 23:44:06.504  INFO [main] c.b.i.l.LoginApplicationTests - Starting LoginApplicationTests using Java 21.0.10 with PID 4920 (started by runner in /home/runner/work/LoginService/LoginService)
2026-04-23 23:44:06.507  INFO [main] c.b.i.l.LoginApplicationTests - The following 1 profile is active: "test"
2026-04-23 23:44:07.568  INFO [main] o.s.d.r.c.RepositoryConfigurationDelegate - Multiple Spring Data modules found, entering strict repository configuration mode
2026-04-23 23:44:07.570  INFO [main] o.s.d.r.c.RepositoryConfigurationDelegate - Bootstrapping Spring Data JPA repositories in DEFAULT mode.
2026-04-23 23:44:07.733  INFO [main] o.s.d.r.c.RepositoryConfigurationDelegate - Finished Spring Data repository scanning in 154 ms. Found 1 JPA repository interface.
2026-04-23 23:44:08.506  INFO [main] o.h.o.jpa - HHH008540: Processing PersistenceUnitInfo [name: default]
2026-04-23 23:44:08.569  INFO [main] o.h.o.core - HHH000001: Hibernate ORM core version 7.2.7.Final
2026-04-23 23:44:09.032  INFO [main] o.s.o.j.p.SpringPersistenceUnitInfo - No LoadTimeWeaver setup: ignoring JPA class transformer
2026-04-23 23:44:09.066  INFO [main] c.z.h.HikariDataSource - HikariPool-1 - Starting...
2026-04-23 23:44:09.267  INFO [main] c.z.h.p.HikariPool - HikariPool-1 - Added connection conn0: url=jdbc:h2:mem:testdb user=SA
2026-04-23 23:44:09.269  INFO [main] c.z.h.HikariDataSource - HikariPool-1 - Start completed.
2026-04-23 23:44:09.339  INFO [main] o.h.o.c.pooling - HHH10001005: Database info:
	Database JDBC URL [jdbc:h2:mem:testdb]
	Database driver: H2 JDBC Driver
	Database dialect: H2Dialect
	Database version: 2.4.240
	Default catalog/schema: TESTDB/PUBLIC
	Autocommit mode: undefined/unknown
	Isolation level: READ_COMMITTED [default READ_COMMITTED]
	JDBC fetch size: 100
	Pool: DataSourceConnectionProvider
	Minimum pool size: undefined/unknown
	Maximum pool size: undefined/unknown
2026-04-23 23:44:10.223  INFO [main] o.h.o.core - HHH000489: No JTA platform available (set 'hibernate.transaction.jta.platform' to enable JTA platform integration)
2026-04-23 23:44:10.227  INFO [main] o.h.o.j.batch - HHH100501: Automatic JDBC statement batching enabled (maximum batch size 100)
2026-04-23 23:44:10.272  INFO [main] o.s.o.j.LocalContainerEntityManagerFactoryBean - Initialized JPA EntityManagerFactory for persistence unit 'default'
2026-04-23 23:44:10.406  INFO [main] o.s.d.j.r.q.QueryEnhancerFactories - Hibernate is in classpath; If applicable, HQL parser will be used.
2026-04-23 23:44:11.690  INFO [main] o.s.s.c.a.a.c.InitializeUserDetailsBeanManagerConfigurer$InitializeUserDetailsManagerConfigurer - Global AuthenticationManager configured with UserDetailsService bean with name userDetailsServiceImpl
2026-04-23 23:44:13.666  INFO [main] c.b.i.l.LoginApplicationTests - Started LoginApplicationTests in 7.699 seconds (process running for 9.324)
2026-04-23 23:44:15.575  INFO [SpringApplicationShutdownHook] o.s.o.j.LocalContainerEntityManagerFactoryBean - Closing JPA EntityManagerFactory for persistence unit 'default'
2026-04-23 23:44:15.580  INFO [SpringApplicationShutdownHook] c.z.h.HikariDataSource - HikariPool-1 - Shutdown initiated...
2026-04-23 23:44:15.583  INFO [SpringApplicationShutdownHook] c.z.h.HikariDataSource - HikariPool-1 - Shutdown completed.
2026-04-23 23:44:25.648  INFO [main] c.b.i.l.LoginApplicationTests - Starting LoginApplicationTests using Java 21.0.10 with PID 5055 (started by runner in /home/runner/work/LoginService/LoginService)
2026-04-23 23:44:25.655  INFO [main] c.b.i.l.LoginApplicationTests - The following 1 profile is active: "test"
2026-04-23 23:44:26.706  INFO [main] o.s.d.r.c.RepositoryConfigurationDelegate - Multiple Spring Data modules found, entering strict repository configuration mode
2026-04-23 23:44:26.708  INFO [main] o.s.d.r.c.RepositoryConfigurationDelegate - Bootstrapping Spring Data JPA repositories in DEFAULT mode.
2026-04-23 23:44:26.858  INFO [main] o.s.d.r.c.RepositoryConfigurationDelegate - Finished Spring Data repository scanning in 137 ms. Found 1 JPA repository interface.
2026-04-23 23:44:27.626  INFO [main] o.h.o.jpa - HHH008540: Processing PersistenceUnitInfo [name: default]
2026-04-23 23:44:27.678  INFO [main] o.h.o.core - HHH000001: Hibernate ORM core version 7.2.7.Final
2026-04-23 23:44:28.136  INFO [main] o.s.o.j.p.SpringPersistenceUnitInfo - No LoadTimeWeaver setup: ignoring JPA class transformer
2026-04-23 23:44:28.169  INFO [main] c.z.h.HikariDataSource - HikariPool-1 - Starting...
2026-04-23 23:44:28.349  INFO [main] c.z.h.p.HikariPool - HikariPool-1 - Added connection conn0: url=jdbc:h2:mem:testdb user=SA
2026-04-23 23:44:28.351  INFO [main] c.z.h.HikariDataSource - HikariPool-1 - Start completed.
2026-04-23 23:44:28.424  INFO [main] o.h.o.c.pooling - HHH10001005: Database info:
	Database JDBC URL [jdbc:h2:mem:testdb]
	Database driver: H2 JDBC Driver
	Database dialect: H2Dialect
	Database version: 2.4.240
	Default catalog/schema: TESTDB/PUBLIC
	Autocommit mode: undefined/unknown
	Isolation level: READ_COMMITTED [default READ_COMMITTED]
	JDBC fetch size: 100
	Pool: DataSourceConnectionProvider
	Minimum pool size: undefined/unknown
	Maximum pool size: undefined/unknown
2026-04-23 23:44:29.402  INFO [main] o.h.o.core - HHH000489: No JTA platform available (set 'hibernate.transaction.jta.platform' to enable JTA platform integration)
2026-04-23 23:44:29.405  INFO [main] o.h.o.j.batch - HHH100501: Automatic JDBC statement batching enabled (maximum batch size 100)
2026-04-23 23:44:29.439  INFO [main] o.s.o.j.LocalContainerEntityManagerFactoryBean - Initialized JPA EntityManagerFactory for persistence unit 'default'
2026-04-23 23:44:29.542  INFO [main] o.s.d.j.r.q.QueryEnhancerFactories - Hibernate is in classpath; If applicable, HQL parser will be used.
2026-04-23 23:44:30.940  INFO [main] o.s.s.c.a.a.c.InitializeUserDetailsBeanManagerConfigurer$InitializeUserDetailsManagerConfigurer - Global AuthenticationManager configured with UserDetailsService bean with name userDetailsServiceImpl
2026-04-23 23:44:32.719  INFO [main] c.b.i.l.LoginApplicationTests - Started LoginApplicationTests in 7.594 seconds (process running for 9.143)
2026-04-23 23:44:34.464  INFO [SpringApplicationShutdownHook] o.s.o.j.LocalContainerEntityManagerFactoryBean - Closing JPA EntityManagerFactory for persistence unit 'default'
2026-04-23 23:44:34.469  INFO [SpringApplicationShutdownHook] c.z.h.HikariDataSource - HikariPool-1 - Shutdown initiated...
2026-04-23 23:44:34.473  INFO [SpringApplicationShutdownHook] c.z.h.HikariDataSource - HikariPool-1 - Shutdown completed.
2026-04-23 21:05:48.148  INFO [main] c.b.i.l.LoginApplication - Starting LoginApplication using Java 21.0.10 with PID 13717 (/Users/thiagocintra/Documents/gitdevelopment/itau/LoginService/target/classes started by thiagocintra in /Users/thiagocintra/Documents/gitdevelopment/itau/LoginService)
2026-04-23 21:05:48.153  INFO [main] c.b.i.l.LoginApplication - No active profile set, falling back to 1 default profile: "default"
2026-04-23 21:05:48.545  INFO [main] o.s.d.r.c.RepositoryConfigurationDelegate - Multiple Spring Data modules found, entering strict repository configuration mode
2026-04-23 21:05:48.545  INFO [main] o.s.d.r.c.RepositoryConfigurationDelegate - Bootstrapping Spring Data JPA repositories in DEFAULT mode.
2026-04-23 21:05:48.622  INFO [main] o.s.d.r.c.RepositoryConfigurationDelegate - Finished Spring Data repository scanning in 71 ms. Found 1 JPA repository interface.
2026-04-23 21:05:48.661  INFO [main] o.s.d.r.c.RepositoryConfigurationDelegate - Multiple Spring Data modules found, entering strict repository configuration mode
2026-04-23 21:05:48.665  INFO [main] o.s.d.r.c.RepositoryConfigurationDelegate - Bootstrapping Spring Data Redis repositories in DEFAULT mode.
2026-04-23 21:05:48.690  INFO [main] o.s.d.r.c.RepositoryConfigurationExtensionSupport - Spring Data Redis - Could not safely identify store assignment for repository candidate interface com.br.itau.login.repository.UserAccountRepository; If you want this repository to be a Redis repository, consider annotating your entities with one of these annotations: org.springframework.data.redis.core.RedisHash (preferred), or consider extending one of the following types with your repository: org.springframework.data.keyvalue.repository.KeyValueRepository
2026-04-23 21:05:48.691  INFO [main] o.s.d.r.c.RepositoryConfigurationDelegate - Finished Spring Data repository scanning in 10 ms. Found 0 Redis repository interfaces.
2026-04-23 21:05:49.161  INFO [main] o.s.b.t.TomcatWebServer - Tomcat initialized with port 8081 (http)
2026-04-23 21:05:49.172  INFO [main] o.a.c.c.StandardService - Starting service [Tomcat]
2026-04-23 21:05:49.172  INFO [main] o.a.c.c.StandardEngine - Starting Servlet engine: [Apache Tomcat/11.0.20]
2026-04-23 21:05:49.203  INFO [main] o.s.b.w.c.s.WebApplicationContextInitializer - Root WebApplicationContext: initialization completed in 1027 ms
2026-04-23 21:05:49.286  WARN [main] i.n.r.d.DnsServerAddressStreamProviders - Can not find io.netty.resolver.dns.macos.MacOSDnsServerAddressStreamProvider in the classpath, fallback to system defaults. This may result in incorrect DNS resolutions on MacOS. Check whether you have a dependency on 'io.netty:netty-resolver-dns-native-macos'
2026-04-23 21:05:49.548  INFO [main] o.h.o.jpa - HHH008540: Processing PersistenceUnitInfo [name: default]
2026-04-23 21:05:49.582  INFO [main] o.h.o.core - HHH000001: Hibernate ORM core version 7.2.7.Final
2026-04-23 21:05:49.789  INFO [main] o.s.o.j.p.SpringPersistenceUnitInfo - No LoadTimeWeaver setup: ignoring JPA class transformer
2026-04-23 21:05:49.807  INFO [main] c.z.h.HikariDataSource - HikariPool-1 - Starting...
2026-04-23 21:05:49.901  INFO [main] c.z.h.p.HikariPool - HikariPool-1 - Added connection conn0: url=jdbc:h2:mem:alunos_db user=SA
2026-04-23 21:05:49.902  INFO [main] c.z.h.HikariDataSource - HikariPool-1 - Start completed.
2026-04-23 21:05:49.944  INFO [main] o.h.o.c.pooling - HHH10001005: Database info:
	Database JDBC URL [jdbc:h2:mem:alunos_db]
	Database driver: H2 JDBC Driver
	Database dialect: H2Dialect
	Database version: 2.4.240
	Default catalog/schema: ALUNOS_DB/PUBLIC
	Autocommit mode: undefined/unknown
	Isolation level: READ_COMMITTED [default READ_COMMITTED]
	JDBC fetch size: 100
	Pool: DataSourceConnectionProvider
	Minimum pool size: undefined/unknown
	Maximum pool size: undefined/unknown
2026-04-23 21:05:50.357  INFO [main] o.h.o.core - HHH000489: No JTA platform available (set 'hibernate.transaction.jta.platform' to enable JTA platform integration)
2026-04-23 21:05:50.359  INFO [main] o.h.o.j.batch - HHH100501: Automatic JDBC statement batching enabled (maximum batch size 100)
2026-04-23 21:05:50.391  INFO [main] o.s.o.j.LocalContainerEntityManagerFactoryBean - Initialized JPA EntityManagerFactory for persistence unit 'default'
2026-04-23 21:05:50.442  INFO [main] o.s.d.j.r.q.QueryEnhancerFactories - Hibernate is in classpath; If applicable, HQL parser will be used.
2026-04-23 21:05:50.546  INFO [main] o.s.s.c.a.a.c.InitializeUserDetailsBeanManagerConfigurer$InitializeUserDetailsManagerConfigurer - Global AuthenticationManager configured with UserDetailsService bean with name userDetailsServiceImpl
2026-04-23 21:05:51.034  WARN [main] o.s.b.w.s.s.c.AnnotationConfigServletWebServerApplicationContext - Exception encountered during context initialization - cancelling refresh attempt: org.springframework.context.ApplicationContextException: Failed to start bean 'webServerStartStop'
2026-04-23 21:05:51.036  INFO [main] o.s.o.j.LocalContainerEntityManagerFactoryBean - Closing JPA EntityManagerFactory for persistence unit 'default'
2026-04-23 21:05:51.038  INFO [main] c.z.h.HikariDataSource - HikariPool-1 - Shutdown initiated...
2026-04-23 21:05:51.039  INFO [main] c.z.h.HikariDataSource - HikariPool-1 - Shutdown completed.
2026-04-23 21:05:51.045  INFO [main] o.s.b.a.l.ConditionEvaluationReportLogger - 

Error starting ApplicationContext. To display the condition evaluation report re-run your application with 'debug' enabled.
2026-04-23 21:05:51.051 ERROR [main] o.s.b.d.LoggingFailureAnalysisReporter - 

***************************
APPLICATION FAILED TO START
***************************

Description:

Web server failed to start. Port 8081 was already in use.

Action:

Identify and stop the process that's listening on port 8081 or configure this application to listen on another port.

2026-04-23 21:06:00.046  INFO [main] c.b.i.l.LoginApplication - Starting LoginApplication using Java 21.0.10 with PID 13725 (/Users/thiagocintra/Documents/gitdevelopment/itau/LoginService/target/classes started by thiagocintra in /Users/thiagocintra/Documents/gitdevelopment/itau/LoginService)
2026-04-23 21:06:00.048  INFO [main] c.b.i.l.LoginApplication - No active profile set, falling back to 1 default profile: "default"
2026-04-23 21:06:00.387  INFO [main] o.s.d.r.c.RepositoryConfigurationDelegate - Multiple Spring Data modules found, entering strict repository configuration mode
2026-04-23 21:06:00.388  INFO [main] o.s.d.r.c.RepositoryConfigurationDelegate - Bootstrapping Spring Data JPA repositories in DEFAULT mode.
2026-04-23 21:06:00.461  INFO [main] o.s.d.r.c.RepositoryConfigurationDelegate - Finished Spring Data repository scanning in 67 ms. Found 1 JPA repository interface.
2026-04-23 21:06:00.482  INFO [main] o.s.d.r.c.RepositoryConfigurationDelegate - Multiple Spring Data modules found, entering strict repository configuration mode
2026-04-23 21:06:00.483  INFO [main] o.s.d.r.c.RepositoryConfigurationDelegate - Bootstrapping Spring Data Redis repositories in DEFAULT mode.
2026-04-23 21:06:00.493  INFO [main] o.s.d.r.c.RepositoryConfigurationExtensionSupport - Spring Data Redis - Could not safely identify store assignment for repository candidate interface com.br.itau.login.repository.UserAccountRepository; If you want this repository to be a Redis repository, consider annotating your entities with one of these annotations: org.springframework.data.redis.core.RedisHash (preferred), or consider extending one of the following types with your repository: org.springframework.data.keyvalue.repository.KeyValueRepository
2026-04-23 21:06:00.493  INFO [main] o.s.d.r.c.RepositoryConfigurationDelegate - Finished Spring Data repository scanning in 4 ms. Found 0 Redis repository interfaces.
2026-04-23 21:06:00.809  INFO [main] o.s.b.t.TomcatWebServer - Tomcat initialized with port 8081 (http)
2026-04-23 21:06:00.816  INFO [main] o.a.c.c.StandardService - Starting service [Tomcat]
2026-04-23 21:06:00.817  INFO [main] o.a.c.c.StandardEngine - Starting Servlet engine: [Apache Tomcat/11.0.20]
2026-04-23 21:06:00.843  INFO [main] o.s.b.w.c.s.WebApplicationContextInitializer - Root WebApplicationContext: initialization completed in 773 ms
2026-04-23 21:06:00.922  WARN [main] i.n.r.d.DnsServerAddressStreamProviders - Can not find io.netty.resolver.dns.macos.MacOSDnsServerAddressStreamProvider in the classpath, fallback to system defaults. This may result in incorrect DNS resolutions on MacOS. Check whether you have a dependency on 'io.netty:netty-resolver-dns-native-macos'
2026-04-23 21:06:01.157  INFO [main] o.h.o.jpa - HHH008540: Processing PersistenceUnitInfo [name: default]
2026-04-23 21:06:01.182  INFO [main] o.h.o.core - HHH000001: Hibernate ORM core version 7.2.7.Final
2026-04-23 21:06:01.369  INFO [main] o.s.o.j.p.SpringPersistenceUnitInfo - No LoadTimeWeaver setup: ignoring JPA class transformer
2026-04-23 21:06:01.384  INFO [main] c.z.h.HikariDataSource - HikariPool-1 - Starting...
2026-04-23 21:06:01.471  INFO [main] c.z.h.p.HikariPool - HikariPool-1 - Added connection conn0: url=jdbc:h2:mem:alunos_db user=SA
2026-04-23 21:06:01.472  INFO [main] c.z.h.HikariDataSource - HikariPool-1 - Start completed.
2026-04-23 21:06:01.509  INFO [main] o.h.o.c.pooling - HHH10001005: Database info:
	Database JDBC URL [jdbc:h2:mem:alunos_db]
	Database driver: H2 JDBC Driver
	Database dialect: H2Dialect
	Database version: 2.4.240
	Default catalog/schema: ALUNOS_DB/PUBLIC
	Autocommit mode: undefined/unknown
	Isolation level: READ_COMMITTED [default READ_COMMITTED]
	JDBC fetch size: 100
	Pool: DataSourceConnectionProvider
	Minimum pool size: undefined/unknown
	Maximum pool size: undefined/unknown
2026-04-23 21:06:01.885  INFO [main] o.h.o.core - HHH000489: No JTA platform available (set 'hibernate.transaction.jta.platform' to enable JTA platform integration)
2026-04-23 21:06:01.887  INFO [main] o.h.o.j.batch - HHH100501: Automatic JDBC statement batching enabled (maximum batch size 100)
2026-04-23 21:06:01.916  INFO [main] o.s.o.j.LocalContainerEntityManagerFactoryBean - Initialized JPA EntityManagerFactory for persistence unit 'default'
2026-04-23 21:06:01.957  INFO [main] o.s.d.j.r.q.QueryEnhancerFactories - Hibernate is in classpath; If applicable, HQL parser will be used.
2026-04-23 21:06:02.052  INFO [main] o.s.s.c.a.a.c.InitializeUserDetailsBeanManagerConfigurer$InitializeUserDetailsManagerConfigurer - Global AuthenticationManager configured with UserDetailsService bean with name userDetailsServiceImpl
2026-04-23 21:06:02.509  WARN [main] o.s.b.w.s.s.c.AnnotationConfigServletWebServerApplicationContext - Exception encountered during context initialization - cancelling refresh attempt: org.springframework.context.ApplicationContextException: Failed to start bean 'webServerStartStop'
2026-04-23 21:06:02.515  INFO [main] o.s.o.j.LocalContainerEntityManagerFactoryBean - Closing JPA EntityManagerFactory for persistence unit 'default'
2026-04-23 21:06:02.516  INFO [main] c.z.h.HikariDataSource - HikariPool-1 - Shutdown initiated...
2026-04-23 21:06:02.517  INFO [main] c.z.h.HikariDataSource - HikariPool-1 - Shutdown completed.
2026-04-23 21:06:02.522  INFO [main] o.s.b.a.l.ConditionEvaluationReportLogger - 

Error starting ApplicationContext. To display the condition evaluation report re-run your application with 'debug' enabled.
2026-04-23 21:06:02.528 ERROR [main] o.s.b.d.LoggingFailureAnalysisReporter - 

***************************
APPLICATION FAILED TO START
***************************

Description:

Web server failed to start. Port 8081 was already in use.

Action:

Identify and stop the process that's listening on port 8081 or configure this application to listen on another port.

2026-04-23 21:07:21.465  INFO [main] c.b.i.l.LoginApplication - Starting LoginApplication using Java 21.0.10 with PID 13823 (/Users/thiagocintra/Documents/gitdevelopment/itau/LoginService/target/classes started by thiagocintra in /Users/thiagocintra/Documents/gitdevelopment/itau/LoginService)
2026-04-23 21:07:21.467  INFO [main] c.b.i.l.LoginApplication - No active profile set, falling back to 1 default profile: "default"
2026-04-23 21:07:21.783  INFO [main] o.s.d.r.c.RepositoryConfigurationDelegate - Multiple Spring Data modules found, entering strict repository configuration mode
2026-04-23 21:07:21.784  INFO [main] o.s.d.r.c.RepositoryConfigurationDelegate - Bootstrapping Spring Data JPA repositories in DEFAULT mode.
2026-04-23 21:07:21.855  INFO [main] o.s.d.r.c.RepositoryConfigurationDelegate - Finished Spring Data repository scanning in 67 ms. Found 1 JPA repository interface.
2026-04-23 21:07:21.886  INFO [main] o.s.d.r.c.RepositoryConfigurationDelegate - Multiple Spring Data modules found, entering strict repository configuration mode
2026-04-23 21:07:21.887  INFO [main] o.s.d.r.c.RepositoryConfigurationDelegate - Bootstrapping Spring Data Redis repositories in DEFAULT mode.
2026-04-23 21:07:21.896  INFO [main] o.s.d.r.c.RepositoryConfigurationExtensionSupport - Spring Data Redis - Could not safely identify store assignment for repository candidate interface com.br.itau.login.repository.UserAccountRepository; If you want this repository to be a Redis repository, consider annotating your entities with one of these annotations: org.springframework.data.redis.core.RedisHash (preferred), or consider extending one of the following types with your repository: org.springframework.data.keyvalue.repository.KeyValueRepository
2026-04-23 21:07:21.896  INFO [main] o.s.d.r.c.RepositoryConfigurationDelegate - Finished Spring Data repository scanning in 3 ms. Found 0 Redis repository interfaces.
2026-04-23 21:07:22.181  INFO [main] o.s.b.t.TomcatWebServer - Tomcat initialized with port 8081 (http)
2026-04-23 21:07:22.189  INFO [main] o.a.c.c.StandardService - Starting service [Tomcat]
2026-04-23 21:07:22.189  INFO [main] o.a.c.c.StandardEngine - Starting Servlet engine: [Apache Tomcat/11.0.20]
2026-04-23 21:07:22.211  INFO [main] o.s.b.w.c.s.WebApplicationContextInitializer - Root WebApplicationContext: initialization completed in 723 ms
2026-04-23 21:07:22.294  WARN [main] i.n.r.d.DnsServerAddressStreamProviders - Can not find io.netty.resolver.dns.macos.MacOSDnsServerAddressStreamProvider in the classpath, fallback to system defaults. This may result in incorrect DNS resolutions on MacOS. Check whether you have a dependency on 'io.netty:netty-resolver-dns-native-macos'
2026-04-23 21:07:22.556  INFO [main] o.h.o.jpa - HHH008540: Processing PersistenceUnitInfo [name: default]
2026-04-23 21:07:22.592  INFO [main] o.h.o.core - HHH000001: Hibernate ORM core version 7.2.7.Final
2026-04-23 21:07:22.796  INFO [main] o.s.o.j.p.SpringPersistenceUnitInfo - No LoadTimeWeaver setup: ignoring JPA class transformer
2026-04-23 21:07:22.813  INFO [main] c.z.h.HikariDataSource - HikariPool-1 - Starting...
2026-04-23 21:07:22.916  INFO [main] c.z.h.p.HikariPool - HikariPool-1 - Added connection conn0: url=jdbc:h2:mem:alunos_db user=SA
2026-04-23 21:07:22.917  INFO [main] c.z.h.HikariDataSource - HikariPool-1 - Start completed.
2026-04-23 21:07:22.946  INFO [main] o.h.o.c.pooling - HHH10001005: Database info:
	Database JDBC URL [jdbc:h2:mem:alunos_db]
	Database driver: H2 JDBC Driver
	Database dialect: H2Dialect
	Database version: 2.4.240
	Default catalog/schema: ALUNOS_DB/PUBLIC
	Autocommit mode: undefined/unknown
	Isolation level: READ_COMMITTED [default READ_COMMITTED]
	JDBC fetch size: 100
	Pool: DataSourceConnectionProvider
	Minimum pool size: undefined/unknown
	Maximum pool size: undefined/unknown
2026-04-23 21:07:23.336  INFO [main] o.h.o.core - HHH000489: No JTA platform available (set 'hibernate.transaction.jta.platform' to enable JTA platform integration)
2026-04-23 21:07:23.338  INFO [main] o.h.o.j.batch - HHH100501: Automatic JDBC statement batching enabled (maximum batch size 100)
2026-04-23 21:07:23.365  INFO [main] o.s.o.j.LocalContainerEntityManagerFactoryBean - Initialized JPA EntityManagerFactory for persistence unit 'default'
2026-04-23 21:07:23.411  INFO [main] o.s.d.j.r.q.QueryEnhancerFactories - Hibernate is in classpath; If applicable, HQL parser will be used.
2026-04-23 21:07:23.510  INFO [main] o.s.s.c.a.a.c.InitializeUserDetailsBeanManagerConfigurer$InitializeUserDetailsManagerConfigurer - Global AuthenticationManager configured with UserDetailsService bean with name userDetailsServiceImpl
2026-04-23 21:07:23.907  INFO [main] o.s.b.t.TomcatWebServer - Tomcat started on port 8081 (http) with context path '/api/v1'
2026-04-23 21:07:23.910  INFO [main] c.b.i.l.LoginApplication - Started LoginApplication in 2.648 seconds (process running for 2.824)
2026-04-23 21:07:34.978  INFO [http-nio-8081-exec-1] o.a.c.c.C.[.[.[/api/v1] - Initializing Spring DispatcherServlet 'dispatcherServlet'
2026-04-23 21:07:34.979  INFO [http-nio-8081-exec-1] o.s.w.s.DispatcherServlet - Initializing Servlet 'dispatcherServlet'
2026-04-23 21:07:34.980  INFO [http-nio-8081-exec-1] o.s.w.s.DispatcherServlet - Completed initialization in 1 ms
2026-04-23 21:07:35.042  INFO [http-nio-8081-exec-1] c.b.i.l.c.LoginImpl - Login request for user=Thiago
2026-04-23 21:09:34.790  INFO [main] c.b.i.l.LoginApplication - Starting LoginApplication using Java 21.0.10 with PID 14015 (/Users/thiagocintra/Documents/gitdevelopment/itau/LoginService/target/classes started by thiagocintra in /Users/thiagocintra/Documents/gitdevelopment/itau/LoginService)
2026-04-23 21:09:34.793  INFO [main] c.b.i.l.LoginApplication - No active profile set, falling back to 1 default profile: "default"
2026-04-23 21:09:35.300  INFO [main] o.s.d.r.c.RepositoryConfigurationDelegate - Multiple Spring Data modules found, entering strict repository configuration mode
2026-04-23 21:09:35.301  INFO [main] o.s.d.r.c.RepositoryConfigurationDelegate - Bootstrapping Spring Data JPA repositories in DEFAULT mode.
2026-04-23 21:09:35.388  INFO [main] o.s.d.r.c.RepositoryConfigurationDelegate - Finished Spring Data repository scanning in 81 ms. Found 1 JPA repository interface.
2026-04-23 21:09:35.415  INFO [main] o.s.d.r.c.RepositoryConfigurationDelegate - Multiple Spring Data modules found, entering strict repository configuration mode
2026-04-23 21:09:35.416  INFO [main] o.s.d.r.c.RepositoryConfigurationDelegate - Bootstrapping Spring Data Redis repositories in DEFAULT mode.
2026-04-23 21:09:35.428  INFO [main] o.s.d.r.c.RepositoryConfigurationExtensionSupport - Spring Data Redis - Could not safely identify store assignment for repository candidate interface com.br.itau.login.repository.UserAccountRepository; If you want this repository to be a Redis repository, consider annotating your entities with one of these annotations: org.springframework.data.redis.core.RedisHash (preferred), or consider extending one of the following types with your repository: org.springframework.data.keyvalue.repository.KeyValueRepository
2026-04-23 21:09:35.428  INFO [main] o.s.d.r.c.RepositoryConfigurationDelegate - Finished Spring Data repository scanning in 4 ms. Found 0 Redis repository interfaces.
2026-04-23 21:09:35.762  INFO [main] o.s.b.t.TomcatWebServer - Tomcat initialized with port 8081 (http)
2026-04-23 21:09:35.772  INFO [main] o.a.c.c.StandardService - Starting service [Tomcat]
2026-04-23 21:09:35.773  INFO [main] o.a.c.c.StandardEngine - Starting Servlet engine: [Apache Tomcat/11.0.20]
2026-04-23 21:09:35.805  INFO [main] o.s.b.w.c.s.WebApplicationContextInitializer - Root WebApplicationContext: initialization completed in 990 ms
2026-04-23 21:09:35.899  WARN [main] i.n.r.d.DnsServerAddressStreamProviders - Can not find io.netty.resolver.dns.macos.MacOSDnsServerAddressStreamProvider in the classpath, fallback to system defaults. This may result in incorrect DNS resolutions on MacOS. Check whether you have a dependency on 'io.netty:netty-resolver-dns-native-macos'
2026-04-23 21:09:36.155  INFO [main] o.h.o.jpa - HHH008540: Processing PersistenceUnitInfo [name: default]
2026-04-23 21:09:36.191  INFO [main] o.h.o.core - HHH000001: Hibernate ORM core version 7.2.7.Final
2026-04-23 21:09:36.403  INFO [main] o.s.o.j.p.SpringPersistenceUnitInfo - No LoadTimeWeaver setup: ignoring JPA class transformer
2026-04-23 21:09:36.422  INFO [main] c.z.h.HikariDataSource - HikariPool-1 - Starting...
2026-04-23 21:09:36.524  INFO [main] c.z.h.p.HikariPool - HikariPool-1 - Added connection conn0: url=jdbc:h2:mem:alunos_db user=SA
2026-04-23 21:09:36.526  INFO [main] c.z.h.HikariDataSource - HikariPool-1 - Start completed.
2026-04-23 21:09:36.565  INFO [main] o.h.o.c.pooling - HHH10001005: Database info:
	Database JDBC URL [jdbc:h2:mem:alunos_db]
	Database driver: H2 JDBC Driver
	Database dialect: H2Dialect
	Database version: 2.4.240
	Default catalog/schema: ALUNOS_DB/PUBLIC
	Autocommit mode: undefined/unknown
	Isolation level: READ_COMMITTED [default READ_COMMITTED]
	JDBC fetch size: 100
	Pool: DataSourceConnectionProvider
	Minimum pool size: undefined/unknown
	Maximum pool size: undefined/unknown
2026-04-23 21:09:36.986  INFO [main] o.h.o.core - HHH000489: No JTA platform available (set 'hibernate.transaction.jta.platform' to enable JTA platform integration)
2026-04-23 21:09:36.988  INFO [main] o.h.o.j.batch - HHH100501: Automatic JDBC statement batching enabled (maximum batch size 100)
2026-04-23 21:09:37.022  INFO [main] o.s.o.j.LocalContainerEntityManagerFactoryBean - Initialized JPA EntityManagerFactory for persistence unit 'default'
2026-04-23 21:09:37.077  INFO [main] o.s.d.j.r.q.QueryEnhancerFactories - Hibernate is in classpath; If applicable, HQL parser will be used.
2026-04-23 21:09:37.182  INFO [main] o.s.s.c.a.a.c.InitializeUserDetailsBeanManagerConfigurer$InitializeUserDetailsManagerConfigurer - Global AuthenticationManager configured with UserDetailsService bean with name userDetailsServiceImpl
2026-04-23 21:09:37.687  WARN [main] o.s.b.w.s.s.c.AnnotationConfigServletWebServerApplicationContext - Exception encountered during context initialization - cancelling refresh attempt: org.springframework.context.ApplicationContextException: Failed to start bean 'webServerStartStop'
2026-04-23 21:09:37.689  INFO [main] o.s.o.j.LocalContainerEntityManagerFactoryBean - Closing JPA EntityManagerFactory for persistence unit 'default'
2026-04-23 21:09:37.690  INFO [main] c.z.h.HikariDataSource - HikariPool-1 - Shutdown initiated...
2026-04-23 21:09:37.691  INFO [main] c.z.h.HikariDataSource - HikariPool-1 - Shutdown completed.
2026-04-23 21:09:37.698  INFO [main] o.s.b.a.l.ConditionEvaluationReportLogger - 

Error starting ApplicationContext. To display the condition evaluation report re-run your application with 'debug' enabled.
2026-04-23 21:09:37.703 ERROR [main] o.s.b.d.LoggingFailureAnalysisReporter - 

***************************
APPLICATION FAILED TO START
***************************

Description:

Web server failed to start. Port 8081 was already in use.

Action:

Identify and stop the process that's listening on port 8081 or configure this application to listen on another port.

2026-04-23 21:09:56.704  INFO [http-nio-8081-exec-2] c.b.i.l.c.LoginImpl - Login request for user=Thiago
2026-04-23 21:10:13.380  INFO [SpringApplicationShutdownHook] o.s.b.t.GracefulShutdown - Commencing graceful shutdown. Waiting for active requests to complete
2026-04-23 21:10:13.400  INFO [tomcat-shutdown] o.s.b.t.GracefulShutdown - Graceful shutdown complete
2026-04-23 21:10:13.520  INFO [SpringApplicationShutdownHook] o.s.o.j.LocalContainerEntityManagerFactoryBean - Closing JPA EntityManagerFactory for persistence unit 'default'
2026-04-23 21:10:13.522  INFO [SpringApplicationShutdownHook] c.z.h.HikariDataSource - HikariPool-1 - Shutdown initiated...
2026-04-23 21:10:13.523  INFO [SpringApplicationShutdownHook] c.z.h.HikariDataSource - HikariPool-1 - Shutdown completed.
2026-04-23 21:37:21.507  INFO [main] c.b.i.l.LoginApplication - Starting LoginApplication using Java 21.0.10 with PID 14979 (/Users/thiagocintra/Documents/gitdevelopment/itau/LoginService/target/classes started by thiagocintra in /Users/thiagocintra/Documents/gitdevelopment/itau/LoginService)
2026-04-23 21:37:21.517  INFO [main] c.b.i.l.LoginApplication - No active profile set, falling back to 1 default profile: "default"
2026-04-23 21:37:21.895  INFO [main] o.s.d.r.c.RepositoryConfigurationDelegate - Multiple Spring Data modules found, entering strict repository configuration mode
2026-04-23 21:37:21.896  INFO [main] o.s.d.r.c.RepositoryConfigurationDelegate - Bootstrapping Spring Data JPA repositories in DEFAULT mode.
2026-04-23 21:37:21.983  INFO [main] o.s.d.r.c.RepositoryConfigurationDelegate - Finished Spring Data repository scanning in 78 ms. Found 1 JPA repository interface.
2026-04-23 21:37:22.007  INFO [main] o.s.d.r.c.RepositoryConfigurationDelegate - Multiple Spring Data modules found, entering strict repository configuration mode
2026-04-23 21:37:22.008  INFO [main] o.s.d.r.c.RepositoryConfigurationDelegate - Bootstrapping Spring Data Redis repositories in DEFAULT mode.
2026-04-23 21:37:22.019  INFO [main] o.s.d.r.c.RepositoryConfigurationExtensionSupport - Spring Data Redis - Could not safely identify store assignment for repository candidate interface com.br.itau.login.repository.UserAccountRepository; If you want this repository to be a Redis repository, consider annotating your entities with one of these annotations: org.springframework.data.redis.core.RedisHash (preferred), or consider extending one of the following types with your repository: org.springframework.data.keyvalue.repository.KeyValueRepository
2026-04-23 21:37:22.019  INFO [main] o.s.d.r.c.RepositoryConfigurationDelegate - Finished Spring Data repository scanning in 4 ms. Found 0 Redis repository interfaces.
2026-04-23 21:37:22.334  INFO [main] o.s.b.t.TomcatWebServer - Tomcat initialized with port 8081 (http)
2026-04-23 21:37:22.347  INFO [main] o.a.c.c.StandardService - Starting service [Tomcat]
2026-04-23 21:37:22.347  INFO [main] o.a.c.c.StandardEngine - Starting Servlet engine: [Apache Tomcat/11.0.20]
2026-04-23 21:37:22.377  INFO [main] o.s.b.w.c.s.WebApplicationContextInitializer - Root WebApplicationContext: initialization completed in 838 ms
2026-04-23 21:37:22.457  WARN [main] i.n.r.d.DnsServerAddressStreamProviders - Can not find io.netty.resolver.dns.macos.MacOSDnsServerAddressStreamProvider in the classpath, fallback to system defaults. This may result in incorrect DNS resolutions on MacOS. Check whether you have a dependency on 'io.netty:netty-resolver-dns-native-macos'
2026-04-23 21:37:22.725  INFO [main] o.h.o.jpa - HHH008540: Processing PersistenceUnitInfo [name: default]
2026-04-23 21:37:22.759  INFO [main] o.h.o.core - HHH000001: Hibernate ORM core version 7.2.7.Final
2026-04-23 21:37:22.961  INFO [main] o.s.o.j.p.SpringPersistenceUnitInfo - No LoadTimeWeaver setup: ignoring JPA class transformer
2026-04-23 21:37:22.978  INFO [main] c.z.h.HikariDataSource - HikariPool-1 - Starting...
2026-04-23 21:37:23.081  INFO [main] c.z.h.p.HikariPool - HikariPool-1 - Added connection conn0: url=jdbc:h2:mem:alunos_db user=SA
2026-04-23 21:37:23.082  INFO [main] c.z.h.HikariDataSource - HikariPool-1 - Start completed.
2026-04-23 21:37:23.120  INFO [main] o.h.o.c.pooling - HHH10001005: Database info:
	Database JDBC URL [jdbc:h2:mem:alunos_db]
	Database driver: H2 JDBC Driver
	Database dialect: H2Dialect
	Database version: 2.4.240
	Default catalog/schema: ALUNOS_DB/PUBLIC
	Autocommit mode: undefined/unknown
	Isolation level: READ_COMMITTED [default READ_COMMITTED]
	JDBC fetch size: 100
	Pool: DataSourceConnectionProvider
	Minimum pool size: undefined/unknown
	Maximum pool size: undefined/unknown
2026-04-23 21:37:23.528  INFO [main] o.h.o.core - HHH000489: No JTA platform available (set 'hibernate.transaction.jta.platform' to enable JTA platform integration)
2026-04-23 21:37:23.530  INFO [main] o.h.o.j.batch - HHH100501: Automatic JDBC statement batching enabled (maximum batch size 100)
2026-04-23 21:37:23.560  INFO [main] o.s.o.j.LocalContainerEntityManagerFactoryBean - Initialized JPA EntityManagerFactory for persistence unit 'default'
2026-04-23 21:37:23.615  INFO [main] o.s.d.j.r.q.QueryEnhancerFactories - Hibernate is in classpath; If applicable, HQL parser will be used.
2026-04-23 21:37:23.786  INFO [main] o.s.s.c.a.a.c.InitializeUserDetailsBeanManagerConfigurer$InitializeUserDetailsManagerConfigurer - Global AuthenticationManager configured with UserDetailsService bean with name userDetailsServiceImpl
2026-04-23 21:37:24.184  INFO [main] o.s.b.t.TomcatWebServer - Tomcat started on port 8081 (http) with context path '/api/v1'
2026-04-23 21:37:24.188  INFO [main] c.b.i.l.LoginApplication - Started LoginApplication in 2.937 seconds (process running for 3.241)
2026-04-23 21:37:31.773  INFO [http-nio-8081-exec-2] o.a.c.c.C.[.[.[/api/v1] - Initializing Spring DispatcherServlet 'dispatcherServlet'
2026-04-23 21:37:31.774  INFO [http-nio-8081-exec-2] o.s.w.s.DispatcherServlet - Initializing Servlet 'dispatcherServlet'
2026-04-23 21:37:31.777  INFO [http-nio-8081-exec-2] o.s.w.s.DispatcherServlet - Completed initialization in 3 ms
2026-04-23 21:37:44.513  INFO [SpringApplicationShutdownHook] o.s.b.t.GracefulShutdown - Commencing graceful shutdown. Waiting for active requests to complete
2026-04-23 21:37:44.520  INFO [tomcat-shutdown] o.s.b.t.GracefulShutdown - Graceful shutdown complete
2026-04-23 21:37:44.639  INFO [SpringApplicationShutdownHook] o.s.o.j.LocalContainerEntityManagerFactoryBean - Closing JPA EntityManagerFactory for persistence unit 'default'
2026-04-23 21:37:44.642  INFO [SpringApplicationShutdownHook] c.z.h.HikariDataSource - HikariPool-1 - Shutdown initiated...
2026-04-23 21:37:44.643  INFO [SpringApplicationShutdownHook] c.z.h.HikariDataSource - HikariPool-1 - Shutdown completed.
2026-04-23 21:37:54.044  INFO [main] c.b.i.l.LoginApplication - Starting LoginApplication using Java 21.0.10 with PID 14993 (/Users/thiagocintra/Documents/gitdevelopment/itau/LoginService/target/classes started by thiagocintra in /Users/thiagocintra/Documents/gitdevelopment/itau/LoginService)
2026-04-23 21:37:54.050  INFO [main] c.b.i.l.LoginApplication - No active profile set, falling back to 1 default profile: "default"
2026-04-23 21:37:54.392  INFO [main] o.s.d.r.c.RepositoryConfigurationDelegate - Multiple Spring Data modules found, entering strict repository configuration mode
2026-04-23 21:37:54.393  INFO [main] o.s.d.r.c.RepositoryConfigurationDelegate - Bootstrapping Spring Data JPA repositories in DEFAULT mode.
2026-04-23 21:37:54.466  INFO [main] o.s.d.r.c.RepositoryConfigurationDelegate - Finished Spring Data repository scanning in 68 ms. Found 1 JPA repository interface.
2026-04-23 21:37:54.488  INFO [main] o.s.d.r.c.RepositoryConfigurationDelegate - Multiple Spring Data modules found, entering strict repository configuration mode
2026-04-23 21:37:54.488  INFO [main] o.s.d.r.c.RepositoryConfigurationDelegate - Bootstrapping Spring Data Redis repositories in DEFAULT mode.
2026-04-23 21:37:54.501  INFO [main] o.s.d.r.c.RepositoryConfigurationExtensionSupport - Spring Data Redis - Could not safely identify store assignment for repository candidate interface com.br.itau.login.repository.UserAccountRepository; If you want this repository to be a Redis repository, consider annotating your entities with one of these annotations: org.springframework.data.redis.core.RedisHash (preferred), or consider extending one of the following types with your repository: org.springframework.data.keyvalue.repository.KeyValueRepository
2026-04-23 21:37:54.501  INFO [main] o.s.d.r.c.RepositoryConfigurationDelegate - Finished Spring Data repository scanning in 4 ms. Found 0 Redis repository interfaces.
2026-04-23 21:37:54.807  INFO [main] o.s.b.t.TomcatWebServer - Tomcat initialized with port 8081 (http)
2026-04-23 21:37:54.815  INFO [main] o.a.c.c.StandardService - Starting service [Tomcat]
2026-04-23 21:37:54.816  INFO [main] o.a.c.c.StandardEngine - Starting Servlet engine: [Apache Tomcat/11.0.20]
2026-04-23 21:37:54.843  INFO [main] o.s.b.w.c.s.WebApplicationContextInitializer - Root WebApplicationContext: initialization completed in 767 ms
2026-04-23 21:37:54.922  WARN [main] i.n.r.d.DnsServerAddressStreamProviders - Can not find io.netty.resolver.dns.macos.MacOSDnsServerAddressStreamProvider in the classpath, fallback to system defaults. This may result in incorrect DNS resolutions on MacOS. Check whether you have a dependency on 'io.netty:netty-resolver-dns-native-macos'
2026-04-23 21:37:55.163  INFO [main] o.h.o.jpa - HHH008540: Processing PersistenceUnitInfo [name: default]
2026-04-23 21:37:55.189  INFO [main] o.h.o.core - HHH000001: Hibernate ORM core version 7.2.7.Final
2026-04-23 21:37:55.381  INFO [main] o.s.o.j.p.SpringPersistenceUnitInfo - No LoadTimeWeaver setup: ignoring JPA class transformer
2026-04-23 21:37:55.396  INFO [main] c.z.h.HikariDataSource - HikariPool-1 - Starting...
2026-04-23 21:37:55.487  INFO [main] c.z.h.p.HikariPool - HikariPool-1 - Added connection conn0: url=jdbc:h2:mem:alunos_db user=SA
2026-04-23 21:37:55.487  INFO [main] c.z.h.HikariDataSource - HikariPool-1 - Start completed.
2026-04-23 21:37:55.523  INFO [main] o.h.o.c.pooling - HHH10001005: Database info:
	Database JDBC URL [jdbc:h2:mem:alunos_db]
	Database driver: H2 JDBC Driver
	Database dialect: H2Dialect
	Database version: 2.4.240
	Default catalog/schema: ALUNOS_DB/PUBLIC
	Autocommit mode: undefined/unknown
	Isolation level: READ_COMMITTED [default READ_COMMITTED]
	JDBC fetch size: 100
	Pool: DataSourceConnectionProvider
	Minimum pool size: undefined/unknown
	Maximum pool size: undefined/unknown
2026-04-23 21:37:55.899  INFO [main] o.h.o.core - HHH000489: No JTA platform available (set 'hibernate.transaction.jta.platform' to enable JTA platform integration)
2026-04-23 21:37:55.901  INFO [main] o.h.o.j.batch - HHH100501: Automatic JDBC statement batching enabled (maximum batch size 100)
2026-04-23 21:37:55.931  INFO [main] o.s.o.j.LocalContainerEntityManagerFactoryBean - Initialized JPA EntityManagerFactory for persistence unit 'default'
2026-04-23 21:37:55.986  INFO [main] o.s.d.j.r.q.QueryEnhancerFactories - Hibernate is in classpath; If applicable, HQL parser will be used.
2026-04-23 21:37:56.079  INFO [main] o.s.s.c.a.a.c.InitializeUserDetailsBeanManagerConfigurer$InitializeUserDetailsManagerConfigurer - Global AuthenticationManager configured with UserDetailsService bean with name userDetailsServiceImpl
2026-04-23 21:37:56.471  INFO [main] o.s.b.t.TomcatWebServer - Tomcat started on port 8081 (http) with context path '/api/v1'
2026-04-23 21:37:56.476  INFO [main] c.b.i.l.LoginApplication - Started LoginApplication in 2.67 seconds (process running for 2.876)
2026-04-23 21:38:03.031  INFO [http-nio-8081-exec-1] o.a.c.c.C.[.[.[/api/v1] - Initializing Spring DispatcherServlet 'dispatcherServlet'
2026-04-23 21:38:03.031  INFO [http-nio-8081-exec-1] o.s.w.s.DispatcherServlet - Initializing Servlet 'dispatcherServlet'
2026-04-23 21:38:03.032  INFO [http-nio-8081-exec-1] o.s.w.s.DispatcherServlet - Completed initialization in 1 ms
2026-04-23 21:38:12.640  INFO [SpringApplicationShutdownHook] o.s.b.t.GracefulShutdown - Commencing graceful shutdown. Waiting for active requests to complete
2026-04-23 21:38:12.649  INFO [tomcat-shutdown] o.s.b.t.GracefulShutdown - Graceful shutdown complete
2026-04-23 21:38:12.790  INFO [SpringApplicationShutdownHook] o.s.o.j.LocalContainerEntityManagerFactoryBean - Closing JPA EntityManagerFactory for persistence unit 'default'
2026-04-23 21:38:12.793  INFO [SpringApplicationShutdownHook] c.z.h.HikariDataSource - HikariPool-1 - Shutdown initiated...
2026-04-23 21:38:12.794  INFO [SpringApplicationShutdownHook] c.z.h.HikariDataSource - HikariPool-1 - Shutdown completed.
2026-04-23 21:38:55.516  INFO [main] c.b.i.l.LoginApplication - Starting LoginApplication using Java 21.0.10 with PID 15016 (/Users/thiagocintra/Documents/gitdevelopment/itau/LoginService/target/classes started by thiagocintra in /Users/thiagocintra/Documents/gitdevelopment/itau/LoginService)
2026-04-23 21:38:55.521  INFO [main] c.b.i.l.LoginApplication - No active profile set, falling back to 1 default profile: "default"
2026-04-23 21:38:55.963  INFO [main] o.s.d.r.c.RepositoryConfigurationDelegate - Multiple Spring Data modules found, entering strict repository configuration mode
2026-04-23 21:38:55.963  INFO [main] o.s.d.r.c.RepositoryConfigurationDelegate - Bootstrapping Spring Data JPA repositories in DEFAULT mode.
2026-04-23 21:38:56.046  INFO [main] o.s.d.r.c.RepositoryConfigurationDelegate - Finished Spring Data repository scanning in 72 ms. Found 1 JPA repository interface.
2026-04-23 21:38:56.071  INFO [main] o.s.d.r.c.RepositoryConfigurationDelegate - Multiple Spring Data modules found, entering strict repository configuration mode
2026-04-23 21:38:56.071  INFO [main] o.s.d.r.c.RepositoryConfigurationDelegate - Bootstrapping Spring Data Redis repositories in DEFAULT mode.
2026-04-23 21:38:56.083  INFO [main] o.s.d.r.c.RepositoryConfigurationExtensionSupport - Spring Data Redis - Could not safely identify store assignment for repository candidate interface com.br.itau.login.repository.UserAccountRepository; If you want this repository to be a Redis repository, consider annotating your entities with one of these annotations: org.springframework.data.redis.core.RedisHash (preferred), or consider extending one of the following types with your repository: org.springframework.data.keyvalue.repository.KeyValueRepository
2026-04-23 21:38:56.083  INFO [main] o.s.d.r.c.RepositoryConfigurationDelegate - Finished Spring Data repository scanning in 4 ms. Found 0 Redis repository interfaces.
2026-04-23 21:38:56.400  INFO [main] o.s.b.t.TomcatWebServer - Tomcat initialized with port 8081 (http)
2026-04-23 21:38:56.409  INFO [main] o.a.c.c.StandardService - Starting service [Tomcat]
2026-04-23 21:38:56.409  INFO [main] o.a.c.c.StandardEngine - Starting Servlet engine: [Apache Tomcat/11.0.20]
2026-04-23 21:38:56.435  INFO [main] o.s.b.w.c.s.WebApplicationContextInitializer - Root WebApplicationContext: initialization completed in 888 ms
2026-04-23 21:38:56.511  WARN [main] i.n.r.d.DnsServerAddressStreamProviders - Can not find io.netty.resolver.dns.macos.MacOSDnsServerAddressStreamProvider in the classpath, fallback to system defaults. This may result in incorrect DNS resolutions on MacOS. Check whether you have a dependency on 'io.netty:netty-resolver-dns-native-macos'
2026-04-23 21:38:56.767  INFO [main] o.h.o.jpa - HHH008540: Processing PersistenceUnitInfo [name: default]
2026-04-23 21:38:56.799  INFO [main] o.h.o.core - HHH000001: Hibernate ORM core version 7.2.7.Final
2026-04-23 21:38:57.005  INFO [main] o.s.o.j.p.SpringPersistenceUnitInfo - No LoadTimeWeaver setup: ignoring JPA class transformer
2026-04-23 21:38:57.023  INFO [main] c.z.h.HikariDataSource - HikariPool-1 - Starting...
2026-04-23 21:38:57.116  INFO [main] c.z.h.p.HikariPool - HikariPool-1 - Added connection conn0: url=jdbc:h2:mem:alunos_db user=SA
2026-04-23 21:38:57.117  INFO [main] c.z.h.HikariDataSource - HikariPool-1 - Start completed.
2026-04-23 21:38:57.154  INFO [main] o.h.o.c.pooling - HHH10001005: Database info:
	Database JDBC URL [jdbc:h2:mem:alunos_db]
	Database driver: H2 JDBC Driver
	Database dialect: H2Dialect
	Database version: 2.4.240
	Default catalog/schema: ALUNOS_DB/PUBLIC
	Autocommit mode: undefined/unknown
	Isolation level: READ_COMMITTED [default READ_COMMITTED]
	JDBC fetch size: 100
	Pool: DataSourceConnectionProvider
	Minimum pool size: undefined/unknown
	Maximum pool size: undefined/unknown
2026-04-23 21:38:57.559  INFO [main] o.h.o.core - HHH000489: No JTA platform available (set 'hibernate.transaction.jta.platform' to enable JTA platform integration)
2026-04-23 21:38:57.561  INFO [main] o.h.o.j.batch - HHH100501: Automatic JDBC statement batching enabled (maximum batch size 100)
2026-04-23 21:38:57.592  INFO [main] o.s.o.j.LocalContainerEntityManagerFactoryBean - Initialized JPA EntityManagerFactory for persistence unit 'default'
2026-04-23 21:38:57.654  INFO [main] o.s.d.j.r.q.QueryEnhancerFactories - Hibernate is in classpath; If applicable, HQL parser will be used.
2026-04-23 21:38:57.761  INFO [main] o.s.s.c.a.a.c.InitializeUserDetailsBeanManagerConfigurer$InitializeUserDetailsManagerConfigurer - Global AuthenticationManager configured with UserDetailsService bean with name userDetailsServiceImpl
2026-04-23 21:38:58.117  INFO [main] o.s.b.t.TomcatWebServer - Tomcat started on port 8081 (http) with context path '/api/v1'
2026-04-23 21:38:58.121  INFO [main] c.b.i.l.LoginApplication - Started LoginApplication in 2.849 seconds (process running for 3.143)
2026-04-23 21:38:59.191  INFO [SpringApplicationShutdownHook] o.s.b.t.GracefulShutdown - Commencing graceful shutdown. Waiting for active requests to complete
2026-04-23 21:38:59.197  INFO [tomcat-shutdown] o.s.b.t.GracefulShutdown - Graceful shutdown complete
2026-04-23 21:38:59.312  INFO [SpringApplicationShutdownHook] o.s.o.j.LocalContainerEntityManagerFactoryBean - Closing JPA EntityManagerFactory for persistence unit 'default'
2026-04-23 21:38:59.314  INFO [SpringApplicationShutdownHook] c.z.h.HikariDataSource - HikariPool-1 - Shutdown initiated...
2026-04-23 21:38:59.316  INFO [SpringApplicationShutdownHook] c.z.h.HikariDataSource - HikariPool-1 - Shutdown completed.
2026-04-23 21:39:15.416  INFO [main] c.b.i.l.LoginApplication - Starting LoginApplication using Java 21.0.10 with PID 15028 (/Users/thiagocintra/Documents/gitdevelopment/itau/LoginService/target/classes started by thiagocintra in /Users/thiagocintra/Documents/gitdevelopment/itau/LoginService)
2026-04-23 21:39:15.424  INFO [main] c.b.i.l.LoginApplication - No active profile set, falling back to 1 default profile: "default"
2026-04-23 21:39:15.794  INFO [main] o.s.d.r.c.RepositoryConfigurationDelegate - Multiple Spring Data modules found, entering strict repository configuration mode
2026-04-23 21:39:15.795  INFO [main] o.s.d.r.c.RepositoryConfigurationDelegate - Bootstrapping Spring Data JPA repositories in DEFAULT mode.
2026-04-23 21:39:15.877  INFO [main] o.s.d.r.c.RepositoryConfigurationDelegate - Finished Spring Data repository scanning in 76 ms. Found 1 JPA repository interface.
2026-04-23 21:39:15.900  INFO [main] o.s.d.r.c.RepositoryConfigurationDelegate - Multiple Spring Data modules found, entering strict repository configuration mode
2026-04-23 21:39:15.900  INFO [main] o.s.d.r.c.RepositoryConfigurationDelegate - Bootstrapping Spring Data Redis repositories in DEFAULT mode.
2026-04-23 21:39:15.911  INFO [main] o.s.d.r.c.RepositoryConfigurationExtensionSupport - Spring Data Redis - Could not safely identify store assignment for repository candidate interface com.br.itau.login.repository.UserAccountRepository; If you want this repository to be a Redis repository, consider annotating your entities with one of these annotations: org.springframework.data.redis.core.RedisHash (preferred), or consider extending one of the following types with your repository: org.springframework.data.keyvalue.repository.KeyValueRepository
2026-04-23 21:39:15.911  INFO [main] o.s.d.r.c.RepositoryConfigurationDelegate - Finished Spring Data repository scanning in 4 ms. Found 0 Redis repository interfaces.
2026-04-23 21:39:16.233  INFO [main] o.s.b.t.TomcatWebServer - Tomcat initialized with port 8081 (http)
2026-04-23 21:39:16.243  INFO [main] o.a.c.c.StandardService - Starting service [Tomcat]
2026-04-23 21:39:16.243  INFO [main] o.a.c.c.StandardEngine - Starting Servlet engine: [Apache Tomcat/11.0.20]
2026-04-23 21:39:16.272  INFO [main] o.s.b.w.c.s.WebApplicationContextInitializer - Root WebApplicationContext: initialization completed in 819 ms
2026-04-23 21:39:16.353  WARN [main] i.n.r.d.DnsServerAddressStreamProviders - Can not find io.netty.resolver.dns.macos.MacOSDnsServerAddressStreamProvider in the classpath, fallback to system defaults. This may result in incorrect DNS resolutions on MacOS. Check whether you have a dependency on 'io.netty:netty-resolver-dns-native-macos'
2026-04-23 21:39:16.598  INFO [main] o.h.o.jpa - HHH008540: Processing PersistenceUnitInfo [name: default]
2026-04-23 21:39:16.631  INFO [main] o.h.o.core - HHH000001: Hibernate ORM core version 7.2.7.Final
2026-04-23 21:39:16.829  INFO [main] o.s.o.j.p.SpringPersistenceUnitInfo - No LoadTimeWeaver setup: ignoring JPA class transformer
2026-04-23 21:39:16.846  INFO [main] c.z.h.HikariDataSource - HikariPool-1 - Starting...
2026-04-23 21:39:16.939  INFO [main] c.z.h.p.HikariPool - HikariPool-1 - Added connection conn0: url=jdbc:h2:mem:alunos_db user=SA
2026-04-23 21:39:16.940  INFO [main] c.z.h.HikariDataSource - HikariPool-1 - Start completed.
2026-04-23 21:39:16.981  INFO [main] o.h.o.c.pooling - HHH10001005: Database info:
	Database JDBC URL [jdbc:h2:mem:alunos_db]
	Database driver: H2 JDBC Driver
	Database dialect: H2Dialect
	Database version: 2.4.240
	Default catalog/schema: ALUNOS_DB/PUBLIC
	Autocommit mode: undefined/unknown
	Isolation level: READ_COMMITTED [default READ_COMMITTED]
	JDBC fetch size: 100
	Pool: DataSourceConnectionProvider
	Minimum pool size: undefined/unknown
	Maximum pool size: undefined/unknown
2026-04-23 21:39:17.372  INFO [main] o.h.o.core - HHH000489: No JTA platform available (set 'hibernate.transaction.jta.platform' to enable JTA platform integration)
2026-04-23 21:39:17.374  INFO [main] o.h.o.j.batch - HHH100501: Automatic JDBC statement batching enabled (maximum batch size 100)
2026-04-23 21:39:17.405  INFO [main] o.s.o.j.LocalContainerEntityManagerFactoryBean - Initialized JPA EntityManagerFactory for persistence unit 'default'
2026-04-23 21:39:17.461  INFO [main] o.s.d.j.r.q.QueryEnhancerFactories - Hibernate is in classpath; If applicable, HQL parser will be used.
2026-04-23 21:39:17.559  INFO [main] o.s.s.c.a.a.c.InitializeUserDetailsBeanManagerConfigurer$InitializeUserDetailsManagerConfigurer - Global AuthenticationManager configured with UserDetailsService bean with name userDetailsServiceImpl
2026-04-23 21:39:17.919  INFO [main] o.s.b.t.TomcatWebServer - Tomcat started on port 8081 (http) with context path '/api/v1'
2026-04-23 21:39:17.924  INFO [main] c.b.i.l.LoginApplication - Started LoginApplication in 2.754 seconds (process running for 3.038)
2026-04-23 21:39:20.319  INFO [http-nio-8081-exec-2] o.a.c.c.C.[.[.[/api/v1] - Initializing Spring DispatcherServlet 'dispatcherServlet'
2026-04-23 21:39:20.319  INFO [http-nio-8081-exec-2] o.s.w.s.DispatcherServlet - Initializing Servlet 'dispatcherServlet'
2026-04-23 21:39:20.329  INFO [http-nio-8081-exec-2] o.s.w.s.DispatcherServlet - Completed initialization in 10 ms
2026-04-23 21:39:45.869  INFO [SpringApplicationShutdownHook] o.s.b.t.GracefulShutdown - Commencing graceful shutdown. Waiting for active requests to complete
2026-04-23 21:39:45.879  INFO [tomcat-shutdown] o.s.b.t.GracefulShutdown - Graceful shutdown complete
2026-04-23 21:39:46.001  INFO [SpringApplicationShutdownHook] o.s.o.j.LocalContainerEntityManagerFactoryBean - Closing JPA EntityManagerFactory for persistence unit 'default'
2026-04-23 21:39:46.004  INFO [SpringApplicationShutdownHook] c.z.h.HikariDataSource - HikariPool-1 - Shutdown initiated...
2026-04-23 21:39:46.005  INFO [SpringApplicationShutdownHook] c.z.h.HikariDataSource - HikariPool-1 - Shutdown completed.
2026-04-23 21:44:35.138  INFO [main] c.b.i.l.LoginApplication - Starting LoginApplication using Java 21.0.10 with PID 15186 (/Users/thiagocintra/Documents/gitdevelopment/itau/LoginService/target/classes started by thiagocintra in /Users/thiagocintra/Documents/gitdevelopment/itau/LoginService)
2026-04-23 21:44:35.141  INFO [main] c.b.i.l.LoginApplication - No active profile set, falling back to 1 default profile: "default"
2026-04-23 21:44:35.654  INFO [main] o.s.d.r.c.RepositoryConfigurationDelegate - Multiple Spring Data modules found, entering strict repository configuration mode
2026-04-23 21:44:35.655  INFO [main] o.s.d.r.c.RepositoryConfigurationDelegate - Bootstrapping Spring Data JPA repositories in DEFAULT mode.
2026-04-23 21:44:35.747  INFO [main] o.s.d.r.c.RepositoryConfigurationDelegate - Finished Spring Data repository scanning in 86 ms. Found 1 JPA repository interface.
2026-04-23 21:44:35.780  INFO [main] o.s.d.r.c.RepositoryConfigurationDelegate - Multiple Spring Data modules found, entering strict repository configuration mode
2026-04-23 21:44:35.782  INFO [main] o.s.d.r.c.RepositoryConfigurationDelegate - Bootstrapping Spring Data Redis repositories in DEFAULT mode.
2026-04-23 21:44:35.794  INFO [main] o.s.d.r.c.RepositoryConfigurationExtensionSupport - Spring Data Redis - Could not safely identify store assignment for repository candidate interface com.br.itau.login.repository.UserAccountRepository; If you want this repository to be a Redis repository, consider annotating your entities with one of these annotations: org.springframework.data.redis.core.RedisHash (preferred), or consider extending one of the following types with your repository: org.springframework.data.keyvalue.repository.KeyValueRepository
2026-04-23 21:44:35.795  INFO [main] o.s.d.r.c.RepositoryConfigurationDelegate - Finished Spring Data repository scanning in 4 ms. Found 0 Redis repository interfaces.
2026-04-23 21:44:36.153  INFO [main] o.s.b.t.TomcatWebServer - Tomcat initialized with port 8081 (http)
2026-04-23 21:44:36.164  INFO [main] o.a.c.c.StandardService - Starting service [Tomcat]
2026-04-23 21:44:36.164  INFO [main] o.a.c.c.StandardEngine - Starting Servlet engine: [Apache Tomcat/11.0.20]
2026-04-23 21:44:36.198  INFO [main] o.s.b.w.c.s.WebApplicationContextInitializer - Root WebApplicationContext: initialization completed in 1022 ms
2026-04-23 21:44:36.294  WARN [main] i.n.r.d.DnsServerAddressStreamProviders - Can not find io.netty.resolver.dns.macos.MacOSDnsServerAddressStreamProvider in the classpath, fallback to system defaults. This may result in incorrect DNS resolutions on MacOS. Check whether you have a dependency on 'io.netty:netty-resolver-dns-native-macos'
2026-04-23 21:44:36.584  INFO [main] o.h.o.jpa - HHH008540: Processing PersistenceUnitInfo [name: default]
2026-04-23 21:44:36.620  INFO [main] o.h.o.core - HHH000001: Hibernate ORM core version 7.2.7.Final
2026-04-23 21:44:36.858  INFO [main] o.s.o.j.p.SpringPersistenceUnitInfo - No LoadTimeWeaver setup: ignoring JPA class transformer
2026-04-23 21:44:36.877  INFO [main] c.z.h.HikariDataSource - HikariPool-1 - Starting...
2026-04-23 21:44:37.004  INFO [main] c.z.h.p.HikariPool - HikariPool-1 - Added connection conn0: url=jdbc:h2:mem:alunos_db user=SA
2026-04-23 21:44:37.005  INFO [main] c.z.h.HikariDataSource - HikariPool-1 - Start completed.
2026-04-23 21:44:37.044  INFO [main] o.h.o.c.pooling - HHH10001005: Database info:
	Database JDBC URL [jdbc:h2:mem:alunos_db]
	Database driver: H2 JDBC Driver
	Database dialect: H2Dialect
	Database version: 2.4.240
	Default catalog/schema: ALUNOS_DB/PUBLIC
	Autocommit mode: undefined/unknown
	Isolation level: READ_COMMITTED [default READ_COMMITTED]
	JDBC fetch size: 100
	Pool: DataSourceConnectionProvider
	Minimum pool size: undefined/unknown
	Maximum pool size: undefined/unknown
2026-04-23 21:44:37.511  INFO [main] o.h.o.core - HHH000489: No JTA platform available (set 'hibernate.transaction.jta.platform' to enable JTA platform integration)
2026-04-23 21:44:37.513  INFO [main] o.h.o.j.batch - HHH100501: Automatic JDBC statement batching enabled (maximum batch size 100)
2026-04-23 21:44:37.549  INFO [main] o.s.o.j.LocalContainerEntityManagerFactoryBean - Initialized JPA EntityManagerFactory for persistence unit 'default'
2026-04-23 21:44:37.591  INFO [main] o.s.d.j.r.q.QueryEnhancerFactories - Hibernate is in classpath; If applicable, HQL parser will be used.
2026-04-23 21:44:37.700  INFO [main] o.s.s.c.a.a.c.InitializeUserDetailsBeanManagerConfigurer$InitializeUserDetailsManagerConfigurer - Global AuthenticationManager configured with UserDetailsService bean with name userDetailsServiceImpl
2026-04-23 21:44:55.089  INFO [main] o.s.b.t.TomcatWebServer - Tomcat started on port 8081 (http) with context path '/api/v1'
2026-04-23 21:44:55.095  INFO [main] c.b.i.l.LoginApplication - Started LoginApplication in 20.321 seconds (process running for 20.936)
2026-04-23 21:45:00.362  INFO [http-nio-8081-exec-2] o.a.c.c.C.[.[.[/api/v1] - Initializing Spring DispatcherServlet 'dispatcherServlet'
2026-04-23 21:45:00.362  INFO [http-nio-8081-exec-2] o.s.w.s.DispatcherServlet - Initializing Servlet 'dispatcherServlet'
2026-04-23 21:45:00.366  INFO [http-nio-8081-exec-2] o.s.w.s.DispatcherServlet - Completed initialization in 4 ms
2026-04-23 21:45:23.993  INFO [main] c.b.i.l.LoginApplication - Starting LoginApplication using Java 21.0.10 with PID 15245 (/Users/thiagocintra/Documents/gitdevelopment/itau/LoginService/target/classes started by thiagocintra in /Users/thiagocintra/Documents/gitdevelopment/itau/LoginService)
2026-04-23 21:45:23.999  INFO [main] c.b.i.l.LoginApplication - No active profile set, falling back to 1 default profile: "default"
2026-04-23 21:45:24.397  INFO [main] o.s.d.r.c.RepositoryConfigurationDelegate - Multiple Spring Data modules found, entering strict repository configuration mode
2026-04-23 21:45:24.398  INFO [main] o.s.d.r.c.RepositoryConfigurationDelegate - Bootstrapping Spring Data JPA repositories in DEFAULT mode.
2026-04-23 21:45:24.477  INFO [main] o.s.d.r.c.RepositoryConfigurationDelegate - Finished Spring Data repository scanning in 74 ms. Found 1 JPA repository interface.
2026-04-23 21:45:24.502  INFO [main] o.s.d.r.c.RepositoryConfigurationDelegate - Multiple Spring Data modules found, entering strict repository configuration mode
2026-04-23 21:45:24.503  INFO [main] o.s.d.r.c.RepositoryConfigurationDelegate - Bootstrapping Spring Data Redis repositories in DEFAULT mode.
2026-04-23 21:45:24.514  INFO [main] o.s.d.r.c.RepositoryConfigurationExtensionSupport - Spring Data Redis - Could not safely identify store assignment for repository candidate interface com.br.itau.login.repository.UserAccountRepository; If you want this repository to be a Redis repository, consider annotating your entities with one of these annotations: org.springframework.data.redis.core.RedisHash (preferred), or consider extending one of the following types with your repository: org.springframework.data.keyvalue.repository.KeyValueRepository
2026-04-23 21:45:24.514  INFO [main] o.s.d.r.c.RepositoryConfigurationDelegate - Finished Spring Data repository scanning in 4 ms. Found 0 Redis repository interfaces.
2026-04-23 21:45:24.836  INFO [main] o.s.b.t.TomcatWebServer - Tomcat initialized with port 8081 (http)
2026-04-23 21:45:24.848  INFO [main] o.a.c.c.StandardService - Starting service [Tomcat]
2026-04-23 21:45:24.848  INFO [main] o.a.c.c.StandardEngine - Starting Servlet engine: [Apache Tomcat/11.0.20]
2026-04-23 21:45:24.877  INFO [main] o.s.b.w.c.s.WebApplicationContextInitializer - Root WebApplicationContext: initialization completed in 851 ms
2026-04-23 21:45:24.957  WARN [main] i.n.r.d.DnsServerAddressStreamProviders - Can not find io.netty.resolver.dns.macos.MacOSDnsServerAddressStreamProvider in the classpath, fallback to system defaults. This may result in incorrect DNS resolutions on MacOS. Check whether you have a dependency on 'io.netty:netty-resolver-dns-native-macos'
2026-04-23 21:45:25.209  INFO [main] o.h.o.jpa - HHH008540: Processing PersistenceUnitInfo [name: default]
2026-04-23 21:45:25.242  INFO [main] o.h.o.core - HHH000001: Hibernate ORM core version 7.2.7.Final
2026-04-23 21:45:25.456  INFO [main] o.s.o.j.p.SpringPersistenceUnitInfo - No LoadTimeWeaver setup: ignoring JPA class transformer
2026-04-23 21:45:25.474  INFO [main] c.z.h.HikariDataSource - HikariPool-1 - Starting...
2026-04-23 21:45:25.570  INFO [main] c.z.h.p.HikariPool - HikariPool-1 - Added connection conn0: url=jdbc:h2:mem:alunos_db user=SA
2026-04-23 21:45:25.571  INFO [main] c.z.h.HikariDataSource - HikariPool-1 - Start completed.
2026-04-23 21:45:25.611  INFO [main] o.h.o.c.pooling - HHH10001005: Database info:
	Database JDBC URL [jdbc:h2:mem:alunos_db]
	Database driver: H2 JDBC Driver
	Database dialect: H2Dialect
	Database version: 2.4.240
	Default catalog/schema: ALUNOS_DB/PUBLIC
	Autocommit mode: undefined/unknown
	Isolation level: READ_COMMITTED [default READ_COMMITTED]
	JDBC fetch size: 100
	Pool: DataSourceConnectionProvider
	Minimum pool size: undefined/unknown
	Maximum pool size: undefined/unknown
2026-04-23 21:45:26.018  INFO [main] o.h.o.core - HHH000489: No JTA platform available (set 'hibernate.transaction.jta.platform' to enable JTA platform integration)
2026-04-23 21:45:26.019  INFO [main] o.h.o.j.batch - HHH100501: Automatic JDBC statement batching enabled (maximum batch size 100)
2026-04-23 21:45:26.051  INFO [main] o.s.o.j.LocalContainerEntityManagerFactoryBean - Initialized JPA EntityManagerFactory for persistence unit 'default'
2026-04-23 21:45:26.156  INFO [main] o.s.d.j.r.q.QueryEnhancerFactories - Hibernate is in classpath; If applicable, HQL parser will be used.
2026-04-23 21:45:26.270  INFO [main] o.s.s.c.a.a.c.InitializeUserDetailsBeanManagerConfigurer$InitializeUserDetailsManagerConfigurer - Global AuthenticationManager configured with UserDetailsService bean with name userDetailsServiceImpl
2026-04-23 21:45:26.706  INFO [main] o.s.b.t.TomcatWebServer - Tomcat started on port 8081 (http) with context path '/api/v1'
2026-04-23 21:45:26.711  INFO [main] c.b.i.l.LoginApplication - Started LoginApplication in 2.978 seconds (process running for 3.246)
2026-04-23 21:45:29.053  INFO [http-nio-8081-exec-1] o.a.c.c.C.[.[.[/api/v1] - Initializing Spring DispatcherServlet 'dispatcherServlet'
2026-04-23 21:45:29.053  INFO [http-nio-8081-exec-1] o.s.w.s.DispatcherServlet - Initializing Servlet 'dispatcherServlet'
2026-04-23 21:45:29.054  INFO [http-nio-8081-exec-1] o.s.w.s.DispatcherServlet - Completed initialization in 0 ms
2026-04-23 21:46:09.458  INFO [SpringApplicationShutdownHook] o.s.b.t.GracefulShutdown - Commencing graceful shutdown. Waiting for active requests to complete
2026-04-23 21:46:09.474  INFO [tomcat-shutdown] o.s.b.t.GracefulShutdown - Graceful shutdown complete
2026-04-23 21:46:09.600  INFO [SpringApplicationShutdownHook] o.s.o.j.LocalContainerEntityManagerFactoryBean - Closing JPA EntityManagerFactory for persistence unit 'default'
2026-04-23 21:46:09.603  INFO [SpringApplicationShutdownHook] c.z.h.HikariDataSource - HikariPool-1 - Shutdown initiated...
2026-04-23 21:46:09.605  INFO [SpringApplicationShutdownHook] c.z.h.HikariDataSource - HikariPool-1 - Shutdown completed.
2026-04-23 21:47:04.286  INFO [main] c.b.i.l.LoginApplication - Starting LoginApplication using Java 21.0.10 with PID 15298 (/Users/thiagocintra/Documents/gitdevelopment/itau/LoginService/target/classes started by thiagocintra in /Users/thiagocintra/Documents/gitdevelopment/itau/LoginService)
2026-04-23 21:47:04.291  INFO [main] c.b.i.l.LoginApplication - No active profile set, falling back to 1 default profile: "default"
2026-04-23 21:47:04.727  INFO [main] o.s.d.r.c.RepositoryConfigurationDelegate - Multiple Spring Data modules found, entering strict repository configuration mode
2026-04-23 21:47:04.728  INFO [main] o.s.d.r.c.RepositoryConfigurationDelegate - Bootstrapping Spring Data JPA repositories in DEFAULT mode.
2026-04-23 21:47:04.815  INFO [main] o.s.d.r.c.RepositoryConfigurationDelegate - Finished Spring Data repository scanning in 80 ms. Found 1 JPA repository interface.
2026-04-23 21:47:04.843  INFO [main] o.s.d.r.c.RepositoryConfigurationDelegate - Multiple Spring Data modules found, entering strict repository configuration mode
2026-04-23 21:47:04.844  INFO [main] o.s.d.r.c.RepositoryConfigurationDelegate - Bootstrapping Spring Data Redis repositories in DEFAULT mode.
2026-04-23 21:47:04.855  INFO [main] o.s.d.r.c.RepositoryConfigurationExtensionSupport - Spring Data Redis - Could not safely identify store assignment for repository candidate interface com.br.itau.login.repository.UserAccountRepository; If you want this repository to be a Redis repository, consider annotating your entities with one of these annotations: org.springframework.data.redis.core.RedisHash (preferred), or consider extending one of the following types with your repository: org.springframework.data.keyvalue.repository.KeyValueRepository
2026-04-23 21:47:04.856  INFO [main] o.s.d.r.c.RepositoryConfigurationDelegate - Finished Spring Data repository scanning in 4 ms. Found 0 Redis repository interfaces.
2026-04-23 21:47:05.207  INFO [main] o.s.b.t.TomcatWebServer - Tomcat initialized with port 8081 (http)
2026-04-23 21:47:05.216  INFO [main] o.a.c.c.StandardService - Starting service [Tomcat]
2026-04-23 21:47:05.217  INFO [main] o.a.c.c.StandardEngine - Starting Servlet engine: [Apache Tomcat/11.0.20]
2026-04-23 21:47:05.246  INFO [main] o.s.b.w.c.s.WebApplicationContextInitializer - Root WebApplicationContext: initialization completed in 922 ms
2026-04-23 21:47:05.355  WARN [main] i.n.r.d.DnsServerAddressStreamProviders - Can not find io.netty.resolver.dns.macos.MacOSDnsServerAddressStreamProvider in the classpath, fallback to system defaults. This may result in incorrect DNS resolutions on MacOS. Check whether you have a dependency on 'io.netty:netty-resolver-dns-native-macos'
2026-04-23 21:47:05.663  INFO [main] o.h.o.jpa - HHH008540: Processing PersistenceUnitInfo [name: default]
2026-04-23 21:47:05.700  INFO [main] o.h.o.core - HHH000001: Hibernate ORM core version 7.2.7.Final
2026-04-23 21:47:05.941  INFO [main] o.s.o.j.p.SpringPersistenceUnitInfo - No LoadTimeWeaver setup: ignoring JPA class transformer
2026-04-23 21:47:05.962  INFO [main] c.z.h.HikariDataSource - HikariPool-1 - Starting...
2026-04-23 21:47:06.076  INFO [main] c.z.h.p.HikariPool - HikariPool-1 - Added connection conn0: url=jdbc:h2:mem:alunos_db user=SA
2026-04-23 21:47:06.077  INFO [main] c.z.h.HikariDataSource - HikariPool-1 - Start completed.
2026-04-23 21:47:06.113  INFO [main] o.h.o.c.pooling - HHH10001005: Database info:
	Database JDBC URL [jdbc:h2:mem:alunos_db]
	Database driver: H2 JDBC Driver
	Database dialect: H2Dialect
	Database version: 2.4.240
	Default catalog/schema: ALUNOS_DB/PUBLIC
	Autocommit mode: undefined/unknown
	Isolation level: READ_COMMITTED [default READ_COMMITTED]
	JDBC fetch size: 100
	Pool: DataSourceConnectionProvider
	Minimum pool size: undefined/unknown
	Maximum pool size: undefined/unknown
2026-04-23 21:47:06.588  INFO [main] o.h.o.core - HHH000489: No JTA platform available (set 'hibernate.transaction.jta.platform' to enable JTA platform integration)
2026-04-23 21:47:06.590  INFO [main] o.h.o.j.batch - HHH100501: Automatic JDBC statement batching enabled (maximum batch size 100)
2026-04-23 21:47:06.626  INFO [main] o.s.o.j.LocalContainerEntityManagerFactoryBean - Initialized JPA EntityManagerFactory for persistence unit 'default'
2026-04-23 21:47:06.670  INFO [main] o.s.d.j.r.q.QueryEnhancerFactories - Hibernate is in classpath; If applicable, HQL parser will be used.
2026-04-23 21:47:06.781  INFO [main] o.s.s.c.a.a.c.InitializeUserDetailsBeanManagerConfigurer$InitializeUserDetailsManagerConfigurer - Global AuthenticationManager configured with UserDetailsService bean with name userDetailsServiceImpl
2026-04-23 21:47:07.186  INFO [main] o.s.b.t.TomcatWebServer - Tomcat started on port 8081 (http) with context path '/api/v1'
2026-04-23 21:47:07.191  INFO [main] c.b.i.l.LoginApplication - Started LoginApplication in 3.203 seconds (process running for 3.662)
2026-04-23 21:47:12.456  INFO [http-nio-8081-exec-2] o.a.c.c.C.[.[.[/api/v1] - Initializing Spring DispatcherServlet 'dispatcherServlet'
2026-04-23 21:47:12.457  INFO [http-nio-8081-exec-2] o.s.w.s.DispatcherServlet - Initializing Servlet 'dispatcherServlet'
2026-04-23 21:47:12.458  INFO [http-nio-8081-exec-2] o.s.w.s.DispatcherServlet - Completed initialization in 1 ms
2026-04-23 21:49:00.017  INFO [main] c.b.i.l.LoginApplication - Starting LoginApplication using Java 21.0.10 with PID 15350 (/Users/thiagocintra/Documents/gitdevelopment/itau/LoginService/target/classes started by thiagocintra in /Users/thiagocintra/Documents/gitdevelopment/itau/LoginService)
2026-04-23 21:49:00.022  INFO [main] c.b.i.l.LoginApplication - No active profile set, falling back to 1 default profile: "default"
2026-04-23 21:49:00.456  INFO [main] o.s.d.r.c.RepositoryConfigurationDelegate - Multiple Spring Data modules found, entering strict repository configuration mode
2026-04-23 21:49:00.457  INFO [main] o.s.d.r.c.RepositoryConfigurationDelegate - Bootstrapping Spring Data JPA repositories in DEFAULT mode.
2026-04-23 21:49:00.549  INFO [main] o.s.d.r.c.RepositoryConfigurationDelegate - Finished Spring Data repository scanning in 86 ms. Found 1 JPA repository interface.
2026-04-23 21:49:00.578  INFO [main] o.s.d.r.c.RepositoryConfigurationDelegate - Multiple Spring Data modules found, entering strict repository configuration mode
2026-04-23 21:49:00.579  INFO [main] o.s.d.r.c.RepositoryConfigurationDelegate - Bootstrapping Spring Data Redis repositories in DEFAULT mode.
2026-04-23 21:49:00.591  INFO [main] o.s.d.r.c.RepositoryConfigurationExtensionSupport - Spring Data Redis - Could not safely identify store assignment for repository candidate interface com.br.itau.login.repository.UserAccountRepository; If you want this repository to be a Redis repository, consider annotating your entities with one of these annotations: org.springframework.data.redis.core.RedisHash (preferred), or consider extending one of the following types with your repository: org.springframework.data.keyvalue.repository.KeyValueRepository
2026-04-23 21:49:00.591  INFO [main] o.s.d.r.c.RepositoryConfigurationDelegate - Finished Spring Data repository scanning in 4 ms. Found 0 Redis repository interfaces.
2026-04-23 21:49:00.943  INFO [main] o.s.b.t.TomcatWebServer - Tomcat initialized with port 8081 (http)
2026-04-23 21:49:00.953  INFO [main] o.a.c.c.StandardService - Starting service [Tomcat]
2026-04-23 21:49:00.954  INFO [main] o.a.c.c.StandardEngine - Starting Servlet engine: [Apache Tomcat/11.0.20]
2026-04-23 21:49:00.983  INFO [main] o.s.b.w.c.s.WebApplicationContextInitializer - Root WebApplicationContext: initialization completed in 930 ms
2026-04-23 21:49:01.080  WARN [main] i.n.r.d.DnsServerAddressStreamProviders - Can not find io.netty.resolver.dns.macos.MacOSDnsServerAddressStreamProvider in the classpath, fallback to system defaults. This may result in incorrect DNS resolutions on MacOS. Check whether you have a dependency on 'io.netty:netty-resolver-dns-native-macos'
2026-04-23 21:49:01.365  INFO [main] o.h.o.jpa - HHH008540: Processing PersistenceUnitInfo [name: default]
2026-04-23 21:49:01.402  INFO [main] o.h.o.core - HHH000001: Hibernate ORM core version 7.2.7.Final
2026-04-23 21:49:01.788  INFO [main] o.s.o.j.p.SpringPersistenceUnitInfo - No LoadTimeWeaver setup: ignoring JPA class transformer
2026-04-23 21:49:01.823  INFO [main] c.z.h.HikariDataSource - HikariPool-1 - Starting...
2026-04-23 21:49:01.997  INFO [main] c.z.h.p.HikariPool - HikariPool-1 - Added connection conn0: url=jdbc:h2:mem:alunos_db user=SA
2026-04-23 21:49:01.999  INFO [main] c.z.h.HikariDataSource - HikariPool-1 - Start completed.
2026-04-23 21:49:02.073  INFO [main] o.h.o.c.pooling - HHH10001005: Database info:
	Database JDBC URL [jdbc:h2:mem:alunos_db]
	Database driver: H2 JDBC Driver
	Database dialect: H2Dialect
	Database version: 2.4.240
	Default catalog/schema: ALUNOS_DB/PUBLIC
	Autocommit mode: undefined/unknown
	Isolation level: READ_COMMITTED [default READ_COMMITTED]
	JDBC fetch size: 100
	Pool: DataSourceConnectionProvider
	Minimum pool size: undefined/unknown
	Maximum pool size: undefined/unknown
2026-04-23 21:49:02.767  INFO [main] o.h.o.core - HHH000489: No JTA platform available (set 'hibernate.transaction.jta.platform' to enable JTA platform integration)
2026-04-23 21:49:02.772  INFO [main] o.h.o.j.batch - HHH100501: Automatic JDBC statement batching enabled (maximum batch size 100)
2026-04-23 21:49:02.816  INFO [main] o.s.o.j.LocalContainerEntityManagerFactoryBean - Initialized JPA EntityManagerFactory for persistence unit 'default'
2026-04-23 21:49:02.864  INFO [main] o.s.d.j.r.q.QueryEnhancerFactories - Hibernate is in classpath; If applicable, HQL parser will be used.
2026-04-23 21:49:03.013  INFO [main] o.s.s.c.a.a.c.InitializeUserDetailsBeanManagerConfigurer$InitializeUserDetailsManagerConfigurer - Global AuthenticationManager configured with UserDetailsService bean with name userDetailsServiceImpl
2026-04-23 21:49:03.487  INFO [main] o.s.b.t.TomcatWebServer - Tomcat started on port 8081 (http) with context path '/api/v1'
2026-04-23 21:49:03.491  INFO [main] c.b.i.l.LoginApplication - Started LoginApplication in 3.764 seconds (process running for 4.263)
2026-04-23 21:49:06.865  INFO [http-nio-8081-exec-3] o.a.c.c.C.[.[.[/api/v1] - Initializing Spring DispatcherServlet 'dispatcherServlet'
2026-04-23 21:49:06.865  INFO [http-nio-8081-exec-3] o.s.w.s.DispatcherServlet - Initializing Servlet 'dispatcherServlet'
2026-04-23 21:49:06.868  INFO [http-nio-8081-exec-3] o.s.w.s.DispatcherServlet - Completed initialization in 3 ms
2026-04-23 21:50:17.398  INFO [main] c.b.i.l.LoginApplication - Starting LoginApplication using Java 21.0.10 with PID 15431 (/Users/thiagocintra/Documents/gitdevelopment/itau/LoginService/target/classes started by thiagocintra in /Users/thiagocintra/Documents/gitdevelopment/itau/LoginService)
2026-04-23 21:50:17.402  INFO [main] c.b.i.l.LoginApplication - No active profile set, falling back to 1 default profile: "default"
2026-04-23 21:50:17.772  INFO [main] o.s.d.r.c.RepositoryConfigurationDelegate - Multiple Spring Data modules found, entering strict repository configuration mode
2026-04-23 21:50:17.773  INFO [main] o.s.d.r.c.RepositoryConfigurationDelegate - Bootstrapping Spring Data JPA repositories in DEFAULT mode.
2026-04-23 21:50:17.860  INFO [main] o.s.d.r.c.RepositoryConfigurationDelegate - Finished Spring Data repository scanning in 72 ms. Found 1 JPA repository interface.
2026-04-23 21:50:17.887  INFO [main] o.s.d.r.c.RepositoryConfigurationDelegate - Multiple Spring Data modules found, entering strict repository configuration mode
2026-04-23 21:50:17.888  INFO [main] o.s.d.r.c.RepositoryConfigurationDelegate - Bootstrapping Spring Data Redis repositories in DEFAULT mode.
2026-04-23 21:50:17.899  INFO [main] o.s.d.r.c.RepositoryConfigurationExtensionSupport - Spring Data Redis - Could not safely identify store assignment for repository candidate interface com.br.itau.login.repository.UserAccountRepository; If you want this repository to be a Redis repository, consider annotating your entities with one of these annotations: org.springframework.data.redis.core.RedisHash (preferred), or consider extending one of the following types with your repository: org.springframework.data.keyvalue.repository.KeyValueRepository
2026-04-23 21:50:17.900  INFO [main] o.s.d.r.c.RepositoryConfigurationDelegate - Finished Spring Data repository scanning in 4 ms. Found 0 Redis repository interfaces.
2026-04-23 21:50:18.248  INFO [main] o.s.b.t.TomcatWebServer - Tomcat initialized with port 8081 (http)
2026-04-23 21:50:18.258  INFO [main] o.a.c.c.StandardService - Starting service [Tomcat]
2026-04-23 21:50:18.258  INFO [main] o.a.c.c.StandardEngine - Starting Servlet engine: [Apache Tomcat/11.0.20]
2026-04-23 21:50:18.286  INFO [main] o.s.b.w.c.s.WebApplicationContextInitializer - Root WebApplicationContext: initialization completed in 861 ms
2026-04-23 21:50:18.366  WARN [main] i.n.r.d.DnsServerAddressStreamProviders - Can not find io.netty.resolver.dns.macos.MacOSDnsServerAddressStreamProvider in the classpath, fallback to system defaults. This may result in incorrect DNS resolutions on MacOS. Check whether you have a dependency on 'io.netty:netty-resolver-dns-native-macos'
2026-04-23 21:50:18.601  INFO [main] o.h.o.jpa - HHH008540: Processing PersistenceUnitInfo [name: default]
2026-04-23 21:50:18.633  INFO [main] o.h.o.core - HHH000001: Hibernate ORM core version 7.2.7.Final
2026-04-23 21:50:18.838  INFO [main] o.s.o.j.p.SpringPersistenceUnitInfo - No LoadTimeWeaver setup: ignoring JPA class transformer
2026-04-23 21:50:18.861  INFO [main] c.z.h.HikariDataSource - HikariPool-1 - Starting...
2026-04-23 21:50:18.954  INFO [main] c.z.h.p.HikariPool - HikariPool-1 - Added connection conn0: url=jdbc:h2:mem:alunos_db user=SA
2026-04-23 21:50:18.954  INFO [main] c.z.h.HikariDataSource - HikariPool-1 - Start completed.
2026-04-23 21:50:18.992  INFO [main] o.h.o.c.pooling - HHH10001005: Database info:
	Database JDBC URL [jdbc:h2:mem:alunos_db]
	Database driver: H2 JDBC Driver
	Database dialect: H2Dialect
	Database version: 2.4.240
	Default catalog/schema: ALUNOS_DB/PUBLIC
	Autocommit mode: undefined/unknown
	Isolation level: READ_COMMITTED [default READ_COMMITTED]
	JDBC fetch size: 100
	Pool: DataSourceConnectionProvider
	Minimum pool size: undefined/unknown
	Maximum pool size: undefined/unknown
2026-04-23 21:50:19.379  INFO [main] o.h.o.core - HHH000489: No JTA platform available (set 'hibernate.transaction.jta.platform' to enable JTA platform integration)
2026-04-23 21:50:19.381  INFO [main] o.h.o.j.batch - HHH100501: Automatic JDBC statement batching enabled (maximum batch size 100)
2026-04-23 21:50:19.411  INFO [main] o.s.o.j.LocalContainerEntityManagerFactoryBean - Initialized JPA EntityManagerFactory for persistence unit 'default'
2026-04-23 21:50:19.449  INFO [main] o.s.d.j.r.q.QueryEnhancerFactories - Hibernate is in classpath; If applicable, HQL parser will be used.
2026-04-23 21:50:19.543  INFO [main] o.s.s.c.a.a.c.InitializeUserDetailsBeanManagerConfigurer$InitializeUserDetailsManagerConfigurer - Global AuthenticationManager configured with UserDetailsService bean with name userDetailsServiceImpl
2026-04-23 21:50:19.951  INFO [main] o.s.b.t.TomcatWebServer - Tomcat started on port 8081 (http) with context path '/api/v1'
2026-04-23 21:50:19.955  INFO [main] c.b.i.l.LoginApplication - Started LoginApplication in 2.819 seconds (process running for 3.105)
2026-04-23 21:50:22.781  INFO [http-nio-8081-exec-2] o.a.c.c.C.[.[.[/api/v1] - Initializing Spring DispatcherServlet 'dispatcherServlet'
2026-04-23 21:50:22.782  INFO [http-nio-8081-exec-2] o.s.w.s.DispatcherServlet - Initializing Servlet 'dispatcherServlet'
2026-04-23 21:50:22.783  INFO [http-nio-8081-exec-2] o.s.w.s.DispatcherServlet - Completed initialization in 1 ms
2026-04-23 21:50:39.569  INFO [SpringApplicationShutdownHook] o.s.b.t.GracefulShutdown - Commencing graceful shutdown. Waiting for active requests to complete
2026-04-23 21:50:39.606  INFO [tomcat-shutdown] o.s.b.t.GracefulShutdown - Graceful shutdown complete
2026-04-23 21:50:39.731  INFO [SpringApplicationShutdownHook] o.s.o.j.LocalContainerEntityManagerFactoryBean - Closing JPA EntityManagerFactory for persistence unit 'default'
2026-04-23 21:50:39.736  INFO [SpringApplicationShutdownHook] c.z.h.HikariDataSource - HikariPool-1 - Shutdown initiated...
2026-04-23 21:50:39.737  INFO [SpringApplicationShutdownHook] c.z.h.HikariDataSource - HikariPool-1 - Shutdown completed.
2026-04-23 21:50:44.896  INFO [main] c.b.i.l.LoginApplication - Starting LoginApplication using Java 21.0.10 with PID 15546 (/Users/thiagocintra/Documents/gitdevelopment/itau/LoginService/target/classes started by thiagocintra in /Users/thiagocintra/Documents/gitdevelopment/itau/LoginService)
2026-04-23 21:50:44.901  INFO [main] c.b.i.l.LoginApplication - No active profile set, falling back to 1 default profile: "default"
2026-04-23 21:50:45.293  INFO [main] o.s.d.r.c.RepositoryConfigurationDelegate - Multiple Spring Data modules found, entering strict repository configuration mode
2026-04-23 21:50:45.294  INFO [main] o.s.d.r.c.RepositoryConfigurationDelegate - Bootstrapping Spring Data JPA repositories in DEFAULT mode.
2026-04-23 21:50:45.390  INFO [main] o.s.d.r.c.RepositoryConfigurationDelegate - Finished Spring Data repository scanning in 86 ms. Found 1 JPA repository interface.
2026-04-23 21:50:45.417  INFO [main] o.s.d.r.c.RepositoryConfigurationDelegate - Multiple Spring Data modules found, entering strict repository configuration mode
2026-04-23 21:50:45.418  INFO [main] o.s.d.r.c.RepositoryConfigurationDelegate - Bootstrapping Spring Data Redis repositories in DEFAULT mode.
2026-04-23 21:50:45.430  INFO [main] o.s.d.r.c.RepositoryConfigurationExtensionSupport - Spring Data Redis - Could not safely identify store assignment for repository candidate interface com.br.itau.login.repository.UserAccountRepository; If you want this repository to be a Redis repository, consider annotating your entities with one of these annotations: org.springframework.data.redis.core.RedisHash (preferred), or consider extending one of the following types with your repository: org.springframework.data.keyvalue.repository.KeyValueRepository
2026-04-23 21:50:45.430  INFO [main] o.s.d.r.c.RepositoryConfigurationDelegate - Finished Spring Data repository scanning in 4 ms. Found 0 Redis repository interfaces.
2026-04-23 21:50:45.753  INFO [main] o.s.b.t.TomcatWebServer - Tomcat initialized with port 8081 (http)
2026-04-23 21:50:45.763  INFO [main] o.a.c.c.StandardService - Starting service [Tomcat]
2026-04-23 21:50:45.763  INFO [main] o.a.c.c.StandardEngine - Starting Servlet engine: [Apache Tomcat/11.0.20]
2026-04-23 21:50:45.790  INFO [main] o.s.b.w.c.s.WebApplicationContextInitializer - Root WebApplicationContext: initialization completed in 863 ms
2026-04-23 21:50:45.870  WARN [main] i.n.r.d.DnsServerAddressStreamProviders - Can not find io.netty.resolver.dns.macos.MacOSDnsServerAddressStreamProvider in the classpath, fallback to system defaults. This may result in incorrect DNS resolutions on MacOS. Check whether you have a dependency on 'io.netty:netty-resolver-dns-native-macos'
2026-04-23 21:50:46.105  INFO [main] o.h.o.jpa - HHH008540: Processing PersistenceUnitInfo [name: default]
2026-04-23 21:50:46.137  INFO [main] o.h.o.core - HHH000001: Hibernate ORM core version 7.2.7.Final
2026-04-23 21:50:46.334  INFO [main] o.s.o.j.p.SpringPersistenceUnitInfo - No LoadTimeWeaver setup: ignoring JPA class transformer
2026-04-23 21:50:46.351  INFO [main] c.z.h.HikariDataSource - HikariPool-1 - Starting...
2026-04-23 21:50:46.447  INFO [main] c.z.h.p.HikariPool - HikariPool-1 - Added connection conn0: url=jdbc:h2:mem:alunos_db user=SA
2026-04-23 21:50:46.447  INFO [main] c.z.h.HikariDataSource - HikariPool-1 - Start completed.
2026-04-23 21:50:46.484  INFO [main] o.h.o.c.pooling - HHH10001005: Database info:
	Database JDBC URL [jdbc:h2:mem:alunos_db]
	Database driver: H2 JDBC Driver
	Database dialect: H2Dialect
	Database version: 2.4.240
	Default catalog/schema: ALUNOS_DB/PUBLIC
	Autocommit mode: undefined/unknown
	Isolation level: READ_COMMITTED [default READ_COMMITTED]
	JDBC fetch size: 100
	Pool: DataSourceConnectionProvider
	Minimum pool size: undefined/unknown
	Maximum pool size: undefined/unknown
2026-04-23 21:50:46.879  INFO [main] o.h.o.core - HHH000489: No JTA platform available (set 'hibernate.transaction.jta.platform' to enable JTA platform integration)
2026-04-23 21:50:46.880  INFO [main] o.h.o.j.batch - HHH100501: Automatic JDBC statement batching enabled (maximum batch size 100)
2026-04-23 21:50:46.912  INFO [main] o.s.o.j.LocalContainerEntityManagerFactoryBean - Initialized JPA EntityManagerFactory for persistence unit 'default'
2026-04-23 21:50:46.966  INFO [main] o.s.d.j.r.q.QueryEnhancerFactories - Hibernate is in classpath; If applicable, HQL parser will be used.
2026-04-23 21:50:47.063  INFO [main] o.s.s.c.a.a.c.InitializeUserDetailsBeanManagerConfigurer$InitializeUserDetailsManagerConfigurer - Global AuthenticationManager configured with UserDetailsService bean with name userDetailsServiceImpl
2026-04-23 21:50:47.421  INFO [main] o.s.b.t.TomcatWebServer - Tomcat started on port 8081 (http) with context path '/api/v1'
2026-04-23 21:50:47.426  INFO [main] c.b.i.l.LoginApplication - Started LoginApplication in 2.793 seconds (process running for 3.071)
2026-04-23 21:50:52.117  INFO [http-nio-8081-exec-2] o.a.c.c.C.[.[.[/api/v1] - Initializing Spring DispatcherServlet 'dispatcherServlet'
2026-04-23 21:50:52.117  INFO [http-nio-8081-exec-2] o.s.w.s.DispatcherServlet - Initializing Servlet 'dispatcherServlet'
2026-04-23 21:50:52.121  INFO [http-nio-8081-exec-2] o.s.w.s.DispatcherServlet - Completed initialization in 4 ms
2026-04-23 21:52:46.164  INFO [main] c.b.i.l.LoginApplication - Starting LoginApplication using Java 21.0.10 with PID 15642 (/Users/thiagocintra/Documents/gitdevelopment/itau/LoginService/target/classes started by thiagocintra in /Users/thiagocintra/Documents/gitdevelopment/itau/LoginService)
2026-04-23 21:52:46.166  INFO [main] c.b.i.l.LoginApplication - No active profile set, falling back to 1 default profile: "default"
2026-04-23 21:52:46.545  INFO [main] o.s.d.r.c.RepositoryConfigurationDelegate - Multiple Spring Data modules found, entering strict repository configuration mode
2026-04-23 21:52:46.546  INFO [main] o.s.d.r.c.RepositoryConfigurationDelegate - Bootstrapping Spring Data JPA repositories in DEFAULT mode.
2026-04-23 21:52:46.629  INFO [main] o.s.d.r.c.RepositoryConfigurationDelegate - Finished Spring Data repository scanning in 77 ms. Found 1 JPA repository interface.
2026-04-23 21:52:46.653  INFO [main] o.s.d.r.c.RepositoryConfigurationDelegate - Multiple Spring Data modules found, entering strict repository configuration mode
2026-04-23 21:52:46.654  INFO [main] o.s.d.r.c.RepositoryConfigurationDelegate - Bootstrapping Spring Data Redis repositories in DEFAULT mode.
2026-04-23 21:52:46.665  INFO [main] o.s.d.r.c.RepositoryConfigurationExtensionSupport - Spring Data Redis - Could not safely identify store assignment for repository candidate interface com.br.itau.login.repository.UserAccountRepository; If you want this repository to be a Redis repository, consider annotating your entities with one of these annotations: org.springframework.data.redis.core.RedisHash (preferred), or consider extending one of the following types with your repository: org.springframework.data.keyvalue.repository.KeyValueRepository
2026-04-23 21:52:46.665  INFO [main] o.s.d.r.c.RepositoryConfigurationDelegate - Finished Spring Data repository scanning in 4 ms. Found 0 Redis repository interfaces.
2026-04-23 21:52:46.979  INFO [main] o.s.b.t.TomcatWebServer - Tomcat initialized with port 8081 (http)
2026-04-23 21:52:46.993  INFO [main] o.a.c.c.StandardService - Starting service [Tomcat]
2026-04-23 21:52:46.994  INFO [main] o.a.c.c.StandardEngine - Starting Servlet engine: [Apache Tomcat/11.0.20]
2026-04-23 21:52:47.024  INFO [main] o.s.b.w.c.s.WebApplicationContextInitializer - Root WebApplicationContext: initialization completed in 830 ms
2026-04-23 21:52:47.104  WARN [main] i.n.r.d.DnsServerAddressStreamProviders - Can not find io.netty.resolver.dns.macos.MacOSDnsServerAddressStreamProvider in the classpath, fallback to system defaults. This may result in incorrect DNS resolutions on MacOS. Check whether you have a dependency on 'io.netty:netty-resolver-dns-native-macos'
2026-04-23 21:52:47.349  INFO [main] o.h.o.jpa - HHH008540: Processing PersistenceUnitInfo [name: default]
2026-04-23 21:52:47.385  INFO [main] o.h.o.core - HHH000001: Hibernate ORM core version 7.2.7.Final
2026-04-23 21:52:47.598  INFO [main] o.s.o.j.p.SpringPersistenceUnitInfo - No LoadTimeWeaver setup: ignoring JPA class transformer
2026-04-23 21:52:47.616  INFO [main] c.z.h.HikariDataSource - HikariPool-1 - Starting...
2026-04-23 21:52:47.715  INFO [main] c.z.h.p.HikariPool - HikariPool-1 - Added connection conn0: url=jdbc:h2:mem:alunos_db user=SA
2026-04-23 21:52:47.716  INFO [main] c.z.h.HikariDataSource - HikariPool-1 - Start completed.
2026-04-23 21:52:47.755  INFO [main] o.h.o.c.pooling - HHH10001005: Database info:
	Database JDBC URL [jdbc:h2:mem:alunos_db]
	Database driver: H2 JDBC Driver
	Database dialect: H2Dialect
	Database version: 2.4.240
	Default catalog/schema: ALUNOS_DB/PUBLIC
	Autocommit mode: undefined/unknown
	Isolation level: READ_COMMITTED [default READ_COMMITTED]
	JDBC fetch size: 100
	Pool: DataSourceConnectionProvider
	Minimum pool size: undefined/unknown
	Maximum pool size: undefined/unknown
2026-04-23 21:52:48.154  INFO [main] o.h.o.core - HHH000489: No JTA platform available (set 'hibernate.transaction.jta.platform' to enable JTA platform integration)
2026-04-23 21:52:48.156  INFO [main] o.h.o.j.batch - HHH100501: Automatic JDBC statement batching enabled (maximum batch size 100)
2026-04-23 21:52:48.187  INFO [main] o.s.o.j.LocalContainerEntityManagerFactoryBean - Initialized JPA EntityManagerFactory for persistence unit 'default'
2026-04-23 21:52:48.238  INFO [main] o.s.d.j.r.q.QueryEnhancerFactories - Hibernate is in classpath; If applicable, HQL parser will be used.
2026-04-23 21:52:48.339  INFO [main] o.s.s.c.a.a.c.InitializeUserDetailsBeanManagerConfigurer$InitializeUserDetailsManagerConfigurer - Global AuthenticationManager configured with UserDetailsService bean with name userDetailsServiceImpl
2026-04-23 21:52:48.821  WARN [main] o.s.b.w.s.s.c.AnnotationConfigServletWebServerApplicationContext - Exception encountered during context initialization - cancelling refresh attempt: org.springframework.context.ApplicationContextException: Failed to start bean 'webServerStartStop'
2026-04-23 21:52:48.823  INFO [main] o.s.o.j.LocalContainerEntityManagerFactoryBean - Closing JPA EntityManagerFactory for persistence unit 'default'
2026-04-23 21:52:48.825  INFO [main] c.z.h.HikariDataSource - HikariPool-1 - Shutdown initiated...
2026-04-23 21:52:48.829  INFO [main] c.z.h.HikariDataSource - HikariPool-1 - Shutdown completed.
2026-04-23 21:52:48.835  INFO [main] o.s.b.a.l.ConditionEvaluationReportLogger - 

Error starting ApplicationContext. To display the condition evaluation report re-run your application with 'debug' enabled.
2026-04-23 21:52:48.850 ERROR [main] o.s.b.d.LoggingFailureAnalysisReporter - 

***************************
APPLICATION FAILED TO START
***************************

Description:

Web server failed to start. Port 8081 was already in use.

Action:

Identify and stop the process that's listening on port 8081 or configure this application to listen on another port.

2026-04-23 21:52:53.724  INFO [SpringApplicationShutdownHook] o.s.b.t.GracefulShutdown - Commencing graceful shutdown. Waiting for active requests to complete
2026-04-23 21:52:53.746  INFO [tomcat-shutdown] o.s.b.t.GracefulShutdown - Graceful shutdown complete
2026-04-23 21:52:53.867  INFO [SpringApplicationShutdownHook] o.s.o.j.LocalContainerEntityManagerFactoryBean - Closing JPA EntityManagerFactory for persistence unit 'default'
2026-04-23 21:52:53.870  INFO [SpringApplicationShutdownHook] c.z.h.HikariDataSource - HikariPool-1 - Shutdown initiated...
2026-04-23 21:52:53.872  INFO [SpringApplicationShutdownHook] c.z.h.HikariDataSource - HikariPool-1 - Shutdown completed.
2026-04-23 21:52:57.576  INFO [main] c.b.i.l.LoginApplication - Starting LoginApplication using Java 21.0.10 with PID 15647 (/Users/thiagocintra/Documents/gitdevelopment/itau/LoginService/target/classes started by thiagocintra in /Users/thiagocintra/Documents/gitdevelopment/itau/LoginService)
2026-04-23 21:52:57.578  INFO [main] c.b.i.l.LoginApplication - No active profile set, falling back to 1 default profile: "default"
2026-04-23 21:52:57.908  INFO [main] o.s.d.r.c.RepositoryConfigurationDelegate - Multiple Spring Data modules found, entering strict repository configuration mode
2026-04-23 21:52:57.909  INFO [main] o.s.d.r.c.RepositoryConfigurationDelegate - Bootstrapping Spring Data JPA repositories in DEFAULT mode.
2026-04-23 21:52:57.986  INFO [main] o.s.d.r.c.RepositoryConfigurationDelegate - Finished Spring Data repository scanning in 71 ms. Found 1 JPA repository interface.
2026-04-23 21:52:58.009  INFO [main] o.s.d.r.c.RepositoryConfigurationDelegate - Multiple Spring Data modules found, entering strict repository configuration mode
2026-04-23 21:52:58.009  INFO [main] o.s.d.r.c.RepositoryConfigurationDelegate - Bootstrapping Spring Data Redis repositories in DEFAULT mode.
2026-04-23 21:52:58.019  INFO [main] o.s.d.r.c.RepositoryConfigurationExtensionSupport - Spring Data Redis - Could not safely identify store assignment for repository candidate interface com.br.itau.login.repository.UserAccountRepository; If you want this repository to be a Redis repository, consider annotating your entities with one of these annotations: org.springframework.data.redis.core.RedisHash (preferred), or consider extending one of the following types with your repository: org.springframework.data.keyvalue.repository.KeyValueRepository
2026-04-23 21:52:58.019  INFO [main] o.s.d.r.c.RepositoryConfigurationDelegate - Finished Spring Data repository scanning in 4 ms. Found 0 Redis repository interfaces.
2026-04-23 21:52:58.323  INFO [main] o.s.b.t.TomcatWebServer - Tomcat initialized with port 8081 (http)
2026-04-23 21:52:58.332  INFO [main] o.a.c.c.StandardService - Starting service [Tomcat]
2026-04-23 21:52:58.332  INFO [main] o.a.c.c.StandardEngine - Starting Servlet engine: [Apache Tomcat/11.0.20]
2026-04-23 21:52:58.357  INFO [main] o.s.b.w.c.s.WebApplicationContextInitializer - Root WebApplicationContext: initialization completed in 757 ms
2026-04-23 21:52:58.431  WARN [main] i.n.r.d.DnsServerAddressStreamProviders - Can not find io.netty.resolver.dns.macos.MacOSDnsServerAddressStreamProvider in the classpath, fallback to system defaults. This may result in incorrect DNS resolutions on MacOS. Check whether you have a dependency on 'io.netty:netty-resolver-dns-native-macos'
2026-04-23 21:52:58.662  INFO [main] o.h.o.jpa - HHH008540: Processing PersistenceUnitInfo [name: default]
2026-04-23 21:52:58.688  INFO [main] o.h.o.core - HHH000001: Hibernate ORM core version 7.2.7.Final
2026-04-23 21:52:58.869  INFO [main] o.s.o.j.p.SpringPersistenceUnitInfo - No LoadTimeWeaver setup: ignoring JPA class transformer
2026-04-23 21:52:58.884  INFO [main] c.z.h.HikariDataSource - HikariPool-1 - Starting...
2026-04-23 21:52:58.969  INFO [main] c.z.h.p.HikariPool - HikariPool-1 - Added connection conn0: url=jdbc:h2:mem:alunos_db user=SA
2026-04-23 21:52:58.970  INFO [main] c.z.h.HikariDataSource - HikariPool-1 - Start completed.
2026-04-23 21:52:59.005  INFO [main] o.h.o.c.pooling - HHH10001005: Database info:
	Database JDBC URL [jdbc:h2:mem:alunos_db]
	Database driver: H2 JDBC Driver
	Database dialect: H2Dialect
	Database version: 2.4.240
	Default catalog/schema: ALUNOS_DB/PUBLIC
	Autocommit mode: undefined/unknown
	Isolation level: READ_COMMITTED [default READ_COMMITTED]
	JDBC fetch size: 100
	Pool: DataSourceConnectionProvider
	Minimum pool size: undefined/unknown
	Maximum pool size: undefined/unknown
2026-04-23 21:52:59.381  INFO [main] o.h.o.core - HHH000489: No JTA platform available (set 'hibernate.transaction.jta.platform' to enable JTA platform integration)
2026-04-23 21:52:59.382  INFO [main] o.h.o.j.batch - HHH100501: Automatic JDBC statement batching enabled (maximum batch size 100)
2026-04-23 21:52:59.413  INFO [main] o.s.o.j.LocalContainerEntityManagerFactoryBean - Initialized JPA EntityManagerFactory for persistence unit 'default'
2026-04-23 21:52:59.451  INFO [main] o.s.d.j.r.q.QueryEnhancerFactories - Hibernate is in classpath; If applicable, HQL parser will be used.
2026-04-23 21:52:59.543  INFO [main] o.s.s.c.a.a.c.InitializeUserDetailsBeanManagerConfigurer$InitializeUserDetailsManagerConfigurer - Global AuthenticationManager configured with UserDetailsService bean with name userDetailsServiceImpl
2026-04-23 21:52:59.913  INFO [main] o.s.b.t.TomcatWebServer - Tomcat started on port 8081 (http) with context path '/api/v1'
2026-04-23 21:52:59.917  INFO [main] c.b.i.l.LoginApplication - Started LoginApplication in 2.564 seconds (process running for 2.749)
2026-04-23 21:53:03.184  INFO [http-nio-8081-exec-2] o.a.c.c.C.[.[.[/api/v1] - Initializing Spring DispatcherServlet 'dispatcherServlet'
2026-04-23 21:53:03.184  INFO [http-nio-8081-exec-2] o.s.w.s.DispatcherServlet - Initializing Servlet 'dispatcherServlet'
2026-04-23 21:53:03.187  INFO [http-nio-8081-exec-2] o.s.w.s.DispatcherServlet - Completed initialization in 3 ms
2026-04-23 21:53:11.116  INFO [SpringApplicationShutdownHook] o.s.b.t.GracefulShutdown - Commencing graceful shutdown. Waiting for active requests to complete
2026-04-23 21:53:11.128  INFO [tomcat-shutdown] o.s.b.t.GracefulShutdown - Graceful shutdown complete
2026-04-23 21:53:11.258  INFO [SpringApplicationShutdownHook] o.s.o.j.LocalContainerEntityManagerFactoryBean - Closing JPA EntityManagerFactory for persistence unit 'default'
2026-04-23 21:53:11.260  INFO [SpringApplicationShutdownHook] c.z.h.HikariDataSource - HikariPool-1 - Shutdown initiated...
2026-04-23 21:53:11.261  INFO [SpringApplicationShutdownHook] c.z.h.HikariDataSource - HikariPool-1 - Shutdown completed.
